timestamp,open,high,low,close,volume,oi
2026-05-22 09:15:00+05:30,120.5,122.0,120.1,121.91,1408089,0
2026-05-22 09:30:00+05:30,121.91,122.6,121.53,121.87,694867,0
2026-05-22 09:45:00+05:30,121.87,122.5,121.66,122.03,472157,0
2026-05-22 10:00:00+05:30,122.03,122.15,121.22,121.3,316234,0
2026-05-22 10:15:00+05:30,121.36,121.43,121.0,121.16,282782,0
2026-05-22 10:30:00+05:30,121.22,122.45,120.9,122.2,587102,0
2026-05-22 10:45:00+05:30,122.2,122.49,121.48,121.73,460798,0
2026-05-22 11:00:00+05:30,121.73,121.95,121.65,121.85,57191,0
2026-05-22 11:15:00+05:30,121.85,121.86,121.51,121.57,86739,0
2026-05-22 11:30:00+05:30,121.51,121.69,120.87,121.3,860320,0
2026-05-22 11:45:00+05:30,121.32,121.42,120.85,121.27,456073,0
2026-05-22 12:00:00+05:30,121.28,121.5,121.2,121.29,80370,0
2026-05-22 12:15:00+05:30,121.29,121.43,121.05,121.08,60282,0
2026-05-22 12:30:00+05:30,121.1,121.38,121.1,121.35,116027,0
2026-05-22 12:45:00+05:30,121.35,121.4,120.9,120.9,481941,0
2026-05-22 13:00:00+05:30,120.95,121.0,120.6,120.71,143871,0
2026-05-22 13:15:00+05:30,120.71,120.8,120.5,120.79,162861,0
2026-05-22 13:30:00+05:30,120.79,121.3,120.5,121.25,1507714,0
2026-05-22 13:45:00+05:30,121.25,121.41,120.57,120.75,618955,0
2026-05-22 14:00:00+05:30,120.78,120.86,120.6,120.75,94325,0
2026-05-22 14:15:00+05:30,120.75,120.89,120.66,120.69,90665,0
2026-05-22 14:30:00+05:30,120.66,120.73,120.05,120.09,454026,0
2026-05-22 14:45:00+05:30,120.09,120.47,120.01,120.28,525841,0
2026-05-22 15:00:00+05:30,120.29,120.5,120.1,120.43,543329,0
2026-05-22 15:15:00+05:30,120.43,120.6,120.05,120.55,595249,0
2026-05-25 09:15:00+05:30,121.0,123.59,121.0,123.31,1770675,0
2026-05-25 09:30:00+05:30,123.38,124.7,122.61,124.45,1741362,0
2026-05-25 09:45:00+05:30,124.35,124.55,122.6,123.81,1425009,0
2026-05-25 10:00:00+05:30,123.7,124.4,123.5,124.2,448554,0
2026-05-25 10:15:00+05:30,124.2,124.2,123.72,123.82,290274,0
2026-05-25 10:30:00+05:30,123.82,124.08,123.2,123.5,235229,0
2026-05-25 10:45:00+05:30,123.48,124.4,123.24,124.25,621806,0
2026-05-25 11:00:00+05:30,124.2,124.3,124.08,124.25,144582,0
2026-05-25 11:15:00+05:30,124.25,124.27,123.65,123.65,333580,0
2026-05-25 11:30:00+05:30,123.73,123.75,123.06,123.17,287264,0
2026-05-25 11:45:00+05:30,123.18,123.55,123.01,123.47,177259,0
2026-05-25 12:00:00+05:30,123.48,123.7,123.01,123.25,382941,0
2026-05-25 12:15:00+05:30,123.25,123.38,123.12,123.2,87441,0
2026-05-25 12:30:00+05:30,123.2,123.36,123.17,123.33,153257,0
2026-05-25 12:45:00+05:30,123.3,123.4,123.02,123.17,133989,0
2026-05-25 13:00:00+05:30,123.26,123.34,122.72,123.09,280822,0
2026-05-25 13:15:00+05:30,123.06,123.35,123.02,123.3,79167,0
2026-05-25 13:30:00+05:30,123.3,123.49,123.19,123.28,115637,0
2026-05-25 13:45:00+05:30,123.22,123.38,123.04,123.1,62410,0
2026-05-25 14:00:00+05:30,123.1,123.15,122.7,122.72,129853,0
2026-05-25 14:15:00+05:30,122.78,124.8,122.34,123.66,2000951,0
2026-05-25 14:30:00+05:30,123.7,124.25,123.63,124.0,394308,0
2026-05-25 14:45:00+05:30,124.0,124.1,123.76,123.9,201142,0
2026-05-25 15:00:00+05:30,123.89,124.95,123.68,124.82,917752,0
2026-05-25 15:15:00+05:30,124.82,124.95,124.47,124.8,869771,0
2026-05-26 09:15:00+05:30,125.0,129.0,124.97,128.27,3528262,0
2026-05-26 09:30:00+05:30,128.34,128.8,127.9,128.66,993089,0
2026-05-26 09:45:00+05:30,128.67,128.68,127.3,127.92,912620,0
2026-05-26 10:00:00+05:30,127.99,128.9,127.26,128.38,1035237,0
2026-05-26 10:15:00+05:30,128.28,128.5,128.06,128.32,231351,0
2026-05-26 10:30:00+05:30,128.4,128.74,128.28,128.57,324751,0
2026-05-26 10:45:00+05:30,128.57,128.61,128.3,128.31,180042,0
2026-05-26 11:00:00+05:30,128.38,128.45,128.11,128.22,112018,0
2026-05-26 11:15:00+05:30,128.29,128.36,128.12,128.23,148834,0
2026-05-26 11:30:00+05:30,128.23,128.59,128.2,128.45,144614,0
2026-05-26 11:45:00+05:30,128.45,128.5,128.23,128.32,165304,0
2026-05-26 12:00:00+05:30,128.32,128.64,128.25,128.64,164514,0
2026-05-26 12:15:00+05:30,128.6,128.64,128.39,128.48,118992,0
2026-05-26 12:30:00+05:30,128.48,128.5,127.71,127.87,794177,0
2026-05-26 12:45:00+05:30,127.94,128.25,127.8,128.16,311618,0
2026-05-26 13:00:00+05:30,128.16,128.17,127.89,128.15,124423,0
2026-05-26 13:15:00+05:30,128.1,128.24,128.0,128.04,119955,0
2026-05-26 13:30:00+05:30,128.12,128.24,128.04,128.1,97219,0
2026-05-26 13:45:00+05:30,128.13,128.24,127.9,127.98,156774,0
2026-05-26 14:00:00+05:30,127.9,127.97,127.41,127.6,286414,0
2026-05-26 14:15:00+05:30,127.55,127.92,127.25,127.88,229576,0
2026-05-26 14:30:00+05:30,127.88,127.9,127.35,127.66,304992,0
2026-05-26 14:45:00+05:30,127.65,127.9,127.52,127.52,199753,0
2026-05-26 15:00:00+05:30,127.55,127.9,127.3,127.9,331039,0
2026-05-26 15:15:00+05:30,127.86,128.4,127.5,128.26,870324,0
2026-05-27 09:15:00+05:30,128.42,130.5,128.0,129.77,1629652,0
2026-05-27 09:30:00+05:30,129.77,129.94,128.76,129.29,691962,0
2026-05-27 09:45:00+05:30,129.22,129.3,128.8,128.96,561890,0
2026-05-27 10:00:00+05:30,128.96,129.0,128.28,128.8,421648,0
2026-05-27 10:15:00+05:30,128.73,128.88,128.6,128.85,127431,0
2026-05-27 10:30:00+05:30,128.81,129.0,128.5,128.63,330992,0
2026-05-27 10:45:00+05:30,128.54,129.06,128.51,128.81,141168,0
2026-05-27 11:00:00+05:30,128.85,128.9,128.5,128.6,162374,0
2026-05-27 11:15:00+05:30,128.65,128.86,128.57,128.76,81765,0
2026-05-27 11:30:00+05:30,128.8,128.9,128.61,128.77,82091,0
2026-05-27 11:45:00+05:30,128.77,128.99,128.7,128.8,130140,0
2026-05-27 12:00:00+05:30,128.75,128.84,128.54,128.58,83884,0
2026-05-27 12:15:00+05:30,128.65,128.7,128.27,128.31,137975,0
2026-05-27 12:30:00+05:30,128.36,129.1,128.36,128.96,814011,0
2026-05-27 12:45:00+05:30,128.88,130.0,128.73,129.27,977174,0
2026-05-27 13:00:00+05:30,129.26,129.69,129.17,129.58,146848,0
2026-05-27 13:15:00+05:30,129.58,129.58,129.17,129.3,162691,0
2026-05-27 13:30:00+05:30,129.3,129.42,129.12,129.25,100176,0
2026-05-27 13:45:00+05:30,129.18,129.36,129.11,129.3,86344,0
2026-05-27 14:00:00+05:30,129.35,129.47,129.22,129.37,312973,0
2026-05-27 14:15:00+05:30,129.32,129.37,129.03,129.14,114251,0
2026-05-27 14:30:00+05:30,129.2,129.22,129.0,129.05,112945,0
2026-05-27 14:45:00+05:30,129.07,129.07,128.55,128.9,234910,0
2026-05-27 15:00:00+05:30,128.9,129.0,128.8,128.94,300666,0
2026-05-27 15:15:00+05:30,128.94,129.0,128.8,128.96,620157,0
2026-05-29 09:15:00+05:30,129.55,130.1,128.6,128.94,1287827,0
2026-05-29 09:30:00+05:30,128.94,129.16,128.0,128.15,656824,0
2026-05-29 09:45:00+05:30,128.15,130.1,128.0,130.02,1465531,0
2026-05-29 10:00:00+05:30,129.93,129.96,129.07,129.25,204657,0
2026-05-29 10:15:00+05:30,129.21,130.5,129.0,130.0,641087,0
2026-05-29 10:30:00+05:30,130.0,130.59,129.79,130.1,504746,0
2026-05-29 10:45:00+05:30,130.1,130.1,129.85,129.93,141814,0
2026-05-29 11:00:00+05:30,129.93,129.93,129.4,129.6,142588,0
2026-05-29 11:15:00+05:30,129.59,129.73,129.5,129.68,97149,0
2026-05-29 11:30:00+05:30,129.59,129.73,129.2,129.3,145773,0
2026-05-29 11:45:00+05:30,129.3,129.3,129.05,129.1,112534,0
2026-05-29 12:00:00+05:30,129.1,130.1,128.7,129.82,634639,0
2026-05-29 12:15:00+05:30,129.88,129.88,129.31,129.4,118028,0
2026-05-29 12:30:00+05:30,129.4,129.69,129.35,129.62,71749,0
2026-05-29 12:45:00+05:30,129.62,130.2,129.6,129.9,1830949,0
2026-05-29 13:00:00+05:30,129.9,130.0,129.52,129.52,125700,0
2026-05-29 13:15:00+05:30,129.52,129.68,129.2,129.2,220594,0
2026-05-29 13:30:00+05:30,129.27,129.27,129.0,129.12,136666,0
2026-05-29 13:45:00+05:30,129.1,129.28,128.79,128.87,179597,0
2026-05-29 14:00:00+05:30,128.95,129.44,128.72,129.08,290397,0
2026-05-29 14:15:00+05:30,129.07,129.39,129.02,129.24,55752,0
2026-05-29 14:30:00+05:30,129.24,129.5,129.0,129.38,186710,0
2026-05-29 14:45:00+05:30,129.38,129.48,129.22,129.34,74832,0
2026-05-29 15:00:00+05:30,129.34,129.47,129.05,129.08,557966,0
2026-05-29 15:15:00+05:30,129.08,129.18,128.85,128.99,759582,0
2026-06-01 09:15:00+05:30,129.65,131.5,129.15,130.23,2855171,0
2026-06-01 09:30:00+05:30,130.32,131.1,129.81,130.33,761548,0
2026-06-01 09:45:00+05:30,130.3,130.43,129.23,130.17,520219,0
2026-06-01 10:00:00+05:30,130.13,130.49,129.51,130.19,366628,0
2026-06-01 10:15:00+05:30,130.19,130.95,130.01,130.74,460270,0
2026-06-01 10:30:00+05:30,130.69,130.97,130.41,130.82,242704,0
2026-06-01 10:45:00+05:30,130.89,130.97,130.68,130.83,204438,0
2026-06-01 11:00:00+05:30,130.83,130.9,130.52,130.65,142492,0
2026-06-01 11:15:00+05:30,130.71,131.25,130.69,131.0,474347,0
2026-06-01 11:30:00+05:30,130.95,131.03,130.62,130.7,137127,0
2026-06-01 11:45:00+05:30,130.7,130.85,130.3,130.3,148943,0
2026-06-01 12:00:00+05:30,130.3,130.7,129.82,129.89,281951,0
2026-06-01 12:15:00+05:30,129.89,130.06,129.75,129.94,115652,0
2026-06-01 12:30:00+05:30,129.93,130.16,129.86,130.08,157292,0
2026-06-01 12:45:00+05:30,130.0,130.23,130.0,130.14,55593,0
2026-06-01 13:00:00+05:30,130.14,130.26,129.8,129.88,120530,0
2026-06-01 13:15:00+05:30,129.81,129.89,129.46,129.61,195712,0
2026-06-01 13:30:00+05:30,129.66,129.68,129.42,129.5,82650,0
2026-06-01 13:45:00+05:30,129.47,130.35,129.3,129.8,169918,0
2026-06-01 14:00:00+05:30,129.8,129.8,129.2,129.55,114209,0
2026-06-01 14:15:00+05:30,129.55,129.95,129.3,129.7,695018,0
2026-06-01 14:30:00+05:30,129.63,129.95,129.55,129.88,101033,0
2026-06-01 14:45:00+05:30,129.78,129.98,129.59,129.77,105522,0
2026-06-01 15:00:00+05:30,129.78,130.1,129.5,129.6,295194,0
2026-06-01 15:15:00+05:30,129.59,129.93,128.0,129.0,979578,0
2026-06-02 09:15:00+05:30,129.1,130.0,124.7,126.81,2456831,0
2026-06-02 09:30:00+05:30,126.81,129.4,125.0,128.79,1766325,0
2026-06-02 09:45:00+05:30,128.7,128.99,128.0,128.6,1010199,0
2026-06-02 10:00:00+05:30,128.55,128.9,128.5,128.63,184776,0
2026-06-02 10:15:00+05:30,128.63,128.63,127.41,128.35,314599,0
2026-06-02 10:30:00+05:30,128.31,128.35,127.7,127.94,129005,0
2026-06-02 10:45:00+05:30,127.95,128.15,127.01,127.34,137265,0
2026-06-02 11:00:00+05:30,127.34,128.07,127.2,127.72,726687,0
2026-06-02 11:15:00+05:30,127.71,128.32,127.59,127.6,187983,0
2026-06-02 11:30:00+05:30,127.67,127.69,127.0,127.03,161895,0
2026-06-02 11:45:00+05:30,127.03,127.34,126.81,126.93,108996,0
2026-06-02 12:00:00+05:30,126.93,128.11,126.71,127.51,248837,0
2026-06-02 12:15:00+05:30,127.55,128.35,127.2,127.82,567859,0
2026-06-02 12:30:00+05:30,127.82,128.4,127.75,128.13,1184912,0
2026-06-02 12:45:00+05:30,128.09,128.81,127.64,128.74,2782595,0
2026-06-02 13:00:00+05:30,128.74,128.74,128.13,128.26,172220,0
2026-06-02 13:15:00+05:30,128.26,128.38,128.1,128.26,56018,0
2026-06-02 13:30:00+05:30,128.28,128.38,128.0,128.0,110414,0
2026-06-02 13:45:00+05:30,128.06,128.3,127.92,127.98,271270,0
2026-06-02 14:00:00+05:30,128.03,128.28,127.91,128.2,50992,0
2026-06-02 14:15:00+05:30,128.25,128.6,128.0,128.08,391951,0
2026-06-02 14:30:00+05:30,128.07,128.28,128.0,128.07,55535,0
2026-06-02 14:45:00+05:30,128.07,128.15,127.95,128.07,52938,0
2026-06-02 15:00:00+05:30,128.07,128.48,127.76,128.25,336378,0
2026-06-02 15:15:00+05:30,128.25,128.9,128.0,128.7,472805,0
2026-06-03 09:15:00+05:30,129.11,129.49,128.0,129.26,1435899,0
2026-06-03 09:30:00+05:30,129.17,130.77,128.64,130.41,1233281,0
2026-06-03 09:45:00+05:30,130.4,130.45,129.0,129.0,427012,0
2026-06-03 10:00:00+05:30,129.08,129.41,128.62,129.12,256561,0
2026-06-03 10:15:00+05:30,129.11,129.29,129.0,129.07,92937,0
2026-06-03 10:30:00+05:30,129.01,129.2,128.7,128.9,82270,0
2026-06-03 10:45:00+05:30,128.97,129.0,128.5,128.5,2332834,0
2026-06-03 11:00:00+05:30,128.52,129.0,128.2,128.89,283928,0
2026-06-03 11:15:00+05:30,128.98,129.47,128.85,129.15,226163,0
2026-06-03 11:30:00+05:30,129.16,129.2,128.71,128.86,121013,0
2026-06-03 11:45:00+05:30,128.88,129.01,128.76,128.89,74326,0
2026-06-03 12:00:00+05:30,128.89,128.89,128.5,128.75,185896,0
2026-06-03 12:15:00+05:30,128.75,128.87,128.25,128.56,132675,0
2026-06-03 12:30:00+05:30,128.56,128.74,128.51,128.68,55545,0
2026-06-03 12:45:00+05:30,128.63,128.84,128.55,128.77,85571,0
2026-06-03 13:00:00+05:30,128.77,128.8,128.52,128.62,41963,0
2026-06-03 13:15:00+05:30,128.67,128.85,128.58,128.81,123607,0
2026-06-03 13:30:00+05:30,128.85,129.0,128.75,128.99,86448,0
2026-06-03 13:45:00+05:30,128.96,129.15,128.75,129.0,98968,0
2026-06-03 14:00:00+05:30,129.04,129.05,128.81,128.82,62584,0
2026-06-03 14:15:00+05:30,128.82,129.15,128.81,129.03,192638,0
2026-06-03 14:30:00+05:30,128.95,129.13,128.85,129.0,85525,0
2026-06-03 14:45:00+05:30,129.0,129.4,128.84,129.28,174544,0
2026-06-03 15:00:00+05:30,129.28,130.0,129.19,129.9,796002,0
2026-06-03 15:15:00+05:30,129.9,129.98,129.85,129.98,589442,0
2026-06-04 09:15:00+05:30,129.8,133.5,129.55,132.43,2669213,0
2026-06-04 09:30:00+05:30,132.49,132.89,131.93,132.53,674419,0
2026-06-04 09:45:00+05:30,132.45,132.6,131.8,132.32,306228,0
2026-06-04 10:00:00+05:30,132.38,132.48,131.8,132.08,242319,0
2026-06-04 10:15:00+05:30,132.08,132.1,130.64,130.92,514615,0
2026-06-04 10:30:00+05:30,131.0,132.85,130.92,132.23,512576,0
2026-06-04 10:45:00+05:30,132.23,132.69,132.1,132.15,281230,0
2026-06-04 11:00:00+05:30,132.15,132.2,131.8,131.95,144592,0
2026-06-04 11:15:00+05:30,131.95,132.0,131.76,131.88,104210,0
2026-06-04 11:30:00+05:30,131.87,132.0,131.75,131.94,104061,0
2026-06-04 11:45:00+05:30,131.92,131.94,131.61,131.75,82331,0
2026-06-04 12:00:00+05:30,131.75,132.0,131.2,131.94,364785,0
2026-06-04 12:15:00+05:30,131.87,132.49,131.83,132.35,371408,0
2026-06-04 12:30:00+05:30,132.35,132.4,132.2,132.33,105270,0
2026-06-04 12:45:00+05:30,132.38,132.49,132.18,132.42,139648,0
2026-06-04 13:00:00+05:30,132.42,132.47,132.01,132.19,82228,0
2026-06-04 13:15:00+05:30,132.27,132.5,132.19,132.34,204540,0
2026-06-04 13:30:00+05:30,132.4,133.49,132.34,133.14,907738,0
2026-06-04 13:45:00+05:30,133.14,134.55,133.1,134.18,2196670,0
2026-06-04 14:00:00+05:30,134.18,135.0,133.64,134.44,1866484,0
2026-06-04 14:15:00+05:30,134.43,134.65,133.51,133.68,1053969,0
2026-06-04 14:30:00+05:30,133.68,134.0,133.22,133.5,598884,0
2026-06-04 14:45:00+05:30,133.49,133.65,133.13,133.2,325591,0
2026-06-04 15:00:00+05:30,133.21,133.36,132.5,132.84,727540,0
2026-06-04 15:15:00+05:30,132.84,134.0,132.8,134.0,875761,0
2026-06-05 09:15:00+05:30,134.0,136.5,133.65,136.32,2354259,0
2026-06-05 09:30:00+05:30,136.4,136.95,135.6,136.82,1072506,0
2026-06-05 09:45:00+05:30,136.81,137.1,136.08,136.85,930781,0
2026-06-05 10:00:00+05:30,136.84,136.88,135.88,136.65,473805,0
2026-06-05 10:15:00+05:30,136.69,137.7,136.44,137.52,804439,0
2026-06-05 10:30:00+05:30,137.52,137.69,136.94,137.6,470806,0
2026-06-05 10:45:00+05:30,137.56,137.7,136.55,137.13,496604,0
2026-06-05 11:00:00+05:30,137.16,137.4,136.5,136.85,353386,0
2026-06-05 11:15:00+05:30,136.84,137.07,136.5,136.91,214231,0
2026-06-05 11:30:00+05:30,136.91,137.0,136.5,136.76,725845,0
2026-06-05 11:45:00+05:30,136.76,137.45,136.72,137.4,303165,0
2026-06-05 12:00:00+05:30,137.4,137.48,137.07,137.4,162277,0
2026-06-05 12:15:00+05:30,137.33,137.87,137.3,137.6,403047,0
2026-06-05 12:30:00+05:30,137.6,137.64,136.81,136.93,704334,0
2026-06-05 12:45:00+05:30,136.93,137.27,136.87,137.13,221899,0
2026-06-05 13:00:00+05:30,137.13,137.19,136.28,136.43,1411903,0
2026-06-05 13:15:00+05:30,136.4,136.5,135.65,135.84,478440,0
2026-06-05 13:30:00+05:30,135.83,136.0,135.0,135.1,464368,0
2026-06-05 13:45:00+05:30,135.14,136.23,135.0,136.08,403928,0
2026-06-05 14:00:00+05:30,136.08,136.39,135.78,136.11,300123,0
2026-06-05 14:15:00+05:30,136.1,136.39,135.86,136.38,122667,0
2026-06-05 14:30:00+05:30,136.38,136.81,136.24,136.77,348189,0
2026-06-05 14:45:00+05:30,136.76,137.0,136.31,136.48,221942,0
2026-06-05 15:00:00+05:30,136.49,136.6,136.03,136.5,388574,0
2026-06-05 15:15:00+05:30,136.53,137.9,136.5,137.6,1190162,0
2026-06-08 09:15:00+05:30,135.5,139.97,134.0,139.81,3686379,0
2026-06-08 09:30:00+05:30,139.75,139.98,138.89,139.67,1287962,0
2026-06-08 09:45:00+05:30,139.74,139.99,138.17,139.93,1376122,0
2026-06-08 10:00:00+05:30,139.93,139.99,139.5,139.55,1055895,0
2026-06-08 10:15:00+05:30,139.55,139.99,139.5,139.84,510240,0
2026-06-08 10:30:00+05:30,139.76,139.79,139.3,139.36,403085,0
2026-06-08 10:45:00+05:30,139.36,139.5,139.19,139.39,189527,0
2026-06-08 11:00:00+05:30,139.38,139.8,138.6,139.59,450531,0
2026-06-08 11:15:00+05:30,139.6,139.75,139.38,139.6,130022,0
2026-06-08 11:30:00+05:30,139.6,139.69,139.24,139.54,351765,0
2026-06-08 11:45:00+05:30,139.48,140.0,138.8,139.85,694847,0
2026-06-08 12:00:00+05:30,139.8,140.0,139.5,139.9,1188535,0
2026-06-08 12:15:00+05:30,139.87,139.99,139.75,139.93,211056,0
2026-06-08 12:30:00+05:30,139.98,140.0,139.6,139.95,476191,0
2026-06-08 12:45:00+05:30,139.93,139.98,139.81,139.93,109861,0
2026-06-08 13:00:00+05:30,139.94,140.0,139.62,140.0,260776,0
2026-06-08 13:15:00+05:30,140.0,140.9,139.82,140.66,767984,0
2026-06-08 13:30:00+05:30,140.57,140.77,140.3,140.42,307887,0
2026-06-08 13:45:00+05:30,140.49,140.55,140.0,140.31,292275,0
2026-06-08 14:00:00+05:30,140.23,140.85,139.4,140.39,908544,0
2026-06-08 14:15:00+05:30,140.39,140.7,140.22,140.6,370935,0
2026-06-08 14:30:00+05:30,140.6,141.0,140.45,140.93,474340,0
2026-06-08 14:45:00+05:30,140.9,141.69,140.26,140.86,1380526,0
2026-06-08 15:00:00+05:30,140.78,140.95,139.34,140.7,1262651,0
2026-06-08 15:15:00+05:30,140.74,140.99,139.51,140.43,1621595,0
2026-06-09 09:15:00+05:30,141.34,143.0,141.2,142.26,2261826,0
2026-06-09 09:30:00+05:30,142.26,142.71,141.51,142.57,2107238,0
2026-06-09 09:45:00+05:30,142.57,144.01,142.5,143.35,1316595,0
2026-06-09 10:00:00+05:30,143.43,144.45,143.31,144.0,1218862,0
2026-06-09 10:15:00+05:30,143.99,144.4,143.53,144.4,474986,0
2026-06-09 10:30:00+05:30,144.39,144.5,144.0,144.34,482203,0
2026-06-09 10:45:00+05:30,144.3,144.45,143.8,144.36,535014,0
2026-06-09 11:00:00+05:30,144.3,144.51,144.01,144.11,438374,0
2026-06-09 11:15:00+05:30,144.11,144.52,144.02,144.16,256414,0
2026-06-09 11:30:00+05:30,144.16,144.3,143.65,144.24,1088161,0
2026-06-09 11:45:00+05:30,144.24,144.55,144.08,144.52,313064,0
2026-06-09 12:00:00+05:30,144.53,144.85,144.0,144.28,1216770,0
2026-06-09 12:15:00+05:30,144.32,144.65,144.2,144.3,325980,0
2026-06-09 12:30:00+05:30,144.3,144.85,144.0,144.64,422617,0
2026-06-09 12:45:00+05:30,144.64,144.7,144.5,144.5,264962,0
2026-06-09 13:00:00+05:30,144.57,144.87,144.53,144.85,289722,0
2026-06-09 13:15:00+05:30,144.86,144.91,144.39,144.4,496014,0
2026-06-09 13:30:00+05:30,144.4,144.75,144.3,144.7,929393,0
2026-06-09 13:45:00+05:30,144.7,144.92,144.65,144.9,246618,0
2026-06-09 14:00:00+05:30,144.85,144.97,144.56,144.97,1694558,0
2026-06-09 14:15:00+05:30,144.97,145.4,144.78,145.35,844001,0
2026-06-09 14:30:00+05:30,145.37,145.99,145.3,145.95,1338456,0
2026-06-09 14:45:00+05:30,145.95,145.96,145.0,145.66,1513324,0
2026-06-09 15:00:00+05:30,145.71,145.99,145.1,145.98,703655,0
2026-06-09 15:15:00+05:30,145.98,146.0,145.6,146.0,1572603,0
2026-06-10 09:15:00+05:30,147.0,149.99,146.72,149.86,4291013,0
2026-06-10 09:30:00+05:30,149.84,150.0,148.65,149.9,3650251,0
2026-06-10 09:45:00+05:30,149.91,150.0,149.14,149.29,1206467,0
2026-06-10 10:00:00+05:30,149.29,149.69,149.0,149.5,633173,0
2026-06-10 10:15:00+05:30,149.41,149.85,149.16,149.8,394338,0
2026-06-10 10:30:00+05:30,149.8,149.91,149.6,149.87,364117,0
2026-06-10 10:45:00+05:30,149.86,149.9,149.6,149.69,267176,0
2026-06-10 11:00:00+05:30,149.69,149.85,149.5,149.72,188655,0
2026-06-10 11:15:00+05:30,149.73,149.75,149.4,149.4,167710,0
2026-06-10 11:30:00+05:30,149.44,149.5,149.0,149.08,306690,0
2026-06-10 11:45:00+05:30,149.09,149.4,148.66,149.36,516744,0
2026-06-10 12:00:00+05:30,149.36,149.55,149.1,149.55,141376,0
2026-06-10 12:15:00+05:30,149.55,149.6,149.25,149.33,160970,0
2026-06-10 12:30:00+05:30,149.35,149.47,149.21,149.29,126214,0
2026-06-10 12:45:00+05:30,149.29,149.58,149.18,149.41,133524,0
2026-06-10 13:00:00+05:30,149.5,150.0,149.44,150.0,363264,0
2026-06-10 13:15:00+05:30,149.96,150.78,149.57,150.65,2010137,0
2026-06-10 13:30:00+05:30,150.65,150.85,150.3,150.68,736956,0
2026-06-10 13:45:00+05:30,150.61,150.79,150.5,150.67,470980,0
2026-06-10 14:00:00+05:30,150.67,150.9,150.1,150.9,920759,0
2026-06-10 14:15:00+05:30,150.9,150.98,150.57,150.97,738445,0
2026-06-10 14:30:00+05:30,150.94,150.98,150.4,150.56,598947,0
2026-06-10 14:45:00+05:30,150.58,150.79,149.92,150.58,770705,0
2026-06-10 15:00:00+05:30,150.63,150.89,149.95,150.76,2153134,0
2026-06-10 15:15:00+05:30,150.76,151.0,150.7,150.98,1975544,0
2026-06-11 09:15:00+05:30,151.3,154.5,142.49,154.31,11904453,0
2026-06-11 09:30:00+05:30,154.31,156.6,153.5,155.37,5893934,0
2026-06-11 09:45:00+05:30,155.27,156.0,154.8,155.61,3749303,0
2026-06-11 10:00:00+05:30,155.59,156.0,155.11,155.65,2813038,0
2026-06-11 10:15:00+05:30,155.71,155.97,155.03,155.11,1295983,0
2026-06-11 10:30:00+05:30,155.14,155.87,154.18,155.5,1366061,0
2026-06-11 10:45:00+05:30,155.5,156.0,155.3,155.57,947003,0
2026-06-11 11:00:00+05:30,155.57,155.79,154.41,154.9,944098,0
2026-06-11 11:15:00+05:30,154.9,155.11,154.6,154.91,791463,0
2026-06-11 11:30:00+05:30,154.91,155.82,154.7,155.33,713567,0
2026-06-11 11:45:00+05:30,155.4,155.67,155.15,155.44,265322,0
2026-06-11 12:00:00+05:30,155.51,155.98,155.0,155.93,1558669,0
2026-06-11 12:15:00+05:30,155.85,155.96,154.0,154.87,932581,0
2026-06-11 12:30:00+05:30,154.97,155.08,151.73,151.99,2169434,0
2026-06-11 12:45:00+05:30,151.92,154.19,151.05,153.58,2204548,0
2026-06-11 13:00:00+05:30,153.58,154.0,152.1,152.55,801708,0
2026-06-11 13:15:00+05:30,152.59,153.2,152.52,153.13,438136,0
2026-06-11 13:30:00+05:30,153.13,153.45,152.63,152.92,331856,0
2026-06-11 13:45:00+05:30,152.92,153.98,152.6,153.58,1505816,0
2026-06-11 14:00:00+05:30,153.58,153.72,152.62,152.95,281185,0
2026-06-11 14:15:00+05:30,152.88,153.99,152.0,153.85,803847,0
2026-06-11 14:30:00+05:30,153.9,155.38,153.9,154.64,1031107,0
2026-06-11 14:45:00+05:30,154.7,155.5,154.64,155.22,589569,0
2026-06-11 15:00:00+05:30,155.3,155.3,154.0,154.94,1022690,0
2026-06-11 15:15:00+05:30,154.94,155.99,154.61,155.9,1907987,0
2026-06-12 09:15:00+05:30,157.66,159.7,157.0,158.13,4552360,0
2026-06-12 09:30:00+05:30,158.13,159.7,157.81,159.45,1954494,0
2026-06-12 09:45:00+05:30,159.4,159.95,159.11,159.75,1734931,0
2026-06-12 10:00:00+05:30,159.85,159.98,159.5,159.91,1379150,0
2026-06-12 10:15:00+05:30,159.81,159.98,159.53,159.65,577468,0
2026-06-12 10:30:00+05:30,159.69,159.85,159.21,159.66,558470,0
2026-06-12 10:45:00+05:30,159.68,159.79,159.35,159.65,278336,0
2026-06-12 11:00:00+05:30,159.63,159.68,158.9,159.45,465588,0
2026-06-12 11:15:00+05:30,159.5,159.9,159.4,159.78,378553,0
2026-06-12 11:30:00+05:30,159.72,159.86,159.6,159.64,141674,0
2026-06-12 11:45:00+05:30,159.65,159.85,159.6,159.83,246877,0
2026-06-12 12:00:00+05:30,159.84,159.9,159.72,159.89,269344,0
2026-06-12 12:15:00+05:30,159.89,159.96,159.78,159.86,294500,0
2026-06-12 12:30:00+05:30,159.93,159.98,159.32,159.4,957109,0
2026-06-12 12:45:00+05:30,159.4,159.74,158.69,158.8,759398,0
2026-06-12 13:00:00+05:30,158.76,159.35,158.51,159.35,394553,0
2026-06-12 13:15:00+05:30,159.29,159.92,159.13,159.75,339623,0
2026-06-12 13:30:00+05:30,159.75,159.93,159.52,159.7,948380,0
2026-06-12 13:45:00+05:30,159.77,159.99,159.7,159.99,995946,0
2026-06-12 14:00:00+05:30,159.99,159.99,159.5,159.71,347984,0
2026-06-12 14:15:00+05:30,159.75,159.99,159.68,159.88,1090126,0
2026-06-12 14:30:00+05:30,159.84,159.98,159.79,159.98,408273,0
2026-06-12 14:45:00+05:30,159.98,159.98,159.7,159.92,478507,0
2026-06-12 15:00:00+05:30,159.95,159.99,159.81,159.98,850658,0
2026-06-12 15:15:00+05:30,159.99,160.0,159.8,160.0,2278035,0
2026-06-15 09:15:00+05:30,163.75,164.48,162.36,163.91,3372314,0
2026-06-15 09:30:00+05:30,164.0,164.49,163.85,164.2,1252502,0
2026-06-15 09:45:00+05:30,164.34,164.55,163.2,164.4,1733209,0
2026-06-15 10:00:00+05:30,164.34,164.6,163.91,164.36,960601,0
2026-06-15 10:15:00+05:30,164.36,164.59,164.05,164.45,676332,0
2026-06-15 10:30:00+05:30,164.4,164.75,164.33,164.75,513750,0
2026-06-15 10:45:00+05:30,164.75,164.8,164.62,164.79,275174,0
2026-06-15 11:00:00+05:30,164.79,164.85,164.5,164.83,614188,0
2026-06-15 11:15:00+05:30,164.83,164.83,164.51,164.78,289502,0
2026-06-15 11:30:00+05:30,164.75,164.88,164.64,164.75,609874,0
2026-06-15 11:45:00+05:30,164.81,164.81,164.4,164.65,252796,0
2026-06-15 12:00:00+05:30,164.65,164.84,164.6,164.83,147467,0
2026-06-15 12:15:00+05:30,164.8,164.85,164.67,164.8,155907,0
2026-06-15 12:30:00+05:30,164.8,164.9,164.68,164.89,301522,0
2026-06-15 12:45:00+05:30,164.84,164.89,164.75,164.8,125559,0
2026-06-15 13:00:00+05:30,164.88,164.9,164.75,164.85,193702,0
2026-06-15 13:15:00+05:30,164.85,164.9,164.75,164.9,125741,0
2026-06-15 13:30:00+05:30,164.9,164.9,164.8,164.9,134183,0
2026-06-15 13:45:00+05:30,164.9,164.9,164.7,164.73,1030121,0
2026-06-15 14:00:00+05:30,164.78,164.88,164.6,164.84,200151,0
2026-06-15 14:15:00+05:30,164.85,164.95,164.75,164.93,263247,0
2026-06-15 14:30:00+05:30,164.93,164.95,163.71,164.09,1711828,0
2026-06-15 14:45:00+05:30,164.09,164.88,164.02,164.69,552585,0
2026-06-15 15:00:00+05:30,164.69,164.95,164.37,164.92,907726,0
2026-06-15 15:15:00+05:30,164.94,164.97,164.5,164.97,2002217,0
2026-06-16 09:15:00+05:30,164.1,164.5,152.52,162.86,9626259,0
2026-06-16 09:30:00+05:30,162.84,163.99,161.74,163.16,3802787,0
2026-06-16 09:45:00+05:30,163.16,164.75,163.0,164.54,2404968,0
2026-06-16 10:00:00+05:30,164.53,164.75,164.0,164.49,1054055,0
2026-06-16 10:15:00+05:30,164.49,164.94,164.11,164.7,1647062,0
2026-06-16 10:30:00+05:30,164.74,164.88,164.01,164.46,721742,0
2026-06-16 10:45:00+05:30,164.44,164.85,164.27,164.38,438222,0
2026-06-16 11:00:00+05:30,164.47,164.95,164.09,164.78,959707,0
2026-06-16 11:15:00+05:30,164.71,164.93,164.55,164.93,292763,0
2026-06-16 11:30:00+05:30,164.93,165.0,164.41,164.44,1118704,0
2026-06-16 11:45:00+05:30,164.53,164.68,164.22,164.58,251116,0
2026-06-16 12:00:00+05:30,164.58,164.7,164.31,164.59,138160,0
2026-06-16 12:15:00+05:30,164.62,164.7,164.45,164.52,196400,0
2026-06-16 12:30:00+05:30,164.52,164.65,164.32,164.41,195552,0
2026-06-16 12:45:00+05:30,164.43,164.7,164.12,164.15,306084,0
2026-06-16 13:00:00+05:30,164.15,164.4,164.06,164.17,174312,0
2026-06-16 13:15:00+05:30,164.2,164.49,163.65,163.85,1167698,0
2026-06-16 13:30:00+05:30,163.92,164.65,163.65,164.37,381007,0
2026-06-16 13:45:00+05:30,164.37,164.6,164.18,164.48,150284,0
2026-06-16 14:00:00+05:30,164.4,164.6,164.35,164.57,191358,0
2026-06-16 14:15:00+05:30,164.51,165.0,164.5,164.85,2517567,0
2026-06-16 14:30:00+05:30,164.87,164.99,164.51,164.53,460287,0
2026-06-16 14:45:00+05:30,164.56,164.99,164.51,164.93,1668210,0
2026-06-16 15:00:00+05:30,164.83,164.99,164.81,164.99,761851,0
2026-06-16 15:15:00+05:30,164.93,164.99,164.5,164.99,1812406,0
2026-06-17 09:15:00+05:30,164.99,169.88,164.99,169.44,3891553,0
2026-06-17 09:30:00+05:30,169.53,169.99,169.12,169.8,1311880,0
2026-06-17 09:45:00+05:30,169.8,169.8,169.41,169.6,448823,0
2026-06-17 10:00:00+05:30,169.6,169.83,169.5,169.83,273033,0
2026-06-17 10:15:00+05:30,169.74,169.99,169.61,169.84,631657,0
2026-06-17 10:30:00+05:30,169.84,169.89,169.56,169.7,311162,0
2026-06-17 10:45:00+05:30,169.74,169.8,169.06,169.35,702618,0
2026-06-17 11:00:00+05:30,169.4,169.69,169.3,169.68,228215,0
2026-06-17 11:15:00+05:30,169.68,170.0,169.6,169.93,638786,0
2026-06-17 11:30:00+05:30,169.93,169.98,169.66,169.9,265307,0
2026-06-17 11:45:00+05:30,169.9,169.98,169.8,169.98,162483,0
2026-06-17 12:00:00+05:30,169.98,169.99,169.9,169.98,227941,0
2026-06-17 12:15:00+05:30,169.98,170.0,169.8,169.94,790781,0
2026-06-17 12:30:00+05:30,169.92,169.97,169.85,169.96,200031,0
2026-06-17 12:45:00+05:30,169.96,169.97,169.88,169.95,116192,0
2026-06-17 13:00:00+05:30,169.95,169.97,169.85,169.96,199142,0
2026-06-17 13:15:00+05:30,169.96,170.0,169.85,169.99,297856,0
2026-06-17 13:30:00+05:30,169.99,170.49,169.85,170.46,761176,0
2026-06-17 13:45:00+05:30,170.43,170.89,170.07,170.79,1058510,0
2026-06-17 14:00:00+05:30,170.76,171.0,170.61,170.86,1033757,0
2026-06-17 14:15:00+05:30,170.86,171.0,170.41,170.59,1386297,0
2026-06-17 14:30:00+05:30,170.58,170.89,170.46,170.7,475901,0
2026-06-17 14:45:00+05:30,170.7,170.94,170.0,170.76,646821,0
2026-06-17 15:00:00+05:30,170.75,170.9,169.75,170.0,1345790,0
2026-06-17 15:15:00+05:30,169.99,170.0,155.0,160.9,5234759,0
2026-06-18 09:15:00+05:30,162.98,167.0,162.5,162.98,6804638,0
2026-06-18 09:30:00+05:30,162.96,166.2,161.23,164.73,4999303,0
2026-06-18 09:45:00+05:30,164.87,169.7,164.72,169.09,4697927,0
2026-06-18 10:00:00+05:30,169.24,170.0,168.6,169.52,3423024,0
2026-06-18 10:15:00+05:30,169.52,170.48,168.81,170.13,2699067,0
2026-06-18 10:30:00+05:30,170.13,170.5,168.8,169.05,987896,0
2026-06-18 10:45:00+05:30,169.1,169.7,168.65,169.34,550538,0
2026-06-18 11:00:00+05:30,169.4,169.62,168.75,169.1,345130,0
2026-06-18 11:15:00+05:30,169.1,169.58,168.7,169.21,273154,0
2026-06-18 11:30:00+05:30,169.21,169.98,169.01,169.33,488210,0
2026-06-18 11:45:00+05:30,169.39,169.7,169.2,169.65,236926,0
2026-06-18 12:00:00+05:30,169.6,169.68,169.3,169.3,159392,0
2026-06-18 12:15:00+05:30,169.39,169.6,168.82,169.37,457354,0
2026-06-18 12:30:00+05:30,169.37,169.55,169.08,169.15,128147,0
2026-06-18 12:45:00+05:30,169.2,169.2,168.74,168.86,270037,0
2026-06-18 13:00:00+05:30,168.85,169.56,167.81,169.36,912317,0
2026-06-18 13:15:00+05:30,169.4,169.49,168.73,169.18,252648,0
2026-06-18 13:30:00+05:30,169.18,169.29,168.57,168.92,427096,0
2026-06-18 13:45:00+05:30,168.83,168.94,168.01,168.11,282565,0
2026-06-18 14:00:00+05:30,168.19,168.44,168.0,168.27,288118,0
2026-06-18 14:15:00+05:30,168.34,168.8,166.84,168.12,873423,0
2026-06-18 14:30:00+05:30,168.11,168.14,167.25,167.48,357074,0
2026-06-18 14:45:00+05:30,167.46,167.8,167.3,167.59,378961,0
2026-06-18 15:00:00+05:30,167.6,167.99,167.06,167.99,742034,0
2026-06-18 15:15:00+05:30,167.99,170.0,167.99,169.95,2792709,0
2026-06-19 09:15:00+05:30,170.25,175.0,170.25,174.7,4533913,0
2026-06-19 09:30:00+05:30,174.84,174.99,174.11,174.97,1798101,0
2026-06-19 09:45:00+05:30,174.97,174.99,174.45,174.88,1170765,0
2026-06-19 10:00:00+05:30,174.85,175.35,174.53,175.35,1461092,0
2026-06-19 10:15:00+05:30,175.35,175.99,175.35,175.95,1595432,0
2026-06-19 10:30:00+05:30,175.98,175.99,175.51,175.99,692092,0
2026-06-19 10:45:00+05:30,175.99,176.0,175.32,175.7,624753,0
2026-06-19 11:00:00+05:30,175.7,176.0,175.61,175.94,530894,0
2026-06-19 11:15:00+05:30,175.94,176.0,175.07,175.69,597705,0
2026-06-19 11:30:00+05:30,175.76,175.96,175.52,175.95,333178,0
2026-06-19 11:45:00+05:30,175.95,175.98,175.71,175.95,295184,0
2026-06-19 12:00:00+05:30,175.95,175.99,175.71,175.98,272549,0
2026-06-19 12:15:00+05:30,175.98,176.0,175.8,175.94,487122,0
2026-06-19 12:30:00+05:30,175.99,176.55,175.54,176.48,1685780,0
2026-06-19 12:45:00+05:30,176.5,176.99,176.35,176.98,836932,0
2026-06-19 13:00:00+05:30,176.92,176.99,176.7,176.93,537337,0
2026-06-19 13:15:00+05:30,176.88,176.98,176.3,176.9,664177,0
2026-06-19 13:30:00+05:30,176.82,176.99,176.77,176.95,922967,0
2026-06-19 13:45:00+05:30,176.95,176.99,176.55,176.97,2391903,0
2026-06-19 14:00:00+05:30,176.97,176.99,176.9,176.99,402562,0
2026-06-19 14:15:00+05:30,176.94,176.99,176.56,176.77,506604,0
2026-06-19 14:30:00+05:30,176.77,176.95,176.6,176.84,323943,0
2026-06-19 14:45:00+05:30,176.9,176.99,176.79,176.95,837651,0
2026-06-19 15:00:00+05:30,176.97,176.99,175.3,175.8,1884118,0
2026-06-19 15:15:00+05:30,175.53,177.0,175.53,177.0,6743905,0
2026-06-22 09:15:00+05:30,178.61,179.25,174.01,177.89,8641605,0
2026-06-22 09:30:00+05:30,177.94,177.99,176.0,177.21,2622820,0
2026-06-22 09:45:00+05:30,177.13,177.74,175.21,175.7,1765662,0
2026-06-22 10:00:00+05:30,175.68,176.89,175.13,176.59,1277321,0
2026-06-22 10:15:00+05:30,176.59,176.76,175.65,175.76,702648,0
2026-06-22 10:30:00+05:30,175.85,178.5,175.5,177.85,1343012,0
2026-06-22 10:45:00+05:30,177.85,179.5,177.65,179.17,1578803,0
2026-06-22 11:00:00+05:30,179.34,179.45,178.5,179.0,972494,0
2026-06-22 11:15:00+05:30,179.0,179.5,178.89,179.27,569158,0
2026-06-22 11:30:00+05:30,179.21,179.5,178.53,178.78,1066963,0
2026-06-22 11:45:00+05:30,178.78,178.78,178.1,178.47,453968,0
2026-06-22 12:00:00+05:30,178.4,178.89,178.36,178.88,247091,0
2026-06-22 12:15:00+05:30,178.78,179.45,178.71,179.1,348842,0
2026-06-22 12:30:00+05:30,179.17,179.2,178.76,178.94,191068,0
2026-06-22 12:45:00+05:30,178.94,179.3,178.85,179.1,200092,0
2026-06-22 13:00:00+05:30,179.1,179.2,178.9,179.16,145364,0
2026-06-22 13:15:00+05:30,179.06,179.44,179.01,179.26,350574,0
2026-06-22 13:30:00+05:30,179.27,179.3,179.0,179.2,184787,0
2026-06-22 13:45:00+05:30,179.2,179.23,178.65,178.95,238127,0
2026-06-22 14:00:00+05:30,178.95,179.5,178.6,178.7,710560,0
2026-06-22 14:15:00+05:30,178.65,179.85,178.62,179.24,1242831,0
2026-06-22 14:30:00+05:30,179.2,179.46,178.51,179.11,545492,0
2026-06-22 14:45:00+05:30,179.11,179.8,179.01,179.55,527306,0
2026-06-22 15:00:00+05:30,179.53,179.9,179.03,179.79,2602520,0
2026-06-22 15:15:00+05:30,179.78,179.95,179.53,179.95,2713572,0
2026-06-23 09:15:00+05:30,180.5,182.5,180.49,181.48,2863644,0
2026-06-23 09:30:00+05:30,181.5,182.47,181.0,182.2,1258803,0
2026-06-23 09:45:00+05:30,182.2,182.45,181.91,182.39,622270,0
2026-06-23 10:00:00+05:30,182.39,182.49,182.0,182.3,456379,0
2026-06-23 10:15:00+05:30,182.23,182.47,182.1,182.21,330819,0
2026-06-23 10:30:00+05:30,182.12,182.38,181.91,182.29,380719,0
2026-06-23 10:45:00+05:30,182.29,182.5,182.03,182.3,408677,0
2026-06-23 11:00:00+05:30,182.3,182.5,182.0,182.15,732867,0
2026-06-23 11:15:00+05:30,182.14,182.25,181.7,181.89,485388,0
2026-06-23 11:30:00+05:30,181.89,182.0,181.2,181.47,350621,0
2026-06-23 11:45:00+05:30,181.47,182.15,181.2,181.25,358037,0
2026-06-23 12:00:00+05:30,181.3,181.85,181.0,181.85,394426,0
2026-06-23 12:15:00+05:30,181.8,182.2,181.57,182.1,436469,0
2026-06-23 12:30:00+05:30,182.18,182.25,181.76,182.05,231850,0
2026-06-23 12:45:00+05:30,182.05,182.07,181.05,181.79,476577,0
2026-06-23 13:00:00+05:30,181.91,181.91,181.63,181.77,163865,0
2026-06-23 13:15:00+05:30,181.76,182.0,181.61,181.97,146493,0
2026-06-23 13:30:00+05:30,181.97,182.57,181.75,182.26,484689,0
2026-06-23 13:45:00+05:30,182.26,182.34,181.95,182.0,149579,0
2026-06-23 14:00:00+05:30,182.08,182.2,181.95,182.08,157120,0
2026-06-23 14:15:00+05:30,182.19,182.26,182.0,182.12,183247,0
2026-06-23 14:30:00+05:30,182.12,182.19,181.8,181.9,245003,0
2026-06-23 14:45:00+05:30,181.9,181.98,181.5,181.85,276950,0
2026-06-23 15:00:00+05:30,181.85,182.19,181.4,181.8,645545,0
2026-06-23 15:15:00+05:30,181.89,182.7,181.72,182.7,1356533,0
2026-06-24 09:15:00+05:30,182.2,182.86,181.5,182.49,4298729,0
2026-06-24 09:30:00+05:30,182.49,182.88,176.55,178.57,4500795,0
2026-06-24 09:45:00+05:30,178.44,179.89,174.35,177.65,3606319,0
2026-06-24 10:00:00+05:30,177.65,180.74,177.54,177.81,2394302,0
2026-06-24 10:15:00+05:30,177.81,178.9,177.25,177.94,1644449,0
2026-06-24 10:30:00+05:30,177.94,178.0,175.75,176.97,2087253,0
2026-06-24 10:45:00+05:30,176.91,178.09,175.75,177.8,1194943,0
2026-06-24 11:00:00+05:30,177.73,178.8,177.42,177.7,683359,0
2026-06-24 11:15:00+05:30,177.77,179.9,177.08,179.63,768028,0
2026-06-24 11:30:00+05:30,179.63,179.73,178.26,179.21,1732204,0
2026-06-24 11:45:00+05:30,179.3,179.75,178.18,178.32,875682,0
2026-06-24 12:00:00+05:30,178.46,179.4,178.44,179.02,222801,0
2026-06-24 12:15:00+05:30,179.09,179.7,178.72,179.2,365426,0
2026-06-24 12:30:00+05:30,179.17,179.22,178.8,179.17,98044,0
2026-06-24 12:45:00+05:30,179.07,179.3,178.7,178.77,148951,0
2026-06-24 13:00:00+05:30,178.7,178.88,178.3,178.51,148815,0
2026-06-24 13:15:00+05:30,178.47,179.12,178.15,178.57,212979,0
2026-06-24 13:30:00+05:30,178.66,179.9,178.0,179.03,1619103,0
2026-06-24 13:45:00+05:30,179.02,179.05,178.55,178.81,122704,0
2026-06-24 14:00:00+05:30,178.81,179.2,178.65,178.84,119786,0
2026-06-24 14:15:00+05:30,178.83,178.91,178.3,178.56,176921,0
2026-06-24 14:30:00+05:30,178.65,178.73,178.3,178.46,140928,0
2026-06-24 14:45:00+05:30,178.55,179.5,178.02,179.3,2147957,0
2026-06-24 15:00:00+05:30,179.26,180.6,178.81,179.79,1545483,0
2026-06-24 15:15:00+05:30,179.94,180.14,178.0,179.0,1829436,0
2026-06-25 09:15:00+05:30,179.91,182.8,179.04,182.72,3056530,0
2026-06-25 09:30:00+05:30,182.71,182.98,182.35,182.55,3349648,0
2026-06-25 09:45:00+05:30,182.55,182.9,182.33,182.83,921174,0
2026-06-25 10:00:00+05:30,182.83,183.0,182.52,182.77,1236614,0
2026-06-25 10:15:00+05:30,182.77,183.0,182.07,182.96,955116,0
2026-06-25 10:30:00+05:30,182.88,182.99,182.74,182.92,359275,0
2026-06-25 10:45:00+05:30,182.92,182.99,182.71,182.96,249506,0
2026-06-25 11:00:00+05:30,182.89,182.99,182.72,182.88,327733,0
2026-06-25 11:15:00+05:30,182.9,182.98,182.78,182.89,179663,0
2026-06-25 11:30:00+05:30,182.9,183.0,182.66,182.9,773527,0
2026-06-25 11:45:00+05:30,182.9,183.0,182.82,182.97,571252,0
2026-06-25 12:00:00+05:30,182.97,182.99,182.81,182.9,179071,0
2026-06-25 12:15:00+05:30,182.84,182.98,182.66,182.72,204132,0
2026-06-25 12:30:00+05:30,182.72,182.95,182.51,182.77,245822,0
2026-06-25 12:45:00+05:30,182.83,182.89,182.61,182.63,130052,0
2026-06-25 13:00:00+05:30,182.7,182.72,182.25,182.49,329440,0
2026-06-25 13:15:00+05:30,182.57,182.86,182.46,182.8,188562,0
2026-06-25 13:30:00+05:30,182.83,182.85,182.7,182.75,118204,0
2026-06-25 13:45:00+05:30,182.75,182.9,182.75,182.88,177727,0
2026-06-25 14:00:00+05:30,182.8,183.0,182.61,182.9,338148,0
2026-06-25 14:15:00+05:30,182.9,183.0,182.8,182.94,1430290,0
2026-06-25 14:30:00+05:30,182.94,183.0,182.8,182.98,869300,0
2026-06-25 14:45:00+05:30,182.96,183.0,182.71,182.87,827000,0
2026-06-25 15:00:00+05:30,182.92,182.99,182.0,182.06,1161314,0
2026-06-25 15:15:00+05:30,182.01,183.0,182.0,183.0,1722574,0
2026-06-29 09:15:00+05:30,183.53,185.5,183.53,185.17,2337950,0
2026-06-29 09:30:00+05:30,185.16,187.7,184.97,187.5,2528356,0
2026-06-29 09:45:00+05:30,187.5,188.0,187.22,187.9,1808533,0
2026-06-29 10:00:00+05:30,187.8,188.0,187.5,187.95,2517363,0
2026-06-29 10:15:00+05:30,187.95,188.0,187.84,187.99,651983,0
2026-06-29 10:30:00+05:30,187.99,189.0,187.6,188.5,2938127,0
2026-06-29 10:45:00+05:30,188.49,188.5,188.1,188.48,2302486,0
2026-06-29 11:00:00+05:30,188.48,188.5,187.52,188.39,743573,0
2026-06-29 11:15:00+05:30,188.39,188.44,188.01,188.23,334270,0
2026-06-29 11:30:00+05:30,188.23,188.49,188.08,188.45,274782,0
2026-06-29 11:45:00+05:30,188.45,188.5,188.3,188.49,743682,0
2026-06-29 12:00:00+05:30,188.48,188.5,188.22,188.47,785901,0
2026-06-29 12:15:00+05:30,188.44,188.5,188.33,188.46,307718,0
2026-06-29 12:30:00+05:30,188.46,188.47,188.16,188.43,276492,0
2026-06-29 12:45:00+05:30,188.4,188.5,188.25,188.45,1951949,0
2026-06-29 13:00:00+05:30,188.45,188.5,188.01,188.33,563370,0
2026-06-29 13:15:00+05:30,188.38,188.5,188.21,188.49,1110676,0
2026-06-29 13:30:00+05:30,188.49,188.5,188.32,188.45,178192,0
2026-06-29 13:45:00+05:30,188.45,188.45,188.07,188.38,181285,0
2026-06-29 14:00:00+05:30,188.38,188.45,188.15,188.42,190798,0
2026-06-29 14:15:00+05:30,188.4,188.5,188.27,188.38,272982,0
2026-06-29 14:30:00+05:30,188.4,188.5,188.38,188.45,333228,0
2026-06-29 14:45:00+05:30,188.45,188.5,188.39,188.5,467645,0
2026-06-29 15:00:00+05:30,188.5,188.5,187.9,188.45,2353539,0
2026-06-29 15:15:00+05:30,188.45,188.5,187.1,188.5,3643053,0
2026-06-30 09:15:00+05:30,189.75,190.82,187.5,188.96,4030748,0
2026-06-30 09:30:00+05:30,188.95,190.3,186.0,189.91,2501976,0
2026-06-30 09:45:00+05:30,189.94,190.0,187.65,188.4,1000460,0
2026-06-30 10:00:00+05:30,188.4,189.19,187.5,188.84,885645,0
2026-06-30 10:15:00+05:30,188.82,190.95,188.74,190.67,2395796,0
2026-06-30 10:30:00+05:30,190.6,190.99,190.5,190.8,1649122,0
2026-06-30 10:45:00+05:30,190.76,191.0,190.32,190.65,892049,0
2026-06-30 11:00:00+05:30,190.73,190.85,190.55,190.83,180875,0
2026-06-30 11:15:00+05:30,190.83,191.0,190.6,190.88,880670,0
2026-06-30 11:30:00+05:30,190.89,190.93,190.4,190.69,243511,0
2026-06-30 11:45:00+05:30,190.69,190.94,190.26,190.8,873050,0
2026-06-30 12:00:00+05:30,190.8,190.84,190.55,190.73,129090,0
2026-06-30 12:15:00+05:30,190.65,190.8,190.57,190.75,92742,0
2026-06-30 12:30:00+05:30,190.75,190.78,190.4,190.65,160911,0
2026-06-30 12:45:00+05:30,190.64,190.7,190.4,190.65,96964,0
2026-06-30 13:00:00+05:30,190.65,190.72,189.41,189.68,416043,0
2026-06-30 13:15:00+05:30,189.65,189.89,189.08,189.18,539329,0
2026-06-30 13:30:00+05:30,189.28,189.98,189.05,189.7,269534,0
2026-06-30 13:45:00+05:30,189.7,189.88,189.38,189.55,211875,0
2026-06-30 14:00:00+05:30,189.51,189.6,188.61,189.35,760670,0
2026-06-30 14:15:00+05:30,189.43,189.8,188.6,189.6,632288,0
2026-06-30 14:30:00+05:30,189.66,190.29,189.38,189.62,672259,0
2026-06-30 14:45:00+05:30,189.65,189.75,189.31,189.69,221992,0
2026-06-30 15:00:00+05:30,189.69,189.98,189.27,189.61,625743,0
2026-06-30 15:15:00+05:30,189.7,190.5,189.45,190.0,1380588,0
2026-07-01 09:15:00+05:30,192.33,193.2,191.11,192.59,3041597,0
2026-07-01 09:30:00+05:30,192.58,193.7,192.51,193.6,1227702,0
2026-07-01 09:45:00+05:30,193.64,194.0,193.32,193.85,1026391,0
2026-07-01 10:00:00+05:30,193.86,194.25,193.61,194.16,1342507,0
2026-07-01 10:15:00+05:30,194.16,194.2,193.73,194.18,704226,0
2026-07-01 10:30:00+05:30,194.18,194.23,193.53,193.61,467715,0
2026-07-01 10:45:00+05:30,193.7,194.0,193.12,193.65,367976,0
2026-07-01 11:00:00+05:30,193.65,193.93,192.88,193.2,631659,0
2026-07-01 11:15:00+05:30,193.2,193.6,193.02,193.45,284800,0
2026-07-01 11:30:00+05:30,193.52,193.75,193.09,193.4,232621,0
2026-07-01 11:45:00+05:30,193.4,193.49,193.15,193.42,168817,0
2026-07-01 12:00:00+05:30,193.35,193.43,192.62,193.14,392434,0
2026-07-01 12:15:00+05:30,193.14,193.3,192.75,192.84,228822,0
2026-07-01 12:30:00+05:30,192.84,193.12,191.55,191.75,524060,0
2026-07-01 12:45:00+05:30,191.75,193.49,191.61,193.4,1263861,0
2026-07-01 13:00:00+05:30,193.4,193.89,193.01,193.54,683553,0
2026-07-01 13:15:00+05:30,193.5,193.61,192.96,193.05,193247,0
2026-07-01 13:30:00+05:30,193.08,193.21,192.7,193.0,159776,0
2026-07-01 13:45:00+05:30,193.14,193.42,192.96,193.12,150955,0
2026-07-01 14:00:00+05:30,193.06,193.32,192.91,193.08,140014,0
2026-07-01 14:15:00+05:30,193.08,193.32,192.9,192.97,202876,0
2026-07-01 14:30:00+05:30,192.97,193.0,192.5,192.69,226518,0
2026-07-01 14:45:00+05:30,192.6,193.41,192.24,192.93,467643,0
2026-07-01 15:00:00+05:30,192.86,193.49,192.71,193.19,510841,0
2026-07-01 15:15:00+05:30,193.18,194.0,193.0,194.0,1957731,0
2026-07-02 09:15:00+05:30,194.75,195.01,190.11,193.28,4446820,0
2026-07-02 09:30:00+05:30,193.28,194.24,192.8,193.45,1171556,0
2026-07-02 09:45:00+05:30,193.45,193.98,193.02,193.52,641571,0
2026-07-02 10:00:00+05:30,193.6,193.9,193.1,193.59,593807,0
2026-07-02 10:15:00+05:30,193.68,194.5,193.4,193.73,614284,0
2026-07-02 10:30:00+05:30,193.73,194.05,193.6,193.9,316931,0
2026-07-02 10:45:00+05:30,193.99,194.0,193.5,193.6,146705,0
2026-07-02 11:00:00+05:30,193.6,194.75,193.15,194.74,1482476,0
2026-07-02 11:15:00+05:30,194.7,194.91,194.11,194.3,480071,0
2026-07-02 11:30:00+05:30,194.26,194.35,193.6,193.78,323201,0
2026-07-02 11:45:00+05:30,193.88,194.14,193.77,193.85,142672,0
2026-07-02 12:00:00+05:30,193.88,194.0,193.4,193.5,237299,0
2026-07-02 12:15:00+05:30,193.5,193.64,193.2,193.54,238941,0
2026-07-02 12:30:00+05:30,193.51,193.57,193.0,193.21,276249,0
2026-07-02 12:45:00+05:30,193.29,193.59,192.05,192.8,1070147,0
2026-07-02 13:00:00+05:30,192.93,193.29,192.11,192.9,336039,0
2026-07-02 13:15:00+05:30,192.91,194.0,191.6,193.4,1262423,0
2026-07-02 13:30:00+05:30,193.49,193.9,193.18,193.26,417312,0
2026-07-02 13:45:00+05:30,193.26,193.56,192.9,193.14,254903,0
2026-07-02 14:00:00+05:30,193.14,193.19,192.38,192.63,1010838,0
2026-07-02 14:15:00+05:30,192.61,192.9,192.4,192.79,289848,0
2026-07-02 14:30:00+05:30,192.79,193.7,192.0,193.62,714772,0
2026-07-02 14:45:00+05:30,193.62,193.69,192.47,192.86,559727,0
2026-07-02 15:00:00+05:30,192.87,193.3,192.6,193.08,639085,0
2026-07-02 15:15:00+05:30,193.07,193.23,190.14,191.0,2187936,0
2026-07-03 09:15:00+05:30,192.0,195.25,191.18,194.41,4781779,0
2026-07-03 09:30:00+05:30,194.48,198.0,194.06,197.71,3583135,0
2026-07-03 09:45:00+05:30,197.71,199.0,197.13,198.46,3161150,0
2026-07-03 10:00:00+05:30,198.46,199.0,198.22,198.9,1669655,0
2026-07-03 10:15:00+05:30,198.9,199.0,198.35,198.7,985813,0
2026-07-03 10:30:00+05:30,198.56,198.97,198.41,198.92,478093,0
2026-07-03 10:45:00+05:30,198.95,199.0,198.59,198.93,524746,0
2026-07-03 11:00:00+05:30,198.93,198.99,198.72,198.84,294167,0
2026-07-03 11:15:00+05:30,198.84,199.97,198.75,199.9,1485885,0
2026-07-03 11:30:00+05:30,199.9,199.95,199.56,199.58,729826,0
2026-07-03 11:45:00+05:30,199.58,199.96,199.5,199.7,535013,0
2026-07-03 12:00:00+05:30,199.62,199.79,198.45,198.75,799139,0
2026-07-03 12:15:00+05:30,198.85,199.0,197.54,198.75,1569823,0
2026-07-03 12:30:00+05:30,198.67,198.84,197.81,198.12,466514,0
2026-07-03 12:45:00+05:30,198.02,198.88,198.0,198.09,394254,0
2026-07-03 13:00:00+05:30,198.22,198.25,197.51,197.81,373576,0
2026-07-03 13:15:00+05:30,197.96,198.9,197.86,198.83,441786,0
2026-07-03 13:30:00+05:30,198.88,199.0,198.44,198.89,538840,0
2026-07-03 13:45:00+05:30,198.89,198.96,198.51,198.65,752413,0
2026-07-03 14:00:00+05:30,198.64,198.98,198.52,198.76,281658,0
2026-07-03 14:15:00+05:30,198.76,198.98,198.6,198.95,217959,0
2026-07-03 14:30:00+05:30,198.95,198.97,198.75,198.9,249559,0
2026-07-03 14:45:00+05:30,198.95,199.42,198.28,198.84,961217,0
2026-07-03 15:00:00+05:30,198.92,198.98,198.4,198.91,1058942,0
2026-07-03 15:15:00+05:30,198.98,198.99,198.5,198.98,1738676,0
2026-07-06 09:15:00+05:30,200.26,205.0,200.25,204.49,4940701,0
2026-07-06 09:30:00+05:30,204.49,204.95,203.52,204.5,2261709,0
2026-07-06 09:45:00+05:30,204.5,205.0,204.1,205.0,1617595,0
2026-07-06 10:00:00+05:30,205.0,209.0,204.81,208.6,4676950,0
2026-07-06 10:15:00+05:30,208.51,210.0,208.5,209.11,4999151,0
2026-07-06 10:30:00+05:30,209.11,211.0,208.0,210.85,3228769,0
2026-07-06 10:45:00+05:30,210.84,210.9,210.11,210.53,2824914,0
2026-07-06 11:00:00+05:30,210.6,210.9,210.15,210.51,1884233,0
2026-07-06 11:15:00+05:30,210.56,211.0,209.51,210.28,2888230,0
2026-07-06 11:30:00+05:30,210.28,211.0,210.21,210.57,2054166,0
2026-07-06 11:45:00+05:30,210.57,211.0,210.21,210.9,2713308,0
2026-07-06 12:00:00+05:30,210.9,211.0,210.6,210.84,1166345,0
2026-07-06 12:15:00+05:30,210.84,211.45,209.06,210.77,3725167,0
2026-07-06 12:30:00+05:30,210.72,210.76,208.44,210.53,1419954,0
2026-07-06 12:45:00+05:30,210.53,212.0,209.95,211.8,2830042,0
2026-07-06 13:00:00+05:30,211.8,212.0,211.51,211.81,1734235,0
2026-07-06 13:15:00+05:30,211.8,212.0,211.69,211.97,659460,0
2026-07-06 13:30:00+05:30,211.97,212.0,211.75,211.92,670497,0
2026-07-06 13:45:00+05:30,211.92,212.0,211.81,211.9,1227111,0
2026-07-06 14:00:00+05:30,211.99,212.5,211.6,212.35,2146913,0
2026-07-06 14:15:00+05:30,212.35,212.75,212.01,212.75,1734189,0
2026-07-06 14:30:00+05:30,212.74,213.5,211.02,213.4,3687981,0
2026-07-06 14:45:00+05:30,213.4,214.0,213.0,213.58,3075477,0
2026-07-06 15:00:00+05:30,213.6,214.0,212.69,213.2,2476013,0
2026-07-06 15:15:00+05:30,213.25,214.0,211.54,213.99,4435780,0
2026-07-07 09:15:00+05:30,217.0,220.0,207.35,208.92,14989968,0
2026-07-07 09:30:00+05:30,208.8,214.36,208.5,208.83,8221062,0
2026-07-07 09:45:00+05:30,208.94,214.0,208.0,213.19,5059482,0
2026-07-07 10:00:00+05:30,213.1,219.4,212.21,218.31,11332083,0
2026-07-07 10:15:00+05:30,218.31,220.0,216.28,219.85,7798993,0
2026-07-07 10:30:00+05:30,219.85,220.0,219.06,219.72,3176716,0
2026-07-07 10:45:00+05:30,219.79,220.0,218.16,219.73,3332289,0
2026-07-07 11:00:00+05:30,219.74,219.98,218.3,219.3,1359562,0
2026-07-07 11:15:00+05:30,219.3,220.0,219.23,219.74,1907016,0
2026-07-07 11:30:00+05:30,219.74,220.5,219.02,219.19,3303674,0
2026-07-07 11:45:00+05:30,219.2,220.4,218.75,219.88,3025551,0
2026-07-07 12:00:00+05:30,219.88,220.74,219.7,220.69,3393848,0
2026-07-07 12:15:00+05:30,220.69,220.78,220.27,220.7,1178805,0
2026-07-07 12:30:00+05:30,220.6,220.8,220.32,220.8,745604,0
2026-07-07 12:45:00+05:30,220.79,220.82,220.55,220.79,668354,0
2026-07-07 13:00:00+05:30,220.78,220.8,220.03,220.45,650727,0
2026-07-07 13:15:00+05:30,220.45,220.92,220.4,220.92,1494353,0
2026-07-07 13:30:00+05:30,220.92,220.95,220.8,220.93,570862,0
2026-07-07 13:45:00+05:30,220.93,220.98,220.2,220.97,868097,0
2026-07-07 14:00:00+05:30,220.91,220.98,220.62,220.9,681030,0
2026-07-07 14:15:00+05:30,220.95,220.98,220.81,220.98,466284,0
2026-07-07 14:30:00+05:30,220.98,221.0,220.76,221.0,2012620,0
2026-07-07 14:45:00+05:30,221.0,221.0,220.51,220.86,2056562,0
2026-07-07 15:00:00+05:30,220.86,221.25,220.21,221.0,3899079,0
2026-07-07 15:15:00+05:30,221.0,221.65,220.26,221.63,3992682,0
2026-07-08 09:15:00+05:30,222.33,226.0,222.01,224.85,10825989,0
2026-07-08 09:30:00+05:30,224.83,225.49,224.16,224.39,4024375,0
2026-07-08 09:45:00+05:30,224.39,224.79,223.01,224.21,2828110,0
2026-07-08 10:00:00+05:30,224.18,225.0,223.5,224.49,2057725,0
2026-07-08 10:15:00+05:30,224.49,225.0,223.52,224.99,4925398,0
2026-07-08 10:30:00+05:30,224.99,225.0,224.11,224.34,1322620,0
2026-07-08 10:45:00+05:30,224.34,224.73,224.11,224.32,680054,0
2026-07-08 11:00:00+05:30,224.4,224.7,224.21,224.54,392217,0
2026-07-08 11:15:00+05:30,224.54,224.55,224.12,224.3,391203,0
2026-07-08 11:30:00+05:30,224.3,224.6,224.2,224.34,353712,0
2026-07-08 11:45:00+05:30,224.34,225.14,224.03,224.64,1656622,0
2026-07-08 12:00:00+05:30,224.64,224.85,224.48,224.7,436493,0
2026-07-08 12:15:00+05:30,224.7,224.89,224.58,224.78,342525,0
2026-07-08 12:30:00+05:30,224.78,224.79,224.3,224.5,415181,0
2026-07-08 12:45:00+05:30,224.51,224.9,224.31,224.63,340976,0
2026-07-08 13:00:00+05:30,224.63,224.77,224.4,224.5,276735,0
2026-07-08 13:15:00+05:30,224.52,224.68,224.4,224.6,271843,0
2026-07-08 13:30:00+05:30,224.6,224.9,224.5,224.85,372590,0
2026-07-08 13:45:00+05:30,224.85,224.9,223.02,223.46,1411176,0
2026-07-08 14:00:00+05:30,223.46,224.88,220.3,224.16,4534200,0
2026-07-08 14:15:00+05:30,224.17,225.15,223.57,224.31,2716570,0
2026-07-08 14:30:00+05:30,224.31,224.99,223.76,224.21,1437795,0
2026-07-08 14:45:00+05:30,224.2,224.5,217.04,221.68,5256416,0
2026-07-08 15:00:00+05:30,221.68,222.85,176.89,211.99,16588572,0
2026-07-08 15:15:00+05:30,211.99,213.35,185.0,192.0,13472717,0
2026-07-09 09:15:00+05:30,196.0,208.5,196.0,205.86,22806351,0
2026-07-09 09:30:00+05:30,205.82,207.2,204.6,206.32,6805672,0
2026-07-09 09:45:00+05:30,206.38,207.0,203.58,205.08,5877069,0
2026-07-09 10:00:00+05:30,205.0,206.45,204.5,206.36,2375035,0
2026-07-09 10:15:00+05:30,206.36,210.9,206.1,209.5,5018924,0
2026-07-09 10:30:00+05:30,209.5,209.64,206.14,207.94,3179817,0
2026-07-09 10:45:00+05:30,207.95,209.5,207.0,208.93,1436598,0
2026-07-09 11:00:00+05:30,208.91,209.2,207.57,207.86,1065849,0
2026-07-09 11:15:00+05:30,207.87,208.49,206.6,207.2,1113240,0
2026-07-09 11:30:00+05:30,207.09,207.99,207.02,207.5,471983,0
2026-07-09 11:45:00+05:30,207.63,207.99,206.27,206.43,672680,0
2026-07-09 12:00:00+05:30,206.4,209.5,206.1,208.5,2013709,0
2026-07-09 12:15:00+05:30,208.5,212.0,208.01,211.9,3801290,0
2026-07-09 12:30:00+05:30,211.9,213.7,210.25,213.5,3975251,0
2026-07-09 12:45:00+05:30,213.5,214.0,212.49,213.15,2937912,0
2026-07-09 13:00:00+05:30,213.23,215.75,212.5,215.5,5059386,0
2026-07-09 13:15:00+05:30,215.6,216.35,213.2,214.33,3697435,0
2026-07-09 13:30:00+05:30,214.23,216.33,213.2,215.54,2323294,0
2026-07-09 13:45:00+05:30,215.54,215.55,214.03,215.23,1252454,0
2026-07-09 14:00:00+05:30,215.23,216.5,215.02,215.67,2056824,0
2026-07-09 14:15:00+05:30,215.7,216.86,215.13,215.98,1848126,0
2026-07-09 14:30:00+05:30,215.82,216.5,214.35,215.18,2184544,0
2026-07-09 14:45:00+05:30,215.17,215.2,209.51,210.2,6439674,0
2026-07-09 15:00:00+05:30,210.2,210.98,205.1,209.6,8935027,0
2026-07-09 15:15:00+05:30,209.6,215.0,208.21,214.52,6907433,0
2026-07-10 09:15:00+05:30,218.0,219.4,210.64,211.99,14884795,0
2026-07-10 09:30:00+05:30,211.96,214.98,210.82,214.23,6746346,0
2026-07-10 09:45:00+05:30,214.23,217.25,214.01,216.67,6413864,0
2026-07-10 10:00:00+05:30,216.67,218.22,216.0,217.79,4813772,0
2026-07-10 10:15:00+05:30,217.71,220.0,217.0,219.91,5533165,0
2026-07-10 10:30:00+05:30,219.69,222.0,219.1,221.7,7523218,0
2026-07-10 10:45:00+05:30,221.62,222.0,219.0,219.67,6973644,0
2026-07-10 11:00:00+05:30,219.81,219.81,215.61,217.2,5599951,0
2026-07-10 11:15:00+05:30,217.15,217.23,215.0,216.45,4380220,0
2026-07-10 11:30:00+05:30,216.44,217.55,215.8,217.26,2758181,0
2026-07-10 11:45:00+05:30,217.26,217.55,213.51,213.75,2832150,0
2026-07-10 12:00:00+05:30,213.68,215.49,213.01,214.6,2281156,0
2026-07-10 12:15:00+05:30,214.51,214.68,212.42,212.9,4498935,0
2026-07-10 12:30:00+05:30,212.98,214.6,212.0,213.42,2600065,0
2026-07-10 12:45:00+05:30,213.42,214.3,213.2,213.85,797856,0
2026-07-10 13:00:00+05:30,213.86,213.86,212.8,213.0,771547,0
2026-07-10 13:15:00+05:30,213.01,213.29,211.22,211.54,2219183,0
2026-07-10 13:30:00+05:30,211.54,214.26,211.4,212.88,1898998,0
2026-07-10 13:45:00+05:30,212.87,214.99,211.5,213.63,2940999,0
2026-07-10 14:00:00+05:30,213.73,214.0,212.55,213.16,1676650,0
2026-07-10 14:15:00+05:30,213.16,213.94,212.61,213.14,901667,0
2026-07-10 14:30:00+05:30,213.12,213.65,212.61,213.05,746476,0
2026-07-10 14:45:00+05:30,213.1,213.2,211.56,211.96,1576564,0
2026-07-10 15:00:00+05:30,211.96,213.9,211.8,212.73,2795185,0
2026-07-10 15:15:00+05:30,212.73,214.99,206.11,212.98,7170882,0
2026-07-13 09:15:00+05:30,212.24,215.25,209.28,214.35,10060097,0
2026-07-13 09:30:00+05:30,214.3,214.5,212.1,213.72,4419655,0
2026-07-13 09:45:00+05:30,213.72,213.8,210.5,211.25,3852346,0
2026-07-13 10:00:00+05:30,211.25,211.49,207.18,208.18,5992730,0
2026-07-13 10:15:00+05:30,208.22,208.32,205.1,206.65,4812099,0
2026-07-13 10:30:00+05:30,206.75,209.28,205.9,208.8,3773964,0
2026-07-13 10:45:00+05:30,208.85,209.99,208.5,208.92,3300044,0
2026-07-13 11:00:00+05:30,208.92,210.99,208.66,210.33,2508505,0
2026-07-13 11:15:00+05:30,210.33,210.62,208.4,208.77,1632833,0
2026-07-13 11:30:00+05:30,208.65,209.99,207.65,209.7,1475325,0
2026-07-13 11:45:00+05:30,209.66,209.91,208.86,209.0,591319,0
2026-07-13 12:00:00+05:30,208.99,210.25,208.8,209.6,653715,0
2026-07-13 12:15:00+05:30,209.5,209.99,209.04,209.71,1523484,0
2026-07-13 12:30:00+05:30,209.81,209.89,208.03,208.78,855977,0
2026-07-13 12:45:00+05:30,208.81,208.81,207.65,207.89,951332,0
2026-07-13 13:00:00+05:30,207.89,208.73,207.2,207.67,1183339,0
2026-07-13 13:15:00+05:30,207.67,207.76,207.0,207.31,773598,0
2026-07-13 13:30:00+05:30,207.37,207.7,206.33,206.88,957409,0
2026-07-13 13:45:00+05:30,206.99,207.4,206.88,207.01,646643,0
2026-07-13 14:00:00+05:30,207.01,209.0,207.01,208.05,1020500,0
2026-07-13 14:15:00+05:30,208.11,208.48,207.51,208.03,610371,0
2026-07-13 14:30:00+05:30,208.18,208.5,206.8,207.21,935553,0
2026-07-13 14:45:00+05:30,207.21,207.89,206.8,207.28,988977,0
2026-07-13 15:00:00+05:30,207.29,207.79,206.8,207.15,1653277,0
2026-07-13 15:15:00+05:30,207.21,208.4,205.0,207.99,5358176,0
2026-07-14 09:15:00+05:30,207.9,211.0,207.76,210.3,7349214,0
2026-07-14 09:30:00+05:30,210.3,213.1,210.05,212.68,4575273,0
2026-07-14 09:45:00+05:30,212.56,212.67,210.6,212.0,2513636,0
2026-07-14 10:00:00+05:30,211.9,213.0,211.3,212.04,1810078,0
2026-07-14 10:15:00+05:30,212.09,213.0,211.78,212.95,1634715,0
2026-07-14 10:30:00+05:30,213.0,213.0,212.25,212.75,1054634,0
2026-07-14 10:45:00+05:30,212.75,213.9,212.58,213.6,2647774,0
2026-07-14 11:00:00+05:30,213.51,217.88,213.51,217.48,6117172,0
2026-07-14 11:15:00+05:30,217.38,217.99,215.57,215.8,4049562,0
2026-07-14 11:30:00+05:30,215.77,216.5,212.0,212.88,3755632,0
2026-07-14 11:45:00+05:30,212.84,214.75,211.6,213.96,3262231,0
2026-07-14 12:00:00+05:30,213.93,213.99,212.33,212.68,809030,0
2026-07-14 12:15:00+05:30,212.6,213.3,212.4,212.42,579121,0
2026-07-14 12:30:00+05:30,212.42,213.0,212.41,212.62,365448,0
2026-07-14 12:45:00+05:30,212.7,213.45,212.5,213.1,572112,0
2026-07-14 13:00:00+05:30,213.01,214.49,212.98,214.36,1376419,0
2026-07-14 13:15:00+05:30,214.49,215.89,214.04,214.6,2693788,0
2026-07-14 13:30:00+05:30,214.7,214.7,213.2,214.1,1137169,0
2026-07-14 13:45:00+05:30,214.01,214.95,214.0,214.3,1115325,0
2026-07-14 14:00:00+05:30,214.3,216.3,214.2,215.77,1709920,0
2026-07-14 14:15:00+05:30,215.91,217.2,215.11,215.9,2800140,0
2026-07-14 14:30:00+05:30,215.9,216.8,215.49,215.83,1907095,0
2026-07-14 14:45:00+05:30,215.83,216.5,215.1,215.87,1412313,0
2026-07-14 15:00:00+05:30,215.87,216.5,215.53,216.48,1827787,0
2026-07-14 15:15:00+05:30,216.36,217.99,215.5,217.4,4398569,0
2026-07-15 09:15:00+05:30,219.39,220.6,217.53,219.67,5260174,0
2026-07-15 09:30:00+05:30,219.68,220.0,219.0,219.97,1688461,0
2026-07-15 09:45:00+05:30,219.95,222.0,219.9,221.6,3672764,0
2026-07-15 10:00:00+05:30,221.6,221.6,219.32,219.42,2021352,0
2026-07-15 10:15:00+05:30,219.42,222.5,219.14,222.41,2790584,0
2026-07-15 10:30:00+05:30,222.29,223.0,221.8,222.5,2991121,0
2026-07-15 10:45:00+05:30,222.5,222.9,222.01,222.5,899403,0
2026-07-15 11:00:00+05:30,222.5,222.58,221.18,221.5,1127487,0
2026-07-15 11:15:00+05:30,221.62,221.9,220.8,221.35,1195624,0
2026-07-15 11:30:00+05:30,221.25,221.99,220.6,221.46,1965013,0
2026-07-15 11:45:00+05:30,221.54,221.62,220.05,220.6,1008213,0
2026-07-15 12:00:00+05:30,220.7,220.8,220.0,220.4,644375,0
2026-07-15 12:15:00+05:30,220.37,220.48,219.5,220.3,567821,0
2026-07-15 12:30:00+05:30,220.3,220.95,220.25,220.68,466325,0
2026-07-15 12:45:00+05:30,220.75,220.79,218.62,219.5,1076700,0
2026-07-15 13:00:00+05:30,219.6,219.99,216.3,217.49,2213264,0
2026-07-15 13:15:00+05:30,217.49,218.69,213.75,217.82,4427295,0
2026-07-15 13:30:00+05:30,217.9,219.42,217.04,218.64,2070427,0
2026-07-15 13:45:00+05:30,218.59,219.26,217.41,219.0,805708,0
2026-07-15 14:00:00+05:30,219.0,219.75,218.32,219.65,875226,0
2026-07-15 14:15:00+05:30,219.53,219.95,218.56,218.83,981187,0
2026-07-15 14:30:00+05:30,218.8,219.0,217.7,218.6,798412,0
2026-07-15 14:45:00+05:30,218.6,219.49,217.93,218.5,989669,0
2026-07-15 15:00:00+05:30,218.6,219.99,218.41,219.87,1664284,0
2026-07-15 15:15:00+05:30,219.87,220.0,219.02,219.6,2940207,0
2026-07-16 09:15:00+05:30,220.75,222.0,220.4,221.7,2946739,0
2026-07-16 09:30:00+05:30,221.7,221.9,220.42,220.42,1137435,0
2026-07-16 09:45:00+05:30,220.42,221.18,218.52,220.14,2490467,0
2026-07-16 10:00:00+05:30,220.1,220.1,217.02,218.8,1300530,0
2026-07-16 10:15:00+05:30,218.8,219.25,216.5,217.19,1879050,0
2026-07-16 10:30:00+05:30,217.19,218.42,216.72,218.05,1027764,0
2026-07-16 10:45:00+05:30,218.05,218.5,217.5,218.0,1253701,0
2026-07-16 11:00:00+05:30,217.94,218.39,217.5,217.95,700344,0
2026-07-16 11:15:00+05:30,217.94,218.96,217.81,218.46,1264464,0
2026-07-16 11:30:00+05:30,218.46,218.9,218.2,218.7,719107,0
2026-07-16 11:45:00+05:30,218.61,218.7,217.3,217.6,519695,0
2026-07-16 12:00:00+05:30,217.6,217.74,216.26,217.49,1090441,0
2026-07-16 12:15:00+05:30,217.49,217.49,216.51,216.89,425608,0
2026-07-16 12:30:00+05:30,216.89,217.54,216.21,217.37,852651,0
2026-07-16 12:45:00+05:30,217.45,217.99,216.42,216.9,886193,0
2026-07-16 13:00:00+05:30,216.9,217.35,216.49,216.71,436739,0
2026-07-16 13:15:00+05:30,216.8,217.92,214.0,214.61,2492513,0
2026-07-16 13:30:00+05:30,214.75,215.0,211.99,212.96,3628129,0
2026-07-16 13:45:00+05:30,212.82,213.19,208.22,212.05,4422820,0
2026-07-16 14:00:00+05:30,212.05,213.5,210.5,212.51,2871430,0
2026-07-16 14:15:00+05:30,212.61,213.0,211.01,212.47,1256269,0
2026-07-16 14:30:00+05:30,212.4,212.94,211.5,212.76,999550,0
2026-07-16 14:45:00+05:30,212.62,214.9,212.4,214.6,2264348,0
2026-07-16 15:00:00+05:30,214.53,215.99,211.59,212.3,2686539,0
2026-07-16 15:15:00+05:30,212.27,213.0,210.0,212.89,3646809,0
2026-07-17 09:15:00+05:30,213.3,214.9,206.43,208.5,7148559,0
2026-07-17 09:30:00+05:30,208.52,210.5,208.21,209.75,2396437,0
2026-07-17 09:45:00+05:30,209.62,210.69,209.5,210.48,957060,0
2026-07-17 10:00:00+05:30,210.37,211.5,209.76,210.15,1076906,0
2026-07-17 10:15:00+05:30,210.06,211.25,210.01,210.26,596845,0
2026-07-17 10:30:00+05:30,210.26,212.99,210.02,212.87,1746494,0
2026-07-17 10:45:00+05:30,212.87,214.99,212.78,214.48,3354410,0
2026-07-17 11:00:00+05:30,214.36,216.7,213.65,215.35,2486023,0
2026-07-17 11:15:00+05:30,215.45,215.5,212.32,212.99,1665274,0
2026-07-17 11:30:00+05:30,212.9,214.15,212.6,213.87,957517,0
2026-07-17 11:45:00+05:30,213.95,214.25,212.5,213.01,819538,0
2026-07-17 12:00:00+05:30,213.12,213.48,212.4,213.26,619548,0
2026-07-17 12:15:00+05:30,213.29,213.29,212.5,212.79,244599,0
2026-07-17 12:30:00+05:30,212.7,212.96,212.4,212.85,276279,0
2026-07-17 12:45:00+05:30,212.85,212.85,212.0,212.1,717531,0
2026-07-17 13:00:00+05:30,212.1,212.55,211.81,212.06,875636,0
2026-07-17 13:15:00+05:30,212.14,212.39,210.51,210.54,865456,0
2026-07-17 13:30:00+05:30,210.54,212.24,209.5,211.33,1360742,0
2026-07-17 13:45:00+05:30,211.35,211.8,210.6,211.49,501829,0
2026-07-17 14:00:00+05:30,211.49,212.73,211.13,212.18,796940,0
2026-07-17 14:15:00+05:30,212.15,214.0,212.15,213.35,2580505,0
2026-07-17 14:30:00+05:30,213.37,214.9,213.37,213.95,969755,0
2026-07-17 14:45:00+05:30,213.98,214.97,213.85,214.63,2052021,0
2026-07-17 15:00:00+05:30,214.63,214.95,214.14,214.8,702006,0
2026-07-17 15:15:00+05:30,214.8,214.99,214.0,214.5,2179101,0
2026-07-20 09:15:00+05:30,214.4,216.8,212.58,212.67,3870549,0
2026-07-20 09:30:00+05:30,212.67,213.96,209.5,210.37,3570496,0
2026-07-20 09:45:00+05:30,210.37,210.72,209.0,209.4,2227430,0
2026-07-20 10:00:00+05:30,209.42,211.6,209.1,209.5,1952891,0
2026-07-20 10:15:00+05:30,209.5,209.65,206.2,207.19,3968934,0
2026-07-20 10:30:00+05:30,207.19,207.27,202.71,204.85,5966574,0
2026-07-20 10:45:00+05:30,204.85,206.6,204.03,205.04,2214053,0
2026-07-20 11:00:00+05:30,205.16,205.3,202.9,203.45,3177373,0
2026-07-20 11:15:00+05:30,203.4,204.22,201.0,203.35,3866570,0
2026-07-20 11:30:00+05:30,203.29,204.48,202.35,203.23,1611459,0
2026-07-20 11:45:00+05:30,203.23,203.99,201.62,203.39,2538168,0
2026-07-20 12:00:00+05:30,203.38,207.65,203.34,204.58,5162156,0
2026-07-20 12:15:00+05:30,204.5,205.89,203.11,203.27,1257194,0
2026-07-20 12:30:00+05:30,203.27,203.69,202.0,203.29,1861444,0
2026-07-20 12:45:00+05:30,203.29,204.27,203.15,203.4,1168201,0
2026-07-20 13:00:00+05:30,203.41,203.95,203.0,203.83,588420,0
2026-07-20 13:15:00+05:30,203.83,205.44,202.8,205.27,1751424,0
2026-07-20 13:30:00+05:30,205.37,205.9,205.0,205.1,1795033,0
2026-07-20 13:45:00+05:30,205.1,205.85,204.6,204.97,1387137,0
2026-07-20 14:00:00+05:30,204.97,205.25,204.5,204.65,427656,0
2026-07-20 14:15:00+05:30,204.69,207.9,203.7,205.93,3084150,0
2026-07-20 14:30:00+05:30,206.05,206.89,205.36,206.33,880726,0
2026-07-20 14:45:00+05:30,206.33,206.9,206.1,206.8,631954,0
2026-07-20 15:00:00+05:30,206.8,206.99,206.11,206.92,2425299,0
2026-07-20 15:15:00+05:30,206.98,208.99,205.36,208.5,5222215,0
2026-07-21 09:15:00+05:30,207.74,212.61,207.7,210.54,4766390,0
2026-07-21 09:30:00+05:30,210.54,212.93,210.33,212.5,2944898,0
2026-07-21 09:45:00+05:30,212.5,212.89,209.35,211.79,2601934,0
2026-07-21 10:00:00+05:30,211.66,212.2,211.0,211.96,1194281,0
2026-07-21 10:15:00+05:30,211.96,212.39,211.51,212.26,750322,0
2026-07-21 10:30:00+05:30,212.25,212.99,212.01,212.6,1741692,0
2026-07-21 10:45:00+05:30,212.6,212.7,211.25,211.84,1956896,0
2026-07-21 11:00:00+05:30,211.83,211.96,209.65,211.6,1225724,0
2026-07-21 11:15:00+05:30,211.57,211.95,210.35,210.45,472966,0
2026-07-21 11:30:00+05:30,210.45,211.03,210.11,210.4,498919,0
2026-07-21 11:45:00+05:30,210.52,211.49,210.4,211.18,359015,0
2026-07-21 12:00:00+05:30,211.19,211.59,211.04,211.1,205370,0
2026-07-21 12:15:00+05:30,211.1,211.11,210.65,210.9,169414,0
2026-07-21 12:30:00+05:30,210.91,211.39,210.81,211.16,192536,0
2026-07-21 12:45:00+05:30,211.17,211.29,210.85,210.95,82159,0
2026-07-21 13:00:00+05:30,210.9,211.2,210.75,211.15,424776,0
2026-07-21 13:15:00+05:30,211.15,211.26,210.8,210.85,110528,0
2026-07-21 13:30:00+05:30,210.9,212.05,210.71,211.42,455319,0
2026-07-21 13:45:00+05:30,211.42,211.99,211.0,211.33,268350,0
2026-07-21 14:00:00+05:30,211.33,211.45,211.0,211.24,219548,0
2026-07-21 14:15:00+05:30,211.18,211.4,210.29,210.64,1365246,0
2026-07-21 14:30:00+05:30,210.64,211.49,210.15,211.1,489159,0
2026-07-21 14:45:00+05:30,211.15,211.39,210.7,211.05,258944,0
2026-07-21 15:00:00+05:30,211.1,211.2,210.52,210.97,782227,0
2026-07-21 15:15:00+05:30,210.97,212.0,210.5,211.5,1721776,0
2026-07-22 09:15:00+05:30,211.25,213.36,209.0,209.71,4083353,0
2026-07-22 09:30:00+05:30,209.75,210.29,207.23,208.95,2038493,0
2026-07-22 09:45:00+05:30,208.9,209.0,207.0,207.67,1509520,0
2026-07-22 10:00:00+05:30,207.67,207.9,206.5,207.5,1144062,0
2026-07-22 10:15:00+05:30,207.57,207.62,206.55,206.6,571095,0
2026-07-22 10:30:00+05:30,206.6,207.79,206.5,206.99,1054138,0
2026-07-22 10:45:00+05:30,207.0,207.22,206.7,206.8,306853,0
2026-07-22 11:00:00+05:30,206.76,207.0,206.5,206.75,343025,0
2026-07-22 11:15:00+05:30,206.7,206.9,206.5,206.7,243543,0
2026-07-22 11:30:00+05:30,206.62,207.5,206.6,207.01,371444,0
2026-07-22 11:45:00+05:30,207.01,207.5,206.55,206.62,748337,0
2026-07-22 12:00:00+05:30,206.62,206.76,205.6,205.91,651712,0
2026-07-22 12:15:00+05:30,205.91,206.33,205.71,206.08,359238,0
2026-07-22 12:30:00+05:30,206.08,206.1,204.02,205.59,1191875,0
2026-07-22 12:45:00+05:30,205.59,205.8,204.61,205.0,420522,0
2026-07-22 13:00:00+05:30,205.07,205.13,204.54,204.68,331575,0
2026-07-22 13:15:00+05:30,204.68,205.12,204.01,204.29,479944,0
2026-07-22 13:30:00+05:30,204.29,205.31,203.81,204.65,831647,0
2026-07-22 13:45:00+05:30,204.65,205.23,204.0,204.9,1382936,0
2026-07-22 14:00:00+05:30,204.82,205.0,204.36,204.7,2230129,0
2026-07-22 14:15:00+05:30,204.68,207.24,204.34,205.4,1756645,0
2026-07-22 14:30:00+05:30,205.4,207.0,205.19,206.45,504309,0
2026-07-22 14:45:00+05:30,206.48,207.0,206.21,206.55,719113,0
2026-07-22 15:00:00+05:30,206.68,206.94,206.0,206.37,1044114,0
2026-07-22 15:15:00+05:30,206.49,208.0,205.55,207.2,2504932,0
2026-07-23 09:15:00+05:30,207.5,210.79,207.0,208.36,2023423,0
2026-07-23 09:30:00+05:30,208.35,209.0,207.26,208.19,897492,0
2026-07-23 09:45:00+05:30,208.19,208.52,207.01,207.4,1306114,0
2026-07-23 10:00:00+05:30,207.4,208.19,207.1,207.91,523851,0
2026-07-23 10:15:00+05:30,207.91,208.38,207.59,207.72,262287,0
2026-07-23 10:30:00+05:30,207.8,208.0,207.47,207.6,214079,0
2026-07-23 10:45:00+05:30,207.6,207.73,207.2,207.59,233686,0
2026-07-23 11:00:00+05:30,207.59,207.8,207.31,207.6,159745,0
2026-07-23 11:15:00+05:30,207.65,208.29,207.15,207.7,390026,0
2026-07-23 11:30:00+05:30,207.79,207.79,207.4,207.5,96245,0
2026-07-23 11:45:00+05:30,207.41,207.55,206.05,206.81,575734,0
2026-07-23 12:00:00+05:30,206.9,208.08,206.6,207.26,995160,0
2026-07-23 12:15:00+05:30,207.16,207.39,207.0,207.27,145630,0
2026-07-23 12:30:00+05:30,207.27,207.4,206.54,206.9,584759,0
2026-07-23 12:45:00+05:30,206.9,207.6,206.9,207.25,218987,0
2026-07-23 13:00:00+05:30,207.34,207.34,206.95,207.11,298109,0
2026-07-23 13:15:00+05:30,207.01,207.3,206.95,207.09,181296,0
2026-07-23 13:30:00+05:30,207.2,207.49,207.01,207.4,128104,0
2026-07-23 13:45:00+05:30,207.31,207.59,207.24,207.53,321735,0
2026-07-23 14:00:00+05:30,207.42,207.99,207.37,207.8,279982,0
2026-07-23 14:15:00+05:30,207.8,208.8,207.5,208.3,729495,0
2026-07-23 14:30:00+05:30,208.33,208.55,207.67,207.74,271349,0
2026-07-23 14:45:00+05:30,207.74,208.36,207.6,208.14,404733,0
2026-07-23 15:00:00+05:30,208.14,208.49,207.81,208.49,906002,0
2026-07-23 15:15:00+05:30,208.49,209.0,208.1,208.65,1624641,0
2026-07-24 09:15:00+05:30,208.72,209.84,206.09,209.11,3125621,0
2026-07-24 09:30:00+05:30,209.19,211.99,209.01,211.7,2576185,0
2026-07-24 09:45:00+05:30,211.7,212.0,210.5,211.82,1774947,0
2026-07-24 10:00:00+05:30,211.87,212.47,210.8,212.02,2054499,0
2026-07-24 10:15:00+05:30,212.02,212.89,211.69,212.5,1135325,0
2026-07-24 10:30:00+05:30,212.5,212.89,211.28,212.8,838199,0
2026-07-24 10:45:00+05:30,212.79,212.89,211.8,212.0,593058,0
2026-07-24 11:00:00+05:30,211.91,212.6,211.1,212.12,1184767,0
2026-07-24 11:15:00+05:30,212.12,212.88,211.82,212.54,659529,0
2026-07-24 11:30:00+05:30,212.54,212.88,212.4,212.83,332495,0
2026-07-24 11:45:00+05:30,212.83,212.99,212.4,212.61,646302,0
2026-07-24 12:00:00+05:30,212.51,212.7,212.4,212.48,213102,0
2026-07-24 12:15:00+05:30,212.5,212.97,212.05,212.67,727718,0
2026-07-24 12:30:00+05:30,212.75,212.9,212.56,212.73,256518,0
2026-07-24 12:45:00+05:30,212.73,212.87,212.26,212.45,251304,0
2026-07-24 13:00:00+05:30,212.39,212.98,211.91,212.98,1100905,0
2026-07-24 13:15:00+05:30,212.98,213.99,212.7,213.94,1423266,0
2026-07-24 13:30:00+05:30,213.94,213.94,213.56,213.72,428147,0
2026-07-24 13:45:00+05:30,213.81,213.95,213.64,213.8,352321,0
2026-07-24 14:00:00+05:30,213.8,213.97,213.61,213.74,350719,0
2026-07-24 14:15:00+05:30,213.74,213.9,213.48,213.9,313548,0
2026-07-24 14:30:00+05:30,213.82,213.99,213.75,213.94,530286,0
2026-07-24 14:45:00+05:30,213.86,213.99,213.71,213.96,525965,0
2026-07-24 15:00:00+05:30,213.97,213.99,213.21,213.76,1031990,0
2026-07-24 15:15:00+05:30,213.76,213.9,212.48,213.5,1939468,0
2026-07-27 09:15:00+05:30,214.56,218.0,213.75,217.78,3252441,0
2026-07-27 09:30:00+05:30,217.79,218.0,216.3,216.55,1127274,0
2026-07-27 09:45:00+05:30,216.58,217.38,216.0,217.2,880786,0
2026-07-27 10:00:00+05:30,217.2,218.94,217.01,218.82,1546554,0
2026-07-27 10:15:00+05:30,218.82,219.4,218.11,218.86,1624783,0
2026-07-27 10:30:00+05:30,218.97,218.98,217.6,218.68,909740,0
2026-07-27 10:45:00+05:30,218.6,218.89,218.4,218.8,364564,0
2026-07-27 11:00:00+05:30,218.8,218.85,217.81,217.82,359362,0
2026-07-27 11:15:00+05:30,217.82,218.39,217.2,218.15,568569,0
2026-07-27 11:30:00+05:30,218.15,218.6,218.1,218.41,195593,0
2026-07-27 11:45:00+05:30,218.5,219.4,218.42,219.17,584760,0
2026-07-27 12:00:00+05:30,219.17,219.28,218.61,219.07,359376,0
2026-07-27 12:15:00+05:30,219.08,219.35,218.84,219.29,370929,0
2026-07-27 12:30:00+05:30,219.29,219.91,219.15,219.85,971399,0
2026-07-27 12:45:00+05:30,219.77,220.99,219.18,220.73,1932398,0
2026-07-27 13:00:00+05:30,220.8,221.0,220.19,220.28,1462648,0
2026-07-27 13:15:00+05:30,220.28,221.0,220.02,220.79,949296,0
2026-07-27 13:30:00+05:30,220.88,221.0,220.64,220.92,503466,0
2026-07-27 13:45:00+05:30,220.91,221.99,220.9,221.51,1093985,0
2026-07-27 14:00:00+05:30,221.42,221.74,221.12,221.48,483294,0
2026-07-27 14:15:00+05:30,221.41,222.0,221.4,221.9,1293892,0
2026-07-27 14:30:00+05:30,221.9,221.94,221.13,221.4,502338,0
2026-07-27 14:45:00+05:30,221.5,221.6,220.67,221.22,720835,0
2026-07-27 15:00:00+05:30,221.23,221.89,221.01,221.71,728673,0
2026-07-27 15:15:00+05:30,221.7,221.99,220.35,221.8,1986829,0
2026-07-28 09:15:00+05:30,222.59,225.99,221.7,225.39,4304304,0
2026-07-28 09:30:00+05:30,225.38,229.0,225.0,228.34,5436487,0
2026-07-28 09:45:00+05:30,228.3,229.5,227.5,228.43,2987479,0
2026-07-28 10:00:00+05:30,228.43,228.82,226.5,228.3,2046405,0
2026-07-28 10:15:00+05:30,228.29,230.0,228.02,229.6,2394655,0
2026-07-28 10:30:00+05:30,229.6,229.9,229.05,229.41,1012959,0
2026-07-28 10:45:00+05:30,229.56,229.98,229.4,229.9,753532,0
2026-07-28 11:00:00+05:30,229.9,229.99,229.4,229.88,606936,0
2026-07-28 11:15:00+05:30,229.88,230.0,229.51,229.74,1235136,0
2026-07-28 11:30:00+05:30,229.74,230.0,229.51,230.0,1608280,0
2026-07-28 11:45:00+05:30,230.0,230.99,229.05,229.42,2549740,0
2026-07-28 12:00:00+05:30,229.32,230.24,228.51,229.4,1583670,0
2026-07-28 12:15:00+05:30,229.38,229.52,228.6,228.95,407775,0
2026-07-28 12:30:00+05:30,228.95,229.8,228.66,229.75,409633,0
2026-07-28 12:45:00+05:30,229.8,230.7,229.62,230.48,649584,0
2026-07-28 13:00:00+05:30,230.5,230.7,230.2,230.51,395266,0
2026-07-28 13:15:00+05:30,230.51,231.0,230.41,230.94,1505858,0
2026-07-28 13:30:00+05:30,230.94,231.0,230.51,230.85,498693,0
2026-07-28 13:45:00+05:30,230.8,231.0,230.67,231.0,1590888,0
2026-07-28 14:00:00+05:30,231.0,231.0,230.52,230.77,820289,0
2026-07-28 14:15:00+05:30,230.77,231.45,230.54,231.1,2011813,0
2026-07-28 14:30:00+05:30,231.19,231.75,231.13,231.48,782256,0
2026-07-28 14:45:00+05:30,231.36,231.95,231.35,231.86,1775213,0
2026-07-28 15:00:00+05:30,231.94,232.0,231.01,231.97,2770011,0
2026-07-28 15:15:00+05:30,231.96,232.0,230.51,232.0,4837550,0
2026-07-29 09:15:00+05:30,233.8,233.8,226.04,229.98,7054168,0
2026-07-29 09:30:00+05:30,230.09,231.55,229.06,230.1,2026181,0
2026-07-29 09:45:00+05:30,230.01,232.95,230.0,232.5,2483260,0
2026-07-29 10:00:00+05:30,232.5,233.95,232.02,233.74,2299576,0
2026-07-29 10:15:00+05:30,233.74,233.79,232.41,232.94,913879,0
2026-07-29 10:30:00+05:30,232.94,233.3,232.2,232.85,847842,0
2026-07-29 10:45:00+05:30,232.74,232.89,230.11,230.81,1256267,0
2026-07-29 11:00:00+05:30,230.85,231.94,230.5,231.91,681861,0
2026-07-29 11:15:00+05:30,231.91,232.97,231.7,232.85,782797,0
2026-07-29 11:30:00+05:30,232.85,234.0,232.57,233.44,3041520,0
2026-07-29 11:45:00+05:30,233.33,233.84,232.7,233.1,1109438,0
2026-07-29 12:00:00+05:30,233.1,233.78,233.01,233.4,243836,0
2026-07-29 12:15:00+05:30,233.52,233.6,232.68,232.9,251536,0
2026-07-29 12:30:00+05:30,232.83,233.36,232.51,233.0,302738,0
2026-07-29 12:45:00+05:30,232.99,233.05,232.6,232.82,213913,0
2026-07-29 13:00:00+05:30,232.82,232.94,232.43,232.6,229264,0
2026-07-29 13:15:00+05:30,232.51,232.69,231.5,231.51,332072,0
2026-07-29 13:30:00+05:30,231.52,232.49,231.02,232.21,489355,0
2026-07-29 13:45:00+05:30,232.18,232.62,231.59,232.1,358702,0
2026-07-29 14:00:00+05:30,232.12,232.34,231.21,231.26,248847,0
2026-07-29 14:15:00+05:30,231.26,233.0,230.8,232.88,917943,0
2026-07-29 14:30:00+05:30,232.88,234.0,232.71,233.6,2431983,0
2026-07-29 14:45:00+05:30,233.6,233.88,233.5,233.75,914253,0
2026-07-29 15:00:00+05:30,233.75,234.25,233.21,233.7,3944429,0
2026-07-29 15:15:00+05:30,233.65,233.99,232.5,233.76,1925652,0
2026-07-30 09:15:00+05:30,234.0,234.5,229.29,230.52,3480442,0
2026-07-30 09:30:00+05:30,230.52,232.98,230.39,232.1,1281433,0
2026-07-30 09:45:00+05:30,232.17,232.85,231.51,231.64,533636,0
2026-07-30 10:00:00+05:30,231.63,232.4,230.5,231.35,744794,0
2026-07-30 10:15:00+05:30,231.35,233.3,230.5,232.6,1755865,0
2026-07-30 10:30:00+05:30,232.68,232.77,231.72,231.84,200528,0
2026-07-30 10:45:00+05:30,231.84,232.0,231.27,231.31,197612,0
2026-07-30 11:00:00+05:30,231.4,231.98,231.0,231.69,269252,0
2026-07-30 11:15:00+05:30,231.69,231.72,231.21,231.21,142626,0
2026-07-30 11:30:00+05:30,231.29,231.38,228.59,229.13,1094200,0
2026-07-30 11:45:00+05:30,229.13,230.7,227.35,228.78,1390735,0
2026-07-30 12:00:00+05:30,228.66,229.94,228.4,229.3,515165,0
2026-07-30 12:15:00+05:30,229.3,229.5,229.02,229.2,178708,0
2026-07-30 12:30:00+05:30,229.2,229.85,229.08,229.4,164287,0
2026-07-30 12:45:00+05:30,229.31,229.46,228.3,228.51,426435,0
2026-07-30 13:00:00+05:30,228.51,228.55,226.27,227.06,914402,0
2026-07-30 13:15:00+05:30,227.06,229.5,226.59,228.1,1312912,0
2026-07-30 13:30:00+05:30,228.14,228.5,227.7,228.43,244315,0
2026-07-30 13:45:00+05:30,228.33,228.65,228.06,228.21,241750,0
2026-07-30 14:00:00+05:30,228.21,230.0,227.62,229.26,448885,0
2026-07-30 14:15:00+05:30,229.26,229.38,228.62,228.9,246909,0
2026-07-30 14:30:00+05:30,228.9,229.55,228.72,229.28,233784,0
2026-07-30 14:45:00+05:30,229.3,229.4,229.06,229.2,195352,0
2026-07-30 15:00:00+05:30,229.15,229.23,228.0,228.86,1952929,0
2026-07-30 15:15:00+05:30,228.9,230.15,228.37,230.05,1954756,0
2026-07-31 09:15:00+05:30,230.3,234.3,229.44,234.03,3136903,0
2026-07-31 09:30:00+05:30,234.04,234.45,232.33,232.86,1704768,0
2026-07-31 09:45:00+05:30,232.86,233.0,232.29,232.5,449726,0
2026-07-31 10:00:00+05:30,232.55,232.69,232.03,232.03,426825,0
2026-07-31 10:15:00+05:30,232.15,232.35,231.01,231.49,689443,0
2026-07-31 10:30:00+05:30,231.49,233.39,231.36,233.0,619829,0
2026-07-31 10:45:00+05:30,233.0,233.97,232.69,233.8,601266,0
2026-07-31 11:00:00+05:30,233.83,233.99,233.02,233.13,455739,0
2026-07-31 11:15:00+05:30,233.14,233.45,232.7,232.91,210455,0
2026-07-31 11:30:00+05:30,233.0,233.3,232.55,233.29,200873,0
2026-07-31 11:45:00+05:30,233.29,233.45,233.05,233.24,107581,0
2026-07-31 12:00:00+05:30,233.23,233.23,232.74,232.85,142443,0
2026-07-31 12:15:00+05:30,232.9,233.2,232.61,232.9,160235,0
2026-07-31 12:30:00+05:30,232.9,233.13,232.75,232.78,139860,0
2026-07-31 12:45:00+05:30,232.87,232.9,232.1,232.18,155247,0
2026-07-31 13:00:00+05:30,232.17,232.43,231.75,232.11,194385,0
2026-07-31 13:15:00+05:30,232.08,232.59,232.01,232.48,149840,0
2026-07-31 13:30:00+05:30,232.43,232.49,232.1,232.24,71698,0
2026-07-31 13:45:00+05:30,232.14,232.5,232.12,232.3,66451,0
2026-07-31 14:00:00+05:30,232.3,232.37,232.0,232.21,160247,0
2026-07-31 14:15:00+05:30,232.21,232.35,232.0,232.11,233180,0
2026-07-31 14:30:00+05:30,232.2,232.21,231.75,232.04,232873,0
2026-07-31 14:45:00+05:30,232.07,232.25,231.5,231.97,268480,0
2026-07-31 15:00:00+05:30,231.97,232.2,230.1,231.05,936230,0
2026-07-31 15:15:00+05:30,231.03,231.15,229.83,230.3,909014,0
2026-08-03 09:15:00+05:30,231.5,233.0,229.0,232.18,2219769,0
2026-08-03 09:30:00+05:30,232.32,233.99,232.0,233.35,1112612,0
2026-08-03 09:45:00+05:30,233.38,234.15,233.14,233.9,754102,0
2026-08-03 10:00:00+05:30,233.9,234.38,233.49,233.98,753711,0
2026-08-03 10:15:00+05:30,233.91,234.1,233.03,233.16,409492,0
2026-08-03 10:30:00+05:30,233.16,233.29,232.35,233.11,543516,0
2026-08-03 10:45:00+05:30,233.04,233.5,232.75,233.1,240812,0
2026-08-03 11:00:00+05:30,233.21,233.32,232.6,232.97,175711,0
2026-08-03 11:15:00+05:30,233.08,233.2,232.6,232.75,125346,0
2026-08-03 11:30:00+05:30,232.8,233.0,232.6,232.7,110217,0
2026-08-03 11:45:00+05:30,232.7,232.74,232.2,232.36,165967,0
2026-08-03 12:00:00+05:30,232.36,232.41,231.76,231.82,258768,0
2026-08-03 12:15:00+05:30,231.94,232.0,231.4,231.86,202290,0
2026-08-03 12:30:00+05:30,231.73,231.87,231.5,231.6,118298,0
2026-08-03 12:45:00+05:30,231.67,231.75,231.5,231.64,119449,0
2026-08-03 13:00:00+05:30,231.64,232.5,231.51,232.2,177341,0
2026-08-03 13:15:00+05:30,232.2,232.98,232.16,232.89,240464,0
2026-08-03 13:30:00+05:30,232.94,232.98,232.01,232.01,184070,0
2026-08-03 13:45:00+05:30,232.02,232.3,231.7,231.71,129991,0
2026-08-03 14:00:00+05:30,231.71,232.09,231.25,231.76,1167807,0
2026-08-03 14:15:00+05:30,231.76,231.9,231.6,231.84,158310,0
2026-08-03 14:30:00+05:30,231.71,231.84,231.1,231.28,169929,0
2026-08-03 14:45:00+05:30,231.2,231.49,231.1,231.39,235519,0
2026-08-03 15:00:00+05:30,231.39,231.39,230.1,230.9,732237,0
2026-08-03 15:15:00+05:30,230.9,231.49,230.68,231.4,774530,0
2026-08-04 09:15:00+05:30,234.1,239.45,233.35,239.26,6854290,0
2026-08-04 09:30:00+05:30,239.37,239.95,237.6,238.75,3850625,0
2026-08-04 09:45:00+05:30,238.75,239.99,237.78,238.02,3567847,0
2026-08-04 10:00:00+05:30,238.01,239.72,238.0,239.49,1337837,0
2026-08-04 10:15:00+05:30,239.49,239.69,238.71,239.19,759880,0
2026-08-04 10:30:00+05:30,239.32,239.35,238.35,238.6,561333,0
2026-08-04 10:45:00+05:30,238.7,239.3,238.53,238.94,416690,0
2026-08-04 11:00:00+05:30,238.94,239.5,238.85,239.25,382698,0
2026-08-04 11:15:00+05:30,239.25,239.7,239.05,239.21,729773,0
2026-08-04 11:30:00+05:30,239.21,239.69,238.8,239.6,721864,0
2026-08-04 11:45:00+05:30,239.6,239.99,239.05,239.55,1043484,0
2026-08-04 12:00:00+05:30,239.56,239.9,239.37,239.56,1138132,0
2026-08-04 12:15:00+05:30,239.56,239.99,239.56,239.72,559243,0
2026-08-04 12:30:00+05:30,239.8,239.87,239.16,239.3,388656,0
2026-08-04 12:45:00+05:30,239.3,239.49,238.0,238.26,615370,0
2026-08-04 13:00:00+05:30,238.36,238.5,237.8,238.04,480044,0
2026-08-04 13:15:00+05:30,238.07,238.95,238.04,238.7,323954,0
2026-08-04 13:30:00+05:30,238.7,238.89,238.1,238.25,212868,0
2026-08-04 13:45:00+05:30,238.25,238.9,238.15,238.67,210854,0
2026-08-04 14:00:00+05:30,238.8,238.9,238.0,238.16,221887,0
2026-08-04 14:15:00+05:30,238.2,238.9,238.2,238.7,242998,0
2026-08-04 14:30:00+05:30,238.69,239.0,238.4,238.88,290751,0
2026-08-04 14:45:00+05:30,238.75,238.99,238.52,238.98,333973,0
2026-08-04 15:00:00+05:30,238.99,239.0,237.1,237.98,1194109,0
2026-08-04 15:15:00+05:30,237.99,238.8,237.0,237.8,2459249,0
2026-08-05 09:15:00+05:30,240.0,243.0,240.0,242.75,3985017,0
2026-08-05 09:30:00+05:30,242.74,245.0,242.5,244.35,3853410,0
2026-08-05 09:45:00+05:30,244.35,244.93,243.21,244.9,2763805,0
2026-08-05 10:00:00+05:30,244.85,245.0,244.23,244.68,1284853,0
2026-08-05 10:15:00+05:30,244.75,244.8,243.58,243.98,637120,0
2026-08-05 10:30:00+05:30,243.89,244.87,243.8,244.83,374208,0
2026-08-05 10:45:00+05:30,244.75,244.88,244.3,244.66,256062,0
2026-08-05 11:00:00+05:30,244.67,244.85,244.26,244.66,255993,0
2026-08-05 11:15:00+05:30,244.65,244.84,244.4,244.79,186082,0
2026-08-05 11:30:00+05:30,244.79,244.83,244.41,244.75,195884,0
2026-08-05 11:45:00+05:30,244.79,246.0,244.63,246.0,1806401,0
2026-08-05 12:00:00+05:30,246.0,247.0,245.32,246.86,2138710,0
2026-08-05 12:15:00+05:30,246.92,247.0,246.56,246.88,764886,0
2026-08-05 12:30:00+05:30,246.81,246.94,246.6,246.8,289832,0
2026-08-05 12:45:00+05:30,246.8,247.0,246.45,247.0,625522,0
2026-08-05 13:00:00+05:30,247.0,248.0,246.8,247.98,1894712,0
2026-08-05 13:15:00+05:30,247.92,249.98,247.91,249.94,3226347,0
2026-08-05 13:30:00+05:30,249.94,251.0,249.87,250.9,4886179,0
2026-08-05 13:45:00+05:30,250.8,251.88,250.3,251.7,1958704,0
2026-08-05 14:00:00+05:30,251.7,251.8,248.02,249.11,2631418,0
2026-08-05 14:15:00+05:30,249.2,250.95,248.7,250.36,976531,0
2026-08-05 14:30:00+05:30,250.36,252.99,250.17,252.8,4492783,0
2026-08-05 14:45:00+05:30,252.7,253.5,250.72,252.47,3610615,0
2026-08-05 15:00:00+05:30,252.47,252.81,249.1,251.07,2692547,0
2026-08-05 15:15:00+05:30,251.08,254.0,250.64,252.9,2927574,0
2026-08-06 09:15:00+05:30,254.0,258.0,253.8,257.69,7354056,0
2026-08-06 09:30:00+05:30,257.8,259.0,257.17,258.9,3454241,0
2026-08-06 09:45:00+05:30,258.97,259.9,257.0,259.75,2672518,0
2026-08-06 10:00:00+05:30,259.75,262.0,258.85,262.0,4380243,0
2026-08-06 10:15:00+05:30,261.91,262.0,261.12,261.85,1286185,0
2026-08-06 10:30:00+05:30,261.91,263.0,261.58,261.7,2554291,0
2026-08-06 10:45:00+05:30,261.7,262.67,260.51,262.25,1698464,0
2026-08-06 11:00:00+05:30,262.2,262.99,262.13,262.8,1881170,0
2026-08-06 11:15:00+05:30,262.8,262.9,261.01,262.69,895472,0
2026-08-06 11:30:00+05:30,262.69,262.7,262.13,262.54,384337,0
2026-08-06 11:45:00+05:30,262.55,262.87,262.0,262.47,1837777,0
2026-08-06 12:00:00+05:30,262.59,262.7,262.3,262.51,244195,0
2026-08-06 12:15:00+05:30,262.5,262.59,262.01,262.5,370241,0
2026-08-06 12:30:00+05:30,262.5,262.83,262.35,262.79,222341,0
2026-08-06 12:45:00+05:30,262.79,263.0,262.52,262.62,1548652,0
2026-08-06 13:00:00+05:30,262.65,262.74,262.3,262.59,215096,0
2026-08-06 13:15:00+05:30,262.57,262.79,262.51,262.67,175691,0
2026-08-06 13:30:00+05:30,262.67,262.7,262.51,262.58,341321,0
2026-08-06 13:45:00+05:30,262.68,262.7,262.04,262.45,375012,0
2026-08-06 14:00:00+05:30,262.4,262.7,262.1,262.4,703987,0
2026-08-06 14:15:00+05:30,262.49,262.66,262.4,262.55,229051,0
2026-08-06 14:30:00+05:30,262.56,262.75,262.0,262.67,1239443,0
2026-08-06 14:45:00+05:30,262.67,262.67,260.02,261.67,1591977,0
2026-08-06 15:00:00+05:30,261.81,262.48,261.42,262.45,800178,0
2026-08-06 15:15:00+05:30,262.43,263.0,262.0,263.0,2144334,0
2026-08-07 09:15:00+05:30,264.0,267.0,239.28,257.8,13294909,0
2026-08-07 09:30:00+05:30,257.83,259.5,249.14,254.26,6764317,0
2026-08-07 09:45:00+05:30,254.31,256.61,253.02,255.57,5336577,0
2026-08-07 10:00:00+05:30,255.68,259.57,255.02,257.7,3050915,0
2026-08-07 10:15:00+05:30,257.82,258.0,255.39,258.0,1000379,0
2026-08-07 10:30:00+05:30,257.91,258.66,256.8,258.45,625408,0
2026-08-07 10:45:00+05:30,258.22,258.78,256.56,256.79,608054,0
2026-08-07 11:00:00+05:30,256.7,257.0,256.0,256.8,520826,0
2026-08-07 11:15:00+05:30,256.8,258.49,256.71,258.33,498374,0
2026-08-07 11:30:00+05:30,258.2,258.2,257.5,257.56,230768,0
2026-08-07 11:45:00+05:30,257.6,257.75,257.06,257.62,225117,0
2026-08-07 12:00:00+05:30,257.66,258.4,257.05,257.8,338457,0
2026-08-07 12:15:00+05:30,257.83,258.48,257.46,258.23,271049,0
2026-08-07 12:30:00+05:30,258.23,258.44,257.12,257.16,251095,0
2026-08-07 12:45:00+05:30,257.27,257.5,256.85,257.4,382382,0
2026-08-07 13:00:00+05:30,257.47,257.8,257.12,257.27,201667,0
2026-08-07 13:15:00+05:30,257.21,259.9,257.05,259.75,686522,0
2026-08-07 13:30:00+05:30,259.89,262.42,259.6,260.25,1635722,0
2026-08-07 13:45:00+05:30,260.44,261.5,258.54,260.89,1878459,0
2026-08-07 14:00:00+05:30,260.89,261.28,260.13,260.27,1204631,0
2026-08-07 14:15:00+05:30,260.25,260.8,259.51,260.21,468327,0
2026-08-07 14:30:00+05:30,260.19,261.99,259.53,261.12,613115,0
2026-08-07 14:45:00+05:30,261.14,262.94,260.3,262.75,1365224,0
2026-08-07 15:00:00+05:30,262.74,262.91,261.2,261.84,1719689,0
2026-08-07 15:15:00+05:30,261.98,263.0,261.11,262.94,2848599,0
2026-08-10 09:15:00+05:30,266.1,267.95,256.8,259.0,8698736,0
2026-08-10 09:30:00+05:30,259.07,263.94,259.0,262.68,3588910,0
2026-08-10 09:45:00+05:30,262.54,262.8,260.21,261.53,1931151,0
2026-08-10 10:00:00+05:30,261.69,263.78,261.5,262.28,1098340,0
2026-08-10 10:15:00+05:30,262.36,262.81,260.85,261.42,641168,0
2026-08-10 10:30:00+05:30,261.4,261.7,260.0,261.12,963175,0
2026-08-10 10:45:00+05:30,261.25,262.0,260.66,261.43,319664,0
2026-08-10 11:00:00+05:30,261.43,261.49,261.0,261.0,176060,0
2026-08-10 11:15:00+05:30,261.05,261.19,260.01,261.06,454746,0
2026-08-10 11:30:00+05:30,261.0,261.14,260.51,260.98,143129,0
2026-08-10 11:45:00+05:30,260.86,261.0,260.25,260.4,208405,0
2026-08-10 12:00:00+05:30,260.35,260.87,260.1,260.65,203406,0
2026-08-10 12:15:00+05:30,260.65,260.78,260.45,260.64,107914,0
2026-08-10 12:30:00+05:30,260.64,260.69,260.17,260.5,151219,0
2026-08-10 12:45:00+05:30,260.44,261.65,260.3,261.65,299230,0
2026-08-10 13:00:00+05:30,261.55,261.75,261.0,261.37,211469,0
2026-08-10 13:15:00+05:30,261.35,261.64,261.21,261.32,99532,0
2026-08-10 13:30:00+05:30,261.32,261.58,261.0,261.1,135283,0
2026-08-10 13:45:00+05:30,261.1,261.2,260.51,260.81,191010,0
2026-08-10 14:00:00+05:30,260.88,261.06,260.31,260.31,187679,0
2026-08-10 14:15:00+05:30,260.4,260.99,260.2,260.67,316943,0
2026-08-10 14:30:00+05:30,260.67,261.2,260.21,261.04,416046,0
2026-08-10 14:45:00+05:30,261.08,261.99,260.01,260.8,956418,0
2026-08-10 15:00:00+05:30,260.8,262.9,260.51,262.3,1918001,0
2026-08-10 15:15:00+05:30,262.3,264.78,262.29,264.45,2469251,0
2026-08-11 09:15:00+05:30,265.02,270.0,264.7,269.9,6412453,0
2026-08-11 09:30:00+05:30,269.9,272.0,269.25,271.84,4320363,0
2026-08-11 09:45:00+05:30,271.9,272.73,268.1,268.83,3140272,0
2026-08-11 10:00:00+05:30,268.83,271.95,268.4,271.71,1491329,0
2026-08-11 10:15:00+05:30,271.71,271.9,269.77,271.0,725137,0
2026-08-11 10:30:00+05:30,271.09,271.5,270.81,271.3,382567,0
2026-08-11 10:45:00+05:30,271.3,271.49,270.56,271.37,260332,0
2026-08-11 11:00:00+05:30,271.36,271.39,270.47,271.19,259988,0
2026-08-11 11:15:00+05:30,271.19,271.99,270.96,271.6,311001,0
2026-08-11 11:30:00+05:30,271.6,271.89,271.5,271.8,220200,0
2026-08-11 11:45:00+05:30,271.8,272.4,271.5,272.0,540429,0
2026-08-11 12:00:00+05:30,271.91,273.0,271.65,272.95,911825,0
2026-08-11 12:15:00+05:30,272.96,274.0,272.73,273.89,2090254,0
2026-08-11 12:30:00+05:30,273.89,274.25,273.1,273.7,1206167,0
2026-08-11 12:45:00+05:30,273.64,276.88,273.37,276.26,2597496,0
2026-08-11 13:00:00+05:30,276.26,277.0,276.14,276.33,1508585,0
2026-08-11 13:15:00+05:30,276.46,276.56,275.7,276.29,454374,0
2026-08-11 13:30:00+05:30,276.29,276.98,275.85,276.6,1411149,0
2026-08-11 13:45:00+05:30,276.6,276.8,276.23,276.47,240472,0
2026-08-11 14:00:00+05:30,276.47,276.89,276.31,276.73,308209,0
2026-08-11 14:15:00+05:30,276.73,277.0,276.5,276.86,1604267,0
2026-08-11 14:30:00+05:30,276.87,277.0,276.1,276.64,1044795,0
2026-08-11 14:45:00+05:30,276.64,276.99,275.0,276.85,1639942,0
2026-08-11 15:00:00+05:30,276.94,277.0,273.95,276.69,2217493,0
2026-08-11 15:15:00+05:30,276.61,277.0,276.6,277.0,2567423,0
2026-08-12 09:15:00+05:30,281.0,287.0,279.42,282.94,11006462,0
2026-08-12 09:30:00+05:30,282.81,286.89,282.62,286.77,3227978,0
2026-08-12 09:45:00+05:30,286.76,287.0,286.16,286.8,3205808,0
2026-08-12 10:00:00+05:30,286.8,287.0,286.21,286.89,1343852,0
2026-08-12 10:15:00+05:30,286.85,288.0,286.81,287.53,3471315,0
2026-08-12 10:30:00+05:30,287.53,288.97,285.01,288.97,4451473,0
2026-08-12 10:45:00+05:30,288.97,289.0,286.12,287.3,3037061,0
2026-08-12 11:00:00+05:30,287.3,288.99,286.75,288.32,910515,0
2026-08-12 11:15:00+05:30,288.32,288.5,288.0,288.2,401715,0
2026-08-12 11:30:00+05:30,288.2,288.5,287.71,288.48,397570,0
2026-08-12 11:45:00+05:30,288.4,289.0,288.3,288.85,1354491,0
2026-08-12 12:00:00+05:30,288.95,290.0,288.81,289.9,2861922,0
2026-08-12 12:15:00+05:30,289.9,290.0,289.7,289.9,420549,0
2026-08-12 12:30:00+05:30,289.9,290.0,289.55,289.78,345809,0
2026-08-12 12:45:00+05:30,289.86,289.88,289.5,289.88,320382,0
2026-08-12 13:00:00+05:30,289.88,289.98,289.42,289.8,321605,0
2026-08-12 13:15:00+05:30,289.9,289.95,289.73,289.93,203237,0
2026-08-12 13:30:00+05:30,289.8,289.91,289.19,289.62,291648,0
2026-08-12 13:45:00+05:30,289.64,289.85,289.51,289.75,178371,0
2026-08-12 14:00:00+05:30,289.85,289.85,289.22,289.7,350421,0
2026-08-12 14:15:00+05:30,289.67,289.94,289.67,289.81,294563,0
2026-08-12 14:30:00+05:30,289.9,290.0,289.06,289.76,2411034,0
2026-08-12 14:45:00+05:30,289.82,289.96,287.34,289.8,1968975,0
2026-08-12 15:00:00+05:30,289.63,290.0,289.01,289.98,1787394,0
2026-08-12 15:15:00+05:30,289.98,290.0,289.67,290.0,2326103,0
2026-08-13 09:15:00+05:30,291.25,295.0,281.11,287.24,12047212,0
2026-08-13 09:30:00+05:30,287.23,293.49,287.06,290.18,3756432,0
2026-08-13 09:45:00+05:30,290.05,290.21,286.06,287.81,2997359,0
2026-08-13 10:00:00+05:30,287.68,289.96,286.01,289.26,2176402,0
2026-08-13 10:15:00+05:30,289.14,290.75,289.0,289.51,2314773,0
2026-08-13 10:30:00+05:30,289.51,289.65,287.8,288.5,1252795,0
2026-08-13 10:45:00+05:30,288.68,290.6,288.02,289.66,776807,0
2026-08-13 11:00:00+05:30,289.66,289.74,288.54,288.93,349577,0
2026-08-13 11:15:00+05:30,288.9,290.92,288.11,290.34,1237972,0
2026-08-13 11:30:00+05:30,290.21,294.0,290.01,293.37,2623756,0
2026-08-13 11:45:00+05:30,293.37,293.45,291.49,293.06,3097288,0
2026-08-13 12:00:00+05:30,293.0,293.19,291.83,292.44,1001971,0
2026-08-13 12:15:00+05:30,292.55,292.88,292.0,292.48,337182,0
2026-08-13 12:30:00+05:30,292.49,294.99,292.01,293.35,1635503,0
2026-08-13 12:45:00+05:30,293.35,293.81,292.59,292.69,394198,0
2026-08-13 13:00:00+05:30,292.69,293.22,292.13,293.22,299070,0
2026-08-13 13:15:00+05:30,293.09,293.45,293.0,293.12,254470,0
2026-08-13 13:30:00+05:30,293.05,294.99,293.01,294.8,1720061,0
2026-08-13 13:45:00+05:30,294.88,294.99,293.5,293.6,1531058,0
2026-08-13 14:00:00+05:30,293.6,293.9,293.16,293.88,470421,0
2026-08-13 14:15:00+05:30,293.88,294.92,293.4,294.45,709217,0
2026-08-13 14:30:00+05:30,294.45,294.5,294.0,294.2,370753,0
2026-08-13 14:45:00+05:30,294.25,294.77,294.0,294.26,569998,0
2026-08-13 15:00:00+05:30,294.26,294.99,294.25,294.89,1623897,0
2026-08-13 15:15:00+05:30,294.89,294.99,294.25,294.98,2321605,0
2026-08-14 09:15:00+05:30,295.0,299.0,295.0,297.97,5119029,0
2026-08-14 09:30:00+05:30,297.97,298.0,295.8,297.38,1662731,0
2026-08-14 09:45:00+05:30,297.26,297.44,293.49,296.2,1841094,0
2026-08-14 10:00:00+05:30,296.2,296.38,294.2,294.85,1109762,0
2026-08-14 10:15:00+05:30,294.89,296.33,293.11,296.17,1679386,0
2026-08-14 10:30:00+05:30,296.17,297.29,296.0,296.78,1002246,0
2026-08-14 10:45:00+05:30,296.7,296.78,295.5,295.83,334115,0
2026-08-14 11:00:00+05:30,295.81,295.81,295.0,295.2,390361,0
2026-08-14 11:15:00+05:30,295.2,295.28,294.11,294.5,529515,0
2026-08-14 11:30:00+05:30,294.5,294.56,291.0,292.25,1026235,0
2026-08-14 11:45:00+05:30,292.25,293.5,288.01,291.68,2480110,0
2026-08-14 12:00:00+05:30,291.68,292.3,290.17,291.0,619706,0
2026-08-14 12:15:00+05:30,291.0,291.84,290.7,291.3,263419,0
2026-08-14 12:30:00+05:30,291.2,291.43,290.2,290.75,387561,0
2026-08-14 12:45:00+05:30,290.7,290.78,289.6,290.6,489513,0
2026-08-14 13:00:00+05:30,290.6,292.25,290.48,291.9,390541,0
2026-08-14 13:15:00+05:30,291.9,292.75,291.52,292.19,375515,0
2026-08-14 13:30:00+05:30,292.19,292.3,290.84,291.02,248266,0
2026-08-14 13:45:00+05:30,291.14,292.61,291.0,291.71,253040,0
2026-08-14 14:00:00+05:30,291.7,292.49,291.02,291.23,248441,0
2026-08-14 14:15:00+05:30,291.22,291.98,291.02,291.7,189109,0
2026-08-14 14:30:00+05:30,291.75,292.75,291.4,292.7,476994,0
2026-08-14 14:45:00+05:30,292.7,292.8,290.89,292.55,892082,0
2026-08-14 15:00:00+05:30,292.6,296.0,292.54,294.8,1942332,0
2026-08-14 15:15:00+05:30,294.84,295.67,292.4,293.0,1695404,0
2026-08-17 09:15:00+05:30,294.51,295.35,285.0,288.16,5361083,0
2026-08-17 09:30:00+05:30,288.22,288.45,286.1,287.66,1557821,0
2026-08-17 09:45:00+05:30,287.62,289.34,287.17,287.5,906499,0
2026-08-17 10:00:00+05:30,287.35,288.5,286.73,287.5,532926,0
2026-08-17 10:15:00+05:30,287.6,288.35,286.51,286.6,585602,0
2026-08-17 10:30:00+05:30,286.5,289.72,286.0,289.72,1602840,0
2026-08-17 10:45:00+05:30,289.72,290.59,288.6,289.31,878878,0
2026-08-17 11:00:00+05:30,289.14,290.1,288.5,289.9,1352477,0
2026-08-17 11:15:00+05:30,289.93,291.41,289.25,289.39,697949,0
2026-08-17 11:30:00+05:30,289.39,290.52,289.0,289.37,410197,0
2026-08-17 11:45:00+05:30,289.37,290.64,289.37,290.25,318372,0
2026-08-17 12:00:00+05:30,290.25,290.58,289.7,290.49,129554,0
2026-08-17 12:15:00+05:30,290.4,290.7,290.14,290.16,166546,0
2026-08-17 12:30:00+05:30,290.3,290.5,289.7,289.7,146641,0
2026-08-17 12:45:00+05:30,289.71,290.0,289.21,289.39,147850,0
2026-08-17 13:00:00+05:30,289.37,289.5,288.15,288.25,426372,0
2026-08-17 13:15:00+05:30,288.25,288.63,288.0,288.12,299962,0
2026-08-17 13:30:00+05:30,288.12,288.39,287.81,288.33,234484,0
2026-08-17 13:45:00+05:30,288.2,288.29,287.8,287.9,170827,0
2026-08-17 14:00:00+05:30,287.9,288.09,287.03,287.15,318086,0
2026-08-17 14:15:00+05:30,286.85,287.17,282.3,283.2,2366305,0
2026-08-17 14:30:00+05:30,283.17,283.27,263.53,266.07,11018069,0
2026-08-17 14:45:00+05:30,260.35,267.35,235.11,260.13,16451945,0
2026-08-17 15:00:00+05:30,260.15,273.53,258.0,265.02,8289722,0
2026-08-17 15:15:00+05:30,265.22,272.98,263.35,270.1,4763989,0
2026-08-18 09:15:00+05:30,273.0,284.0,269.0,269.8,10705406,0
2026-08-18 09:30:00+05:30,269.76,271.55,261.2,267.0,6525857,0
2026-08-18 09:45:00+05:30,267.1,267.36,261.51,263.0,3520524,0
2026-08-18 10:00:00+05:30,262.98,263.25,260.65,262.23,2060449,0
2026-08-18 10:15:00+05:30,262.4,264.0,257.21,262.49,4455429,0
2026-08-18 10:30:00+05:30,262.46,268.66,259.22,266.55,4489181,0
2026-08-18 10:45:00+05:30,266.39,269.0,265.86,268.5,1624117,0
2026-08-18 11:00:00+05:30,268.5,269.5,267.06,268.25,1504278,0
2026-08-18 11:15:00+05:30,268.24,271.0,267.51,269.8,2213317,0
2026-08-18 11:30:00+05:30,269.85,270.98,268.6,269.01,865869,0
2026-08-18 11:45:00+05:30,269.12,270.3,269.0,269.61,487998,0
2026-08-18 12:00:00+05:30,269.65,270.79,268.3,269.1,2439548,0
2026-08-18 12:15:00+05:30,269.0,274.5,267.78,273.29,2446512,0
2026-08-18 12:30:00+05:30,273.25,275.79,272.06,273.58,2222994,0
2026-08-18 12:45:00+05:30,273.57,275.5,273.2,274.5,1087520,0
2026-08-18 13:00:00+05:30,274.58,274.8,273.0,273.53,793658,0
2026-08-18 13:15:00+05:30,273.53,273.99,272.1,272.55,2353241,0
2026-08-18 13:30:00+05:30,272.55,278.61,272.45,276.74,1913742,0
2026-08-18 13:45:00+05:30,276.6,277.19,276.02,276.74,989702,0
2026-08-18 14:00:00+05:30,276.7,280.0,276.65,279.7,1955962,0
2026-08-18 14:15:00+05:30,279.63,279.99,277.01,279.57,1928026,0
2026-08-18 14:30:00+05:30,279.7,282.85,279.1,282.74,3682062,0
2026-08-18 14:45:00+05:30,282.61,284.63,281.22,283.02,3019411,0
2026-08-18 15:00:00+05:30,283.16,285.7,283.02,284.1,3039286,0
2026-08-18 15:15:00+05:30,284.1,285.09,282.0,282.99,2590381,0
2026-08-19 09:15:00+05:30,285.45,288.0,279.0,281.72,4872746,0
2026-08-19 09:30:00+05:30,281.8,282.0,280.0,280.48,1505707,0
2026-08-19 09:45:00+05:30,280.5,280.83,277.43,279.49,1949799,0
2026-08-19 10:00:00+05:30,279.64,279.94,278.05,278.5,973054,0
2026-08-19 10:15:00+05:30,278.38,280.0,277.21,278.9,1797630,0
2026-08-19 10:30:00+05:30,278.98,279.66,278.26,279.0,488087,0
2026-08-19 10:45:00+05:30,279.0,279.58,278.25,279.2,326767,0
2026-08-19 11:00:00+05:30,279.19,282.0,279.01,281.73,1587445,0
2026-08-19 11:15:00+05:30,281.75,282.0,281.2,281.5,627048,0
2026-08-19 11:30:00+05:30,281.5,281.99,281.35,281.75,289443,0
2026-08-19 11:45:00+05:30,281.72,282.5,281.02,282.42,658943,0
2026-08-19 12:00:00+05:30,282.4,283.59,282.2,282.66,734488,0
2026-08-19 12:15:00+05:30,282.69,284.97,282.18,284.75,1228952,0
2026-08-19 12:30:00+05:30,284.7,286.29,284.13,285.87,1410752,0
2026-08-19 12:45:00+05:30,285.87,287.49,284.6,287.1,1551192,0
2026-08-19 13:00:00+05:30,287.09,288.96,286.47,288.85,1562768,0
2026-08-19 13:15:00+05:30,288.8,290.9,288.12,289.2,2773202,0
2026-08-19 13:30:00+05:30,289.21,289.97,287.01,289.33,1448186,0
2026-08-19 13:45:00+05:30,289.34,290.6,288.0,289.74,1077383,0
2026-08-19 14:00:00+05:30,289.75,289.9,286.01,286.66,1212863,0
2026-08-19 14:15:00+05:30,286.83,288.25,286.0,287.58,900368,0
2026-08-19 14:30:00+05:30,287.72,287.73,286.37,287.15,400874,0
2026-08-19 14:45:00+05:30,287.11,287.22,286.27,286.71,689519,0
2026-08-19 15:00:00+05:30,286.73,287.2,286.13,286.96,999773,0
2026-08-19 15:15:00+05:30,286.99,286.99,280.5,283.5,2727509,0
2026-08-20 09:15:00+05:30,286.1,286.1,280.2,280.47,2975212,0
2026-08-20 09:30:00+05:30,280.58,282.39,280.0,282.13,2043445,0
2026-08-20 09:45:00+05:30,282.12,282.49,280.01,280.83,5289215,0
2026-08-20 10:00:00+05:30,280.83,283.89,280.0,283.83,1634043,0
2026-08-20 10:15:00+05:30,283.88,286.0,283.5,285.24,1555046,0
2026-08-20 10:30:00+05:30,285.29,285.47,283.2,283.83,758579,0
2026-08-20 10:45:00+05:30,283.73,284.3,282.7,283.3,441214,0
2026-08-20 11:00:00+05:30,283.22,284.0,283.2,283.73,306536,0
2026-08-20 11:15:00+05:30,283.69,285.0,283.5,284.6,428497,0
2026-08-20 11:30:00+05:30,284.68,284.87,282.52,282.75,731527,0
2026-08-20 11:45:00+05:30,282.67,283.18,281.54,282.73,1234410,0
2026-08-20 12:00:00+05:30,282.77,283.79,282.35,283.7,289813,0
2026-08-20 12:15:00+05:30,283.7,284.99,283.56,283.76,1389716,0
2026-08-20 12:30:00+05:30,283.77,284.0,282.11,283.17,936122,0
2026-08-20 12:45:00+05:30,283.29,284.39,282.7,282.79,320259,0
2026-08-20 13:00:00+05:30,282.79,283.08,282.11,282.38,262962,0
2026-08-20 13:15:00+05:30,282.38,282.54,282.05,282.38,198770,0
2026-08-20 13:30:00+05:30,282.25,282.89,281.77,282.39,590411,0
2026-08-20 13:45:00+05:30,282.41,282.58,282.0,282.55,170303,0
2026-08-20 14:00:00+05:30,282.57,282.6,281.61,281.82,229743,0
2026-08-20 14:15:00+05:30,281.95,281.98,281.5,281.89,323643,0
2026-08-20 14:30:00+05:30,281.97,282.83,281.5,282.12,910659,0
2026-08-20 14:45:00+05:30,282.12,282.93,282.0,282.2,779573,0
2026-08-20 15:00:00+05:30,282.3,283.48,282.0,283.39,1060485,0
2026-08-20 15:15:00+05:30,283.39,283.45,281.5,282.3,1077594,0
2026-08-21 09:15:00+05:30,281.99,287.77,281.9,286.4,2992028,0
2026-08-21 09:30:00+05:30,286.5,287.8,285.5,286.99,1427225,0
2026-08-21 09:45:00+05:30,286.99,287.14,284.04,285.61,1124600,0
2026-08-21 10:00:00+05:30,285.63,286.69,285.6,286.14,414256,0
2026-08-21 10:15:00+05:30,286.03,286.24,285.25,285.39,324525,0
2026-08-21 10:30:00+05:30,285.64,285.74,284.5,285.6,365672,0
2026-08-21 10:45:00+05:30,285.54,285.69,284.26,284.91,403980,0
2026-08-21 11:00:00+05:30,284.89,285.0,284.5,284.6,197200,0
2026-08-21 11:15:00+05:30,284.6,285.5,284.6,285.32,265368,0
2026-08-21 11:30:00+05:30,285.31,286.79,284.6,286.53,1234833,0
2026-08-21 11:45:00+05:30,286.6,286.6,285.42,285.93,245086,0
2026-08-21 12:00:00+05:30,285.93,286.25,285.52,286.08,197479,0
2026-08-21 12:15:00+05:30,286.24,286.42,285.8,286.18,220430,0
2026-08-21 12:30:00+05:30,286.28,288.0,286.18,287.89,927094,0
2026-08-21 12:45:00+05:30,287.89,288.0,285.02,285.17,732821,0
2026-08-21 13:00:00+05:30,285.16,285.5,282.0,283.63,1191812,0
2026-08-21 13:15:00+05:30,283.55,284.24,283.24,283.28,355345,0
2026-08-21 13:30:00+05:30,283.3,284.08,282.67,283.36,401233,0
2026-08-21 13:45:00+05:30,283.33,284.14,283.0,283.3,324295,0
2026-08-21 14:00:00+05:30,283.24,283.65,283.07,283.25,221457,0
2026-08-21 14:15:00+05:30,283.3,284.3,283.0,284.1,333331,0
2026-08-21 14:30:00+05:30,284.13,284.53,284.0,284.24,269334,0
2026-08-21 14:45:00+05:30,284.13,284.99,284.01,284.85,618084,0
2026-08-21 15:00:00+05:30,284.93,286.67,284.04,284.77,1045415,0
2026-08-21 15:15:00+05:30,284.77,284.77,283.5,283.99,824913,0
2026-08-24 09:15:00+05:30,285.5,288.3,284.0,284.58,2299131,0
2026-08-24 09:30:00+05:30,284.63,285.99,282.69,285.81,1227549,0
2026-08-24 09:45:00+05:30,285.82,291.9,285.75,288.5,3938373,0
2026-08-24 10:00:00+05:30,288.5,288.5,286.0,287.69,708477,0
2026-08-24 10:15:00+05:30,287.64,287.94,286.61,286.89,310028,0
2026-08-24 10:30:00+05:30,286.81,287.12,286.53,286.82,214807,0
2026-08-24 10:45:00+05:30,286.73,287.12,285.97,286.76,331187,0
2026-08-24 11:00:00+05:30,286.76,286.85,286.45,286.7,148480,0
2026-08-24 11:15:00+05:30,286.7,286.8,286.02,286.02,143763,0
2026-08-24 11:30:00+05:30,286.1,286.36,286.01,286.36,178738,0
2026-08-24 11:45:00+05:30,286.25,286.69,285.62,286.32,210894,0
2026-08-24 12:00:00+05:30,286.32,286.49,286.0,286.12,111971,0
2026-08-24 12:15:00+05:30,286.12,286.21,285.59,285.81,131342,0
2026-08-24 12:30:00+05:30,285.75,285.95,285.5,285.63,163828,0
2026-08-24 12:45:00+05:30,285.63,286.15,285.5,285.95,266814,0
2026-08-24 13:00:00+05:30,285.95,286.35,285.66,285.89,123882,0
2026-08-24 13:15:00+05:30,285.8,286.28,285.51,286.14,181479,0
2026-08-24 13:30:00+05:30,286.1,286.3,285.63,285.78,125452,0
2026-08-24 13:45:00+05:30,285.78,286.35,285.52,286.25,212049,0
2026-08-24 14:00:00+05:30,286.24,286.5,286.1,286.24,148728,0
2026-08-24 14:15:00+05:30,286.23,286.24,285.56,285.86,223792,0
2026-08-24 14:30:00+05:30,285.97,286.0,285.61,285.81,211858,0
2026-08-24 14:45:00+05:30,285.81,286.87,285.78,286.72,1342083,0
2026-08-24 15:00:00+05:30,286.74,287.2,285.55,285.84,1886168,0
2026-08-24 15:15:00+05:30,285.85,286.79,285.55,286.1,959742,0
2026-08-25 09:15:00+05:30,287.45,287.75,284.65,285.69,1303230,0
2026-08-25 09:30:00+05:30,285.82,286.0,285.0,285.72,431031,0
2026-08-25 09:45:00+05:30,285.72,285.72,284.19,284.72,554836,0
2026-08-25 10:00:00+05:30,284.7,284.75,284.02,284.15,346558,0
2026-08-25 10:15:00+05:30,284.15,284.21,283.11,283.94,545657,0
2026-08-25 10:30:00+05:30,283.94,284.58,283.76,284.0,228344,0
2026-08-25 10:45:00+05:30,284.12,284.12,283.5,283.6,195976,0
2026-08-25 11:00:00+05:30,283.66,284.0,283.54,284.0,145956,0
2026-08-25 11:15:00+05:30,284.0,284.25,283.21,283.21,211651,0
2026-08-25 11:30:00+05:30,283.25,283.5,281.3,281.96,870492,0
2026-08-25 11:45:00+05:30,282.08,282.38,281.51,281.9,294769,0
2026-08-25 12:00:00+05:30,281.94,283.98,281.0,282.8,754494,0
2026-08-25 12:15:00+05:30,282.7,283.5,281.5,282.3,461910,0
2026-08-25 12:30:00+05:30,282.3,282.5,281.8,282.12,164847,0
2026-08-25 12:45:00+05:30,282.1,282.53,281.51,282.05,170302,0
2026-08-25 13:00:00+05:30,282.0,282.05,281.52,281.56,110535,0
2026-08-25 13:15:00+05:30,281.53,281.91,281.32,281.57,158663,0
2026-08-25 13:30:00+05:30,281.69,282.12,281.2,281.32,321363,0
2026-08-25 13:45:00+05:30,281.4,281.94,281.21,281.5,132319,0
2026-08-25 14:00:00+05:30,281.51,282.25,281.3,281.98,221400,0
2026-08-25 14:15:00+05:30,281.99,282.95,281.81,282.74,329983,0
2026-08-25 14:30:00+05:30,282.74,282.75,281.2,281.72,504027,0
2026-08-25 14:45:00+05:30,281.72,282.0,281.3,281.87,1128921,0
2026-08-25 15:00:00+05:30,281.88,282.4,281.5,281.8,855835,0
2026-08-25 15:15:00+05:30,281.81,282.49,281.0,282.45,897040,0
2026-08-26 09:15:00+05:30,282.61,284.32,281.05,281.2,1254835,0
2026-08-26 09:30:00+05:30,281.25,284.61,281.2,282.79,1033645,0
2026-08-26 09:45:00+05:30,282.79,283.7,282.65,282.87,285379,0
2026-08-26 10:00:00+05:30,282.87,283.18,282.43,282.77,220219,0
2026-08-26 10:15:00+05:30,282.7,282.7,281.7,282.07,306110,0
2026-08-26 10:30:00+05:30,282.15,282.49,281.75,282.38,161977,0
2026-08-26 10:45:00+05:30,282.38,282.38,281.51,281.66,189152,0
2026-08-26 11:00:00+05:30,281.59,282.5,281.5,282.0,223123,0
2026-08-26 11:15:00+05:30,282.0,282.1,281.4,281.59,172287,0
2026-08-26 11:30:00+05:30,281.59,282.5,281.37,282.5,220420,0
2026-08-26 11:45:00+05:30,282.5,283.0,282.22,282.51,258805,0
2026-08-26 12:00:00+05:30,282.63,282.76,282.27,282.52,112780,0
2026-08-26 12:15:00+05:30,282.52,283.47,282.3,282.99,287972,0
2026-08-26 12:30:00+05:30,282.98,283.0,282.63,282.85,94340,0
2026-08-26 12:45:00+05:30,282.85,282.9,282.5,282.56,89813,0
2026-08-26 13:00:00+05:30,282.72,283.1,282.1,282.97,139105,0
2026-08-26 13:15:00+05:30,283.0,283.18,282.72,282.9,109160,0
2026-08-26 13:30:00+05:30,282.9,285.0,282.75,283.64,2401646,0
2026-08-26 13:45:00+05:30,283.75,284.45,283.29,283.59,165217,0
2026-08-26 14:00:00+05:30,283.51,283.95,283.4,283.77,605734,0
2026-08-26 14:15:00+05:30,283.83,284.0,283.4,283.52,303276,0
2026-08-26 14:30:00+05:30,283.52,283.94,283.26,283.75,126819,0
2026-08-26 14:45:00+05:30,283.75,284.24,283.3,283.8,236964,0
2026-08-26 15:00:00+05:30,283.8,284.97,283.41,284.26,459438,0
2026-08-26 15:15:00+05:30,284.26,284.5,282.5,284.0,869980,0
2026-08-27 09:15:00+05:30,284.89,285.6,283.5,284.6,810849,0
2026-08-27 09:30:00+05:30,284.6,284.75,283.0,283.2,421443,0
2026-08-27 09:45:00+05:30,283.2,283.95,282.25,282.44,385026,0
2026-08-27 10:00:00+05:30,282.44,282.44,276.2,279.18,1493267,0
2026-08-27 10:15:00+05:30,279.1,279.67,276.75,278.35,1497539,0
2026-08-27 10:30:00+05:30,278.34,278.45,276.8,276.89,620216,0
2026-08-27 10:45:00+05:30,276.89,278.88,274.01,277.54,1895835,0
2026-08-27 11:00:00+05:30,277.67,277.67,276.8,276.97,259810,0
2026-08-27 11:15:00+05:30,276.97,279.11,275.78,278.1,584575,0
2026-08-27 11:30:00+05:30,278.1,278.1,275.55,275.6,367639,0
2026-08-27 11:45:00+05:30,275.69,275.7,274.5,274.82,631002,0
2026-08-27 12:00:00+05:30,274.91,276.1,274.61,274.67,468004,0
2026-08-27 12:15:00+05:30,274.67,274.79,272.41,274.3,1108317,0
2026-08-27 12:30:00+05:30,274.4,274.56,273.34,273.7,299935,0
2026-08-27 12:45:00+05:30,273.7,274.19,273.28,273.68,261510,0
2026-08-27 13:00:00+05:30,273.77,274.22,272.8,273.22,412925,0
2026-08-27 13:15:00+05:30,273.22,274.3,272.51,273.09,436265,0
2026-08-27 13:30:00+05:30,273.13,273.9,272.8,273.4,285260,0
2026-08-27 13:45:00+05:30,273.3,273.41,272.55,272.69,315653,0
2026-08-27 14:00:00+05:30,272.61,273.98,272.52,272.89,454803,0
2026-08-27 14:15:00+05:30,272.89,273.09,272.4,272.78,277637,0
2026-08-27 14:30:00+05:30,272.78,273.9,272.4,272.54,485505,0
2026-08-27 14:45:00+05:30,272.54,278.39,272.11,274.55,2332201,0
2026-08-27 15:00:00+05:30,274.55,276.9,274.0,276.31,1405127,0
2026-08-27 15:15:00+05:30,276.47,278.25,276.0,277.36,2347359,0
2026-08-28 09:15:00+05:30,278.2,279.8,274.25,278.67,1880390,0
2026-08-28 09:30:00+05:30,278.67,281.94,277.79,281.74,1583349,0
2026-08-28 09:45:00+05:30,281.86,283.0,280.55,282.58,1241370,0
2026-08-28 10:00:00+05:30,282.55,282.68,280.29,280.73,656714,0
2026-08-28 10:15:00+05:30,280.72,282.5,280.46,282.15,411437,0
2026-08-28 10:30:00+05:30,282.17,282.5,281.74,282.4,368063,0
2026-08-28 10:45:00+05:30,282.4,282.87,282.03,282.71,363822,0
2026-08-28 11:00:00+05:30,282.63,287.78,282.63,286.22,1972962,0
2026-08-28 11:15:00+05:30,286.35,287.94,284.41,285.84,2046131,0
2026-08-28 11:30:00+05:30,285.83,286.8,282.16,283.11,817292,0
2026-08-28 11:45:00+05:30,283.2,283.95,282.6,282.61,350291,0
2026-08-28 12:00:00+05:30,282.62,283.82,282.2,282.91,273372,0
2026-08-28 12:15:00+05:30,282.98,283.47,282.61,282.8,128451,0
2026-08-28 12:30:00+05:30,282.86,283.0,282.66,282.87,76669,0
2026-08-28 12:45:00+05:30,282.87,283.33,282.84,283.13,105265,0
2026-08-28 13:00:00+05:30,283.25,283.25,282.06,282.22,470159,0
2026-08-28 13:15:00+05:30,282.2,282.5,281.62,282.07,183358,0
2026-08-28 13:30:00+05:30,282.13,282.19,281.61,281.61,110494,0
2026-08-28 13:45:00+05:30,281.73,282.03,280.52,281.93,339564,0
2026-08-28 14:00:00+05:30,281.93,282.68,281.8,282.15,110367,0
2026-08-28 14:15:00+05:30,282.1,283.0,282.0,282.9,171612,0
2026-08-28 14:30:00+05:30,282.9,283.25,282.8,282.99,169132,0
2026-08-28 14:45:00+05:30,282.9,284.15,282.9,283.36,344634,0
2026-08-28 15:00:00+05:30,283.34,283.95,281.0,281.3,620057,0
2026-08-28 15:15:00+05:30,281.49,283.0,281.29,282.28,615585,0
2026-08-31 09:15:00+05:30,283.85,284.6,280.43,283.14,1516464,0
2026-08-31 09:30:00+05:30,283.14,283.15,279.48,280.23,710714,0
2026-08-31 09:45:00+05:30,280.29,281.5,279.51,281.3,402545,0
2026-08-31 10:00:00+05:30,281.3,281.45,280.0,280.24,328093,0
2026-08-31 10:15:00+05:30,280.24,280.46,279.13,279.79,414818,0
2026-08-31 10:30:00+05:30,279.75,279.75,278.05,278.96,527468,0
2026-08-31 10:45:00+05:30,278.96,280.5,278.3,280.2,283531,0
2026-08-31 11:00:00+05:30,280.2,280.2,278.5,278.85,161076,0
2026-08-31 11:15:00+05:30,278.85,279.44,278.6,279.3,126929,0
2026-08-31 11:30:00+05:30,279.3,279.83,279.1,279.71,98976,0
2026-08-31 11:45:00+05:30,279.72,280.59,279.5,280.01,139120,0
2026-08-31 12:00:00+05:30,280.01,280.99,279.91,280.61,146444,0
2026-08-31 12:15:00+05:30,280.61,280.99,280.23,280.35,118564,0
2026-08-31 12:30:00+05:30,280.3,280.36,278.3,278.75,314889,0
2026-08-31 12:45:00+05:30,278.8,278.8,276.21,276.63,1062701,0
2026-08-31 13:00:00+05:30,276.63,278.83,276.41,278.33,686303,0
2026-08-31 13:15:00+05:30,278.45,279.6,278.18,279.51,203879,0
2026-08-31 13:30:00+05:30,279.49,279.52,278.4,278.57,131373,0
2026-08-31 13:45:00+05:30,278.61,280.22,278.5,279.77,198052,0
2026-08-31 14:00:00+05:30,279.77,280.3,279.22,279.8,454417,0
2026-08-31 14:15:00+05:30,279.8,280.23,279.72,279.86,107297,0
2026-08-31 14:30:00+05:30,279.87,280.3,279.6,280.18,178793,0
2026-08-31 14:45:00+05:30,280.1,280.69,280.1,280.44,210456,0
2026-08-31 15:00:00+05:30,280.36,281.0,279.06,280.9,616902,0
2026-08-31 15:15:00+05:30,280.95,281.1,279.81,280.4,917066,0
2026-09-01 09:15:00+05:30,280.0,281.95,279.0,280.4,1047118,0
2026-09-01 09:30:00+05:30,280.4,281.5,279.0,280.6,549351,0
2026-09-01 09:45:00+05:30,280.75,282.2,280.25,281.5,636582,0
2026-09-01 10:00:00+05:30,281.5,282.65,281.0,281.65,422729,0
2026-09-01 10:15:00+05:30,281.5,281.65,278.6,279.6,542084,0
2026-09-01 10:30:00+05:30,279.55,279.95,278.0,278.25,257121,0
2026-09-01 10:45:00+05:30,278.25,279.55,278.05,279.1,291719,0
2026-09-01 11:00:00+05:30,279.2,279.3,278.1,278.5,210268,0
2026-09-01 11:15:00+05:30,278.5,278.9,278.1,278.85,137258,0
2026-09-01 11:30:00+05:30,278.85,278.9,278.1,278.25,141890,0
2026-09-01 11:45:00+05:30,278.3,279.4,278.1,279.4,254419,0
2026-09-01 12:00:00+05:30,279.4,279.8,279.0,279.4,108657,0
2026-09-01 12:15:00+05:30,279.4,279.6,278.6,278.85,84896,0
2026-09-01 12:30:00+05:30,278.85,279.0,278.3,278.45,164153,0
2026-09-01 12:45:00+05:30,278.45,278.75,276.9,277.3,495487,0
2026-09-01 13:00:00+05:30,277.35,277.65,275.65,275.7,453928,0
2026-09-01 13:15:00+05:30,275.7,276.5,273.6,274.0,633581,0
2026-09-01 13:30:00+05:30,274.0,275.7,267.5,271.9,1501870,0
2026-09-01 13:45:00+05:30,271.85,272.55,269.75,270.6,1259683,0
2026-09-01 14:00:00+05:30,270.6,272.5,266.5,272.0,2359255,0
2026-09-01 14:15:00+05:30,272.0,273.6,271.2,273.35,2321405,0
2026-09-01 14:30:00+05:30,273.45,276.8,273.35,276.55,982470,0
2026-09-01 14:45:00+05:30,276.4,276.9,274.55,275.75,658757,0
2026-09-01 15:00:00+05:30,275.75,276.05,274.0,275.45,806690,0
2026-09-01 15:15:00+05:30,275.45,275.95,274.05,275.7,687020,0
2026-09-02 09:15:00+05:30,275.05,278.9,274.0,276.05,1333226,0
2026-09-02 09:30:00+05:30,276.05,277.6,275.5,277.15,552134,0
2026-09-02 09:45:00+05:30,277.3,279.95,276.05,278.95,1151303,0
2026-09-02 10:00:00+05:30,278.8,282.3,278.75,280.6,1355598,0
2026-09-02 10:15:00+05:30,280.75,281.25,279.3,281.1,598949,0
2026-09-02 10:30:00+05:30,281.1,281.45,280.0,280.0,290135,0
2026-09-02 10:45:00+05:30,280.0,280.15,279.3,279.65,167056,0
2026-09-02 11:00:00+05:30,279.5,279.75,278.0,279.35,313842,0
2026-09-02 11:15:00+05:30,279.3,280.0,279.0,280.0,135317,0
2026-09-02 11:30:00+05:30,280.0,280.0,279.25,279.45,92649,0
2026-09-02 11:45:00+05:30,279.35,280.15,279.25,279.65,158675,0
2026-09-02 12:00:00+05:30,279.7,279.8,279.0,279.3,100646,0
2026-09-02 12:15:00+05:30,279.3,279.3,278.05,278.9,136197,0
2026-09-02 12:30:00+05:30,278.95,278.95,278.3,278.9,71472,0
2026-09-02 12:45:00+05:30,278.9,279.1,278.5,278.9,59201,0
2026-09-02 13:00:00+05:30,278.9,279.2,278.3,278.9,59847,0
2026-09-02 13:15:00+05:30,278.9,279.0,277.45,278.95,224695,0
2026-09-02 13:30:00+05:30,279.0,279.3,278.15,278.3,129748,0
2026-09-02 13:45:00+05:30,278.3,278.6,277.85,278.4,74792,0
2026-09-02 14:00:00+05:30,278.4,278.65,278.15,278.35,76032,0
2026-09-02 14:15:00+05:30,278.45,279.45,278.25,279.35,186950,0
2026-09-02 14:30:00+05:30,279.35,279.4,278.4,279.2,115354,0
2026-09-02 14:45:00+05:30,279.15,279.95,278.15,279.65,237648,0
2026-09-02 15:00:00+05:30,279.7,281.0,279.65,280.5,754772,0
2026-09-02 15:15:00+05:30,280.5,281.8,280.2,280.7,947951,0
2026-09-03 09:15:00+05:30,281.85,283.2,278.7,281.55,1475066,0
2026-09-03 09:30:00+05:30,281.5,281.5,279.75,279.9,382864,0
2026-09-03 09:45:00+05:30,279.95,280.0,278.4,278.8,425582,0
2026-09-03 10:00:00+05:30,278.7,278.95,277.05,278.5,719237,0
2026-09-03 10:15:00+05:30,278.55,280.5,278.4,280.2,449464,0
2026-09-03 10:30:00+05:30,280.2,280.35,279.45,279.7,150134,0
2026-09-03 10:45:00+05:30,279.7,279.75,278.8,279.0,154094,0
2026-09-03 11:00:00+05:30,278.95,279.0,278.45,278.75,137775,0
2026-09-03 11:15:00+05:30,278.7,279.2,278.55,279.0,131321,0
2026-09-03 11:30:00+05:30,279.0,279.5,278.8,279.3,135291,0
2026-09-03 11:45:00+05:30,279.1,279.2,278.65,278.85,75337,0
2026-09-03 12:00:00+05:30,278.7,279.2,278.7,279.15,65010,0
2026-09-03 12:15:00+05:30,279.15,279.8,279.05,279.5,87958,0
2026-09-03 12:30:00+05:30,279.8,279.8,279.2,279.25,80381,0
2026-09-03 12:45:00+05:30,279.35,279.7,279.25,279.45,43095,0
2026-09-03 13:00:00+05:30,279.45,279.85,279.3,279.6,62873,0
2026-09-03 13:15:00+05:30,279.5,279.65,279.05,279.45,90919,0
2026-09-03 13:30:00+05:30,279.45,279.5,279.1,279.25,80485,0
2026-09-03 13:45:00+05:30,279.25,279.65,279.05,279.65,110309,0
2026-09-03 14:00:00+05:30,279.55,280.85,279.35,279.55,567928,0
2026-09-03 14:15:00+05:30,279.5,279.85,279.15,279.15,75344,0
2026-09-03 14:30:00+05:30,279.3,279.45,279.05,279.35,85370,0
2026-09-03 14:45:00+05:30,279.3,279.85,278.85,279.15,269943,0
2026-09-03 15:00:00+05:30,279.2,280.05,278.95,279.85,491569,0
2026-09-03 15:15:00+05:30,279.8,280.45,279.55,280.25,735654,0
