timestamp,open,high,low,close,volume,oi
2026-05-22 09:15:00+05:30,720.0,726.45,701.8,726.45,181892,0
2026-05-22 09:30:00+05:30,725.65,728.3,718.2,720.7,49638,0
2026-05-22 09:45:00+05:30,721.35,732.4,707.6,716.95,224014,0
2026-05-22 10:00:00+05:30,716.0,722.8,708.1,721.1,28572,0
2026-05-22 10:15:00+05:30,722.3,729.65,708.1,729.65,31774,0
2026-05-22 10:30:00+05:30,726.25,732.4,723.45,725.95,122446,0
2026-05-22 10:45:00+05:30,729.8,732.4,726.35,729.95,22005,0
2026-05-22 11:00:00+05:30,730.0,732.4,728.2,732.4,14818,0
2026-05-22 11:15:00+05:30,732.4,732.4,730.4,732.4,16993,0
2026-05-22 11:30:00+05:30,732.4,732.4,731.5,732.4,5753,0
2026-05-22 11:45:00+05:30,732.4,732.4,732.4,732.4,3441,0
2026-05-22 12:00:00+05:30,732.4,732.4,732.4,732.4,1475,0
2026-05-22 12:15:00+05:30,732.4,732.4,732.4,732.4,709,0
2026-05-22 12:30:00+05:30,732.4,732.4,732.4,732.4,1200,0
2026-05-22 12:45:00+05:30,732.4,732.4,732.4,732.4,1002,0
2026-05-22 13:00:00+05:30,732.4,732.4,732.4,732.4,1437,0
2026-05-22 13:15:00+05:30,732.4,732.4,732.4,732.4,1875,0
2026-05-22 13:30:00+05:30,732.4,732.4,732.4,732.4,353,0
2026-05-22 13:45:00+05:30,732.4,732.4,732.4,732.4,1487,0
2026-05-22 14:00:00+05:30,732.4,732.4,732.4,732.4,620,0
2026-05-22 14:15:00+05:30,732.4,732.4,732.4,732.4,700,0
2026-05-22 14:30:00+05:30,732.4,732.4,732.4,732.4,4403,0
2026-05-22 14:45:00+05:30,732.4,732.4,732.4,732.4,2419,0
2026-05-22 15:00:00+05:30,732.4,732.4,727.9,732.2,34621,0
2026-05-22 15:15:00+05:30,732.0,732.4,730.0,732.4,13620,0
2026-05-25 09:15:00+05:30,757.0,768.4,745.05,768.4,189457,0
2026-05-25 09:30:00+05:30,768.4,768.4,757.0,764.0,57799,0
2026-05-25 09:45:00+05:30,765.0,767.4,757.2,764.9,46493,0
2026-05-25 10:00:00+05:30,764.85,768.4,764.0,768.4,33013,0
2026-05-25 10:15:00+05:30,768.4,768.4,768.4,768.4,1601,0
2026-05-25 10:30:00+05:30,768.4,768.4,768.4,768.4,8212,0
2026-05-25 10:45:00+05:30,768.4,768.4,768.4,768.4,2507,0
2026-05-25 11:00:00+05:30,768.4,768.4,768.4,768.4,11761,0
2026-05-25 11:15:00+05:30,768.4,768.4,768.4,768.4,817,0
2026-05-25 11:30:00+05:30,768.4,768.4,768.4,768.4,872,0
2026-05-25 11:45:00+05:30,768.4,768.4,768.4,768.4,302,0
2026-05-25 12:00:00+05:30,768.4,768.4,768.4,768.4,6409,0
2026-05-25 12:15:00+05:30,768.4,768.4,768.4,768.4,1601,0
2026-05-25 12:30:00+05:30,768.4,768.4,768.4,768.4,954,0
2026-05-25 12:45:00+05:30,768.4,768.4,768.4,768.4,1262,0
2026-05-25 13:00:00+05:30,768.4,768.4,768.4,768.4,360,0
2026-05-25 13:15:00+05:30,768.4,768.4,768.4,768.4,1099,0
2026-05-25 13:30:00+05:30,768.4,768.4,768.4,768.4,2900,0
2026-05-25 13:45:00+05:30,768.4,768.4,768.4,768.4,508,0
2026-05-25 14:00:00+05:30,768.4,768.4,768.4,768.4,306,0
2026-05-25 14:15:00+05:30,768.4,768.4,768.4,768.4,314,0
2026-05-25 14:30:00+05:30,768.4,768.4,768.4,768.4,724,0
2026-05-25 14:45:00+05:30,768.4,768.4,768.4,768.4,658,0
2026-05-25 15:00:00+05:30,768.4,768.4,768.4,768.4,477,0
2026-05-25 15:15:00+05:30,768.4,768.4,768.4,768.4,1896,0
2026-05-26 09:15:00+05:30,790.0,806.8,783.15,806.8,128941,0
2026-05-26 09:30:00+05:30,806.8,806.8,806.8,806.8,6027,0
2026-05-26 09:45:00+05:30,806.8,806.8,791.8,800.05,133685,0
2026-05-26 10:00:00+05:30,798.85,800.0,773.0,777.0,127738,0
2026-05-26 10:15:00+05:30,778.0,799.95,777.55,792.65,39222,0
2026-05-26 10:30:00+05:30,792.9,797.4,790.0,796.0,20786,0
2026-05-26 10:45:00+05:30,795.8,803.0,792.55,802.7,33736,0
2026-05-26 11:00:00+05:30,802.7,804.9,799.0,799.95,25487,0
2026-05-26 11:15:00+05:30,798.05,806.8,797.3,806.8,85174,0
2026-05-26 11:30:00+05:30,806.8,806.8,806.8,806.8,4085,0
2026-05-26 11:45:00+05:30,806.8,806.8,806.8,806.8,2822,0
2026-05-26 12:00:00+05:30,806.8,806.8,806.8,806.8,2998,0
2026-05-26 12:15:00+05:30,806.8,806.8,790.0,796.95,127944,0
2026-05-26 12:30:00+05:30,796.95,798.95,785.15,787.9,32457,0
2026-05-26 12:45:00+05:30,787.9,794.0,781.0,793.85,18795,0
2026-05-26 13:00:00+05:30,793.8,794.5,785.35,786.5,10975,0
2026-05-26 13:15:00+05:30,788.0,794.5,786.45,794.5,9611,0
2026-05-26 13:30:00+05:30,793.35,798.0,780.0,783.95,28063,0
2026-05-26 13:45:00+05:30,783.95,798.0,783.95,794.2,11398,0
2026-05-26 14:00:00+05:30,794.1,796.1,786.6,788.0,10004,0
2026-05-26 14:15:00+05:30,788.0,792.35,786.0,788.05,11901,0
2026-05-26 14:30:00+05:30,788.05,792.35,787.15,791.6,15465,0
2026-05-26 14:45:00+05:30,792.35,796.0,786.0,794.7,17619,0
2026-05-26 15:00:00+05:30,794.7,800.0,792.9,798.85,34752,0
2026-05-26 15:15:00+05:30,800.0,802.15,791.4,799.0,33283,0
2026-05-27 09:15:00+05:30,811.65,837.45,804.25,837.45,162193,0
2026-05-27 09:30:00+05:30,837.45,837.45,822.1,826.4,218415,0
2026-05-27 09:45:00+05:30,826.35,829.85,821.0,826.75,38316,0
2026-05-27 10:00:00+05:30,825.9,832.8,824.0,832.45,19702,0
2026-05-27 10:15:00+05:30,832.45,833.9,830.0,830.1,19858,0
2026-05-27 10:30:00+05:30,830.1,833.5,830.05,833.0,11091,0
2026-05-27 10:45:00+05:30,833.0,833.5,825.6,829.0,19308,0
2026-05-27 11:00:00+05:30,830.85,830.9,824.0,824.35,18723,0
2026-05-27 11:15:00+05:30,824.95,830.0,821.7,828.9,18012,0
2026-05-27 11:30:00+05:30,828.9,830.0,823.45,828.75,9160,0
2026-05-27 11:45:00+05:30,828.6,829.0,823.0,826.35,16949,0
2026-05-27 12:00:00+05:30,825.35,828.0,821.15,822.0,19058,0
2026-05-27 12:15:00+05:30,824.45,825.75,821.0,825.0,10290,0
2026-05-27 12:30:00+05:30,825.0,835.0,825.0,832.0,32116,0
2026-05-27 12:45:00+05:30,831.9,833.45,828.5,830.7,7934,0
2026-05-27 13:00:00+05:30,832.85,833.45,825.0,825.55,19270,0
2026-05-27 13:15:00+05:30,824.5,825.4,822.15,824.4,9807,0
2026-05-27 13:30:00+05:30,824.35,827.7,822.85,824.1,4545,0
2026-05-27 13:45:00+05:30,824.1,829.75,823.2,828.3,8080,0
2026-05-27 14:00:00+05:30,828.3,832.0,821.0,821.0,15931,0
2026-05-27 14:15:00+05:30,821.05,828.0,821.0,823.0,7657,0
2026-05-27 14:30:00+05:30,824.9,824.95,822.55,824.2,4412,0
2026-05-27 14:45:00+05:30,824.2,829.5,823.0,828.85,15848,0
2026-05-27 15:00:00+05:30,828.0,829.0,825.3,826.7,14981,0
2026-05-27 15:15:00+05:30,826.2,828.85,823.0,825.0,30386,0
2026-05-29 09:15:00+05:30,838.0,863.0,837.95,856.95,130136,0
2026-05-29 09:30:00+05:30,856.95,857.0,849.7,851.45,37385,0
2026-05-29 09:45:00+05:30,850.85,854.85,849.7,851.95,20336,0
2026-05-29 10:00:00+05:30,851.15,854.6,850.2,851.5,16528,0
2026-05-29 10:15:00+05:30,851.5,862.0,850.7,859.95,23380,0
2026-05-29 10:30:00+05:30,859.95,863.0,855.1,858.5,13183,0
2026-05-29 10:45:00+05:30,857.0,862.95,856.0,859.8,18285,0
2026-05-29 11:00:00+05:30,859.8,860.0,856.1,859.0,8514,0
2026-05-29 11:15:00+05:30,859.4,860.0,857.55,858.3,7137,0
2026-05-29 11:30:00+05:30,858.35,859.4,856.3,858.65,6656,0
2026-05-29 11:45:00+05:30,858.75,858.95,856.05,858.3,3472,0
2026-05-29 12:00:00+05:30,857.05,858.85,852.4,854.0,11731,0
2026-05-29 12:15:00+05:30,853.95,857.0,850.2,855.85,15314,0
2026-05-29 12:30:00+05:30,855.9,867.45,853.0,867.45,88736,0
2026-05-29 12:45:00+05:30,867.45,867.45,867.45,867.45,4467,0
2026-05-29 13:00:00+05:30,867.45,867.45,867.45,867.45,2430,0
2026-05-29 13:15:00+05:30,867.45,867.45,867.45,867.45,2224,0
2026-05-29 13:30:00+05:30,867.45,867.45,867.45,867.45,782,0
2026-05-29 13:45:00+05:30,867.45,867.45,867.45,867.45,884,0
2026-05-29 14:00:00+05:30,867.45,867.45,867.45,867.45,356,0
2026-05-29 14:15:00+05:30,867.45,867.45,867.45,867.45,178,0
2026-05-29 14:30:00+05:30,867.45,867.45,867.45,867.45,1616,0
2026-05-29 14:45:00+05:30,867.45,867.45,867.45,867.45,3274,0
2026-05-29 15:00:00+05:30,867.45,867.45,858.1,867.45,83127,0
2026-05-29 15:15:00+05:30,867.45,867.45,857.0,863.35,46338,0
2026-06-01 09:15:00+05:30,897.4,897.4,825.65,839.95,167940,0
2026-06-01 09:30:00+05:30,839.9,844.95,828.2,836.0,79730,0
2026-06-01 09:45:00+05:30,836.0,842.65,826.5,835.35,50266,0
2026-06-01 10:00:00+05:30,835.7,835.7,821.9,821.9,109676,0
2026-06-01 10:15:00+05:30,821.9,821.9,821.9,821.9,4373,0
2026-06-01 10:30:00+05:30,821.9,821.9,821.9,821.9,5326,0
2026-06-01 10:45:00+05:30,821.9,821.9,821.9,821.9,2312,0
2026-06-01 11:00:00+05:30,821.9,821.9,821.9,821.9,4346,0
2026-06-01 11:15:00+05:30,821.9,821.9,821.9,821.9,2500,0
2026-06-01 11:30:00+05:30,821.9,821.9,821.9,821.9,2862,0
2026-06-01 11:45:00+05:30,821.9,821.9,821.9,821.9,1204,0
2026-06-01 12:00:00+05:30,821.9,821.9,821.9,821.9,963,0
2026-06-01 12:15:00+05:30,821.9,821.9,821.9,821.9,1102,0
2026-06-01 12:30:00+05:30,821.9,821.9,821.9,821.9,1639,0
2026-06-01 12:45:00+05:30,821.9,821.9,821.9,821.9,295,0
2026-06-01 13:00:00+05:30,821.9,821.9,821.9,821.9,400,0
2026-06-01 13:15:00+05:30,821.9,821.9,821.9,821.9,828,0
2026-06-01 13:30:00+05:30,821.9,821.9,821.9,821.9,1513,0
2026-06-01 13:45:00+05:30,821.9,821.9,821.9,821.9,659,0
2026-06-01 14:00:00+05:30,821.9,821.9,821.9,821.9,2448,0
2026-06-01 14:15:00+05:30,821.9,821.9,821.9,821.9,783,0
2026-06-01 14:30:00+05:30,821.9,821.9,821.9,821.9,1038,0
2026-06-01 14:45:00+05:30,821.9,821.9,821.9,821.9,913,0
2026-06-01 15:00:00+05:30,821.9,821.9,821.9,821.9,1229,0
2026-06-01 15:15:00+05:30,821.9,821.9,821.9,821.9,1879,0
2026-06-02 09:15:00+05:30,780.85,797.95,780.85,780.85,157098,0
2026-06-02 09:30:00+05:30,780.85,780.85,780.85,780.85,2880,0
2026-06-02 09:45:00+05:30,780.85,792.0,780.85,791.7,281999,0
2026-06-02 10:00:00+05:30,791.35,814.0,791.0,810.0,130084,0
2026-06-02 10:15:00+05:30,809.95,816.8,795.3,805.15,63240,0
2026-06-02 10:30:00+05:30,805.55,834.9,805.55,810.65,91164,0
2026-06-02 10:45:00+05:30,810.65,823.1,809.05,815.0,23459,0
2026-06-02 11:00:00+05:30,815.0,821.0,808.05,808.1,22189,0
2026-06-02 11:15:00+05:30,808.0,824.95,808.0,821.95,22167,0
2026-06-02 11:30:00+05:30,821.0,821.95,798.15,807.3,19624,0
2026-06-02 11:45:00+05:30,806.65,809.75,805.0,809.3,3139,0
2026-06-02 12:00:00+05:30,808.05,820.0,808.0,820.0,7717,0
2026-06-02 12:15:00+05:30,818.3,820.7,811.8,817.15,5766,0
2026-06-02 12:30:00+05:30,817.15,826.8,814.95,824.15,22403,0
2026-06-02 12:45:00+05:30,824.05,829.7,821.4,828.4,11952,0
2026-06-02 13:00:00+05:30,829.1,854.8,829.1,852.0,37048,0
2026-06-02 13:15:00+05:30,851.2,855.0,842.15,843.0,24130,0
2026-06-02 13:30:00+05:30,842.05,848.95,836.75,839.25,26727,0
2026-06-02 13:45:00+05:30,839.3,851.95,836.0,848.15,9678,0
2026-06-02 14:00:00+05:30,848.15,849.9,838.95,846.0,9958,0
2026-06-02 14:15:00+05:30,844.1,848.5,844.0,845.9,6139,0
2026-06-02 14:30:00+05:30,845.9,848.0,837.0,838.8,5214,0
2026-06-02 14:45:00+05:30,840.0,854.5,839.2,848.35,42254,0
2026-06-02 15:00:00+05:30,847.85,862.95,844.0,855.95,46647,0
2026-06-02 15:15:00+05:30,855.7,862.95,852.0,862.95,40856,0
2026-06-03 09:15:00+05:30,876.0,888.8,873.45,879.95,114559,0
2026-06-03 09:30:00+05:30,878.65,883.85,870.1,881.2,55815,0
2026-06-03 09:45:00+05:30,881.85,893.95,876.0,877.65,56452,0
2026-06-03 10:00:00+05:30,877.65,882.3,872.55,873.5,25673,0
2026-06-03 10:15:00+05:30,874.3,882.95,870.85,882.95,10844,0
2026-06-03 10:30:00+05:30,882.0,889.0,881.0,884.4,11079,0
2026-06-03 10:45:00+05:30,885.0,889.75,882.9,886.0,11318,0
2026-06-03 11:00:00+05:30,885.8,886.95,876.8,878.7,12719,0
2026-06-03 11:15:00+05:30,878.55,886.8,875.3,880.95,17495,0
2026-06-03 11:30:00+05:30,880.95,881.2,877.15,878.6,4838,0
2026-06-03 11:45:00+05:30,878.9,884.9,878.9,880.0,6652,0
2026-06-03 12:00:00+05:30,881.0,883.0,877.4,883.0,15369,0
2026-06-03 12:15:00+05:30,883.0,889.75,882.2,889.75,12268,0
2026-06-03 12:30:00+05:30,889.75,891.0,887.35,889.8,14994,0
2026-06-03 12:45:00+05:30,889.35,889.35,883.0,885.75,5458,0
2026-06-03 13:00:00+05:30,885.85,888.5,884.05,886.4,3986,0
2026-06-03 13:15:00+05:30,887.5,889.9,886.3,889.75,5085,0
2026-06-03 13:30:00+05:30,888.7,889.75,883.0,883.55,11283,0
2026-06-03 13:45:00+05:30,883.7,884.45,879.0,879.25,23661,0
2026-06-03 14:00:00+05:30,879.25,881.45,854.2,856.8,32322,0
2026-06-03 14:15:00+05:30,856.8,872.3,850.0,865.15,27440,0
2026-06-03 14:30:00+05:30,866.0,870.0,859.55,863.1,19551,0
2026-06-03 14:45:00+05:30,865.5,866.25,859.05,859.1,17552,0
2026-06-03 15:00:00+05:30,860.95,873.0,860.95,868.2,12196,0
2026-06-03 15:15:00+05:30,868.25,871.85,864.4,868.85,25629,0
2026-06-04 09:15:00+05:30,875.0,899.0,875.0,898.0,48065,0
2026-06-04 09:30:00+05:30,898.0,905.0,892.35,901.75,60803,0
2026-06-04 09:45:00+05:30,903.0,911.85,899.3,911.85,146066,0
2026-06-04 10:00:00+05:30,911.85,911.85,911.85,911.85,5461,0
2026-06-04 10:15:00+05:30,911.85,911.85,911.85,911.85,2511,0
2026-06-04 10:30:00+05:30,911.85,911.85,911.85,911.85,1868,0
2026-06-04 10:45:00+05:30,911.85,911.85,911.85,911.85,1822,0
2026-06-04 11:00:00+05:30,911.85,911.85,911.85,911.85,3960,0
2026-06-04 11:15:00+05:30,911.85,911.85,911.85,911.85,5466,0
2026-06-04 11:30:00+05:30,911.85,911.85,911.85,911.85,2582,0
2026-06-04 11:45:00+05:30,911.85,911.85,911.85,911.85,3380,0
2026-06-04 12:00:00+05:30,911.85,911.85,911.85,911.85,2405,0
2026-06-04 12:15:00+05:30,911.85,911.85,911.85,911.85,3110,0
2026-06-04 12:30:00+05:30,911.85,911.85,899.0,904.25,113386,0
2026-06-04 12:45:00+05:30,903.05,911.85,900.3,911.85,41013,0
2026-06-04 13:00:00+05:30,911.85,911.85,892.05,894.05,55211,0
2026-06-04 13:15:00+05:30,894.05,904.8,890.0,899.3,33109,0
2026-06-04 13:30:00+05:30,898.95,901.9,891.3,899.85,14608,0
2026-06-04 13:45:00+05:30,899.85,904.8,895.95,897.5,14878,0
2026-06-04 14:00:00+05:30,895.95,904.4,895.95,900.05,15340,0
2026-06-04 14:15:00+05:30,902.6,903.9,898.05,899.05,6535,0
2026-06-04 14:30:00+05:30,901.65,911.85,899.05,908.8,63922,0
2026-06-04 14:45:00+05:30,908.45,909.0,904.0,907.9,12460,0
2026-06-04 15:00:00+05:30,907.9,911.85,900.05,911.85,24922,0
2026-06-04 15:15:00+05:30,911.85,911.85,911.85,911.85,4671,0
2026-06-05 09:15:00+05:30,926.3,926.3,882.7,885.05,93393,0
2026-06-05 09:30:00+05:30,886.5,889.65,873.05,877.0,34600,0
2026-06-05 09:45:00+05:30,877.0,879.0,865.0,869.3,52825,0
2026-06-05 10:00:00+05:30,867.95,886.35,867.0,875.85,30218,0
2026-06-05 10:15:00+05:30,875.95,876.95,862.25,865.85,51317,0
2026-06-05 10:30:00+05:30,865.85,870.0,862.2,864.1,54552,0
2026-06-05 10:45:00+05:30,866.0,872.0,862.2,872.0,22959,0
2026-06-05 11:00:00+05:30,872.0,891.0,870.0,889.9,80891,0
2026-06-05 11:15:00+05:30,889.85,900.0,875.25,876.8,34955,0
2026-06-05 11:30:00+05:30,879.0,885.0,877.1,880.0,8225,0
2026-06-05 11:45:00+05:30,880.0,885.0,878.0,882.8,3913,0
2026-06-05 12:00:00+05:30,882.0,883.3,875.35,881.65,6049,0
2026-06-05 12:15:00+05:30,882.95,886.0,879.05,882.85,4234,0
2026-06-05 12:30:00+05:30,882.55,882.55,875.0,875.0,2930,0
2026-06-05 12:45:00+05:30,876.15,876.95,870.55,876.85,7578,0
2026-06-05 13:00:00+05:30,875.25,877.0,873.0,874.05,2114,0
2026-06-05 13:15:00+05:30,874.9,879.75,874.0,874.3,4748,0
2026-06-05 13:30:00+05:30,874.3,887.85,874.25,879.55,6250,0
2026-06-05 13:45:00+05:30,879.65,883.5,878.0,883.35,4093,0
2026-06-05 14:00:00+05:30,883.4,883.5,880.0,882.45,3880,0
2026-06-05 14:15:00+05:30,882.4,889.85,874.55,889.85,8596,0
2026-06-05 14:30:00+05:30,889.8,894.0,883.2,887.25,7444,0
2026-06-05 14:45:00+05:30,887.25,889.5,877.6,879.05,11346,0
2026-06-05 15:00:00+05:30,879.55,887.7,879.5,882.0,15240,0
2026-06-05 15:15:00+05:30,880.8,888.5,878.0,881.0,31069,0
2026-06-08 09:15:00+05:30,860.3,894.1,855.05,885.9,69257,0
2026-06-08 09:30:00+05:30,885.0,894.95,880.2,882.6,27769,0
2026-06-08 09:45:00+05:30,882.85,900.7,881.1,900.0,26394,0
2026-06-08 10:00:00+05:30,900.7,910.8,897.15,907.15,56975,0
2026-06-08 10:15:00+05:30,907.15,913.8,900.15,901.85,31264,0
2026-06-08 10:30:00+05:30,901.9,907.0,898.35,902.0,15946,0
2026-06-08 10:45:00+05:30,901.95,903.9,897.0,902.0,12531,0
2026-06-08 11:00:00+05:30,902.5,903.9,897.0,897.2,5965,0
2026-06-08 11:15:00+05:30,897.5,898.95,885.85,888.1,14349,0
2026-06-08 11:30:00+05:30,888.1,894.0,886.0,892.45,9859,0
2026-06-08 11:45:00+05:30,891.05,893.6,890.0,890.0,5926,0
2026-06-08 12:00:00+05:30,890.0,890.0,883.0,884.1,6794,0
2026-06-08 12:15:00+05:30,884.2,886.45,883.8,885.0,6005,0
2026-06-08 12:30:00+05:30,885.0,886.0,882.05,884.25,6068,0
2026-06-08 12:45:00+05:30,884.3,885.95,882.15,882.55,2611,0
2026-06-08 13:00:00+05:30,883.95,884.0,882.1,882.95,1458,0
2026-06-08 13:15:00+05:30,882.95,883.95,881.1,881.1,1411,0
2026-06-08 13:30:00+05:30,881.95,882.0,880.0,881.0,7681,0
2026-06-08 13:45:00+05:30,881.0,881.5,880.0,881.0,3593,0
2026-06-08 14:00:00+05:30,881.0,883.4,872.05,872.1,12459,0
2026-06-08 14:15:00+05:30,872.1,873.9,862.5,865.45,12694,0
2026-06-08 14:30:00+05:30,865.45,870.0,862.5,870.0,7664,0
2026-06-08 14:45:00+05:30,871.05,872.0,857.25,861.95,13977,0
2026-06-08 15:00:00+05:30,861.95,880.0,857.2,859.95,26037,0
2026-06-08 15:15:00+05:30,859.95,864.95,855.1,860.2,27166,0
2026-06-09 09:15:00+05:30,873.95,886.8,871.6,877.0,35427,0
2026-06-09 09:30:00+05:30,877.65,904.4,877.0,899.0,71553,0
2026-06-09 09:45:00+05:30,899.0,904.25,897.1,903.85,33082,0
2026-06-09 10:00:00+05:30,904.0,905.5,897.0,902.9,158246,0
2026-06-09 10:15:00+05:30,901.55,905.5,899.35,902.45,59148,0
2026-06-09 10:30:00+05:30,904.0,905.5,903.65,905.5,6245,0
2026-06-09 10:45:00+05:30,905.5,905.5,900.25,905.5,21801,0
2026-06-09 11:00:00+05:30,905.5,905.5,900.1,903.4,15768,0
2026-06-09 11:15:00+05:30,905.5,905.5,903.0,905.5,11264,0
2026-06-09 11:30:00+05:30,905.5,905.5,905.5,905.5,4735,0
2026-06-09 11:45:00+05:30,905.5,905.5,904.2,905.5,5536,0
2026-06-09 12:00:00+05:30,905.5,905.5,904.9,905.5,4811,0
2026-06-09 12:15:00+05:30,905.5,905.5,905.5,905.5,2765,0
2026-06-09 12:30:00+05:30,905.5,905.5,905.5,905.5,597,0
2026-06-09 12:45:00+05:30,905.5,905.5,905.5,905.5,793,0
2026-06-09 13:00:00+05:30,905.5,905.5,905.5,905.5,2856,0
2026-06-09 13:15:00+05:30,905.5,905.5,905.5,905.5,283,0
2026-06-09 13:30:00+05:30,905.5,905.5,905.5,905.5,296,0
2026-06-09 13:45:00+05:30,905.5,905.5,905.5,905.5,739,0
2026-06-09 14:00:00+05:30,905.5,905.5,905.5,905.5,824,0
2026-06-09 14:15:00+05:30,905.5,905.5,891.25,903.75,109159,0
2026-06-09 14:30:00+05:30,903.75,905.5,899.05,905.5,28360,0
2026-06-09 14:45:00+05:30,905.5,905.5,905.0,905.5,2864,0
2026-06-09 15:00:00+05:30,905.5,905.5,905.5,905.5,4755,0
2026-06-09 15:15:00+05:30,905.5,905.5,905.5,905.5,1792,0
2026-06-10 09:15:00+05:30,912.2,935.95,909.15,918.15,127033,0
2026-06-10 09:30:00+05:30,916.2,919.0,898.2,899.15,44210,0
2026-06-10 09:45:00+05:30,899.0,925.5,898.0,921.0,29766,0
2026-06-10 10:00:00+05:30,921.0,926.75,921.0,922.0,7931,0
2026-06-10 10:15:00+05:30,922.0,926.9,915.0,920.0,9742,0
2026-06-10 10:30:00+05:30,919.35,925.85,916.6,921.15,4477,0
2026-06-10 10:45:00+05:30,921.15,922.0,916.5,918.75,6549,0
2026-06-10 11:00:00+05:30,918.75,922.5,917.65,920.5,4351,0
2026-06-10 11:15:00+05:30,920.45,925.45,919.55,922.35,4258,0
2026-06-10 11:30:00+05:30,922.15,922.15,917.2,919.7,4761,0
2026-06-10 11:45:00+05:30,919.7,919.7,913.1,915.7,11154,0
2026-06-10 12:00:00+05:30,915.05,924.85,914.05,924.1,8925,0
2026-06-10 12:15:00+05:30,924.0,932.0,922.8,928.3,12376,0
2026-06-10 12:30:00+05:30,928.9,930.0,917.05,917.6,9158,0
2026-06-10 12:45:00+05:30,918.0,921.55,918.0,921.05,3547,0
2026-06-10 13:00:00+05:30,921.5,925.0,920.0,922.8,5637,0
2026-06-10 13:15:00+05:30,923.35,923.35,918.75,919.6,4509,0
2026-06-10 13:30:00+05:30,919.0,922.0,919.0,921.0,3100,0
2026-06-10 13:45:00+05:30,921.05,922.0,914.0,914.0,7765,0
2026-06-10 14:00:00+05:30,913.65,917.35,910.1,911.6,8456,0
2026-06-10 14:15:00+05:30,912.0,919.75,911.4,915.0,6810,0
2026-06-10 14:30:00+05:30,915.8,919.65,912.0,914.7,5940,0
2026-06-10 14:45:00+05:30,914.7,916.6,912.0,915.95,5064,0
2026-06-10 15:00:00+05:30,915.5,920.0,900.0,900.35,32908,0
2026-06-10 15:15:00+05:30,900.5,917.95,900.0,910.0,38776,0
2026-06-11 09:15:00+05:30,920.0,920.0,891.0,901.9,62462,0
2026-06-11 09:30:00+05:30,901.9,915.0,898.55,901.1,42986,0
2026-06-11 09:45:00+05:30,902.25,910.0,900.15,908.45,13820,0
2026-06-11 10:00:00+05:30,909.65,923.0,909.65,921.4,23804,0
2026-06-11 10:15:00+05:30,921.6,924.0,918.0,920.0,13760,0
2026-06-11 10:30:00+05:30,920.0,920.85,912.0,912.55,9943,0
2026-06-11 10:45:00+05:30,912.4,912.4,904.5,904.95,9948,0
2026-06-11 11:00:00+05:30,904.95,906.75,901.5,902.0,9087,0
2026-06-11 11:15:00+05:30,902.0,909.95,902.0,904.85,4679,0
2026-06-11 11:30:00+05:30,906.05,908.1,904.6,906.45,4275,0
2026-06-11 11:45:00+05:30,906.0,907.0,903.15,903.15,3956,0
2026-06-11 12:00:00+05:30,903.15,904.25,897.0,897.8,13093,0
2026-06-11 12:15:00+05:30,898.5,904.0,895.35,895.8,3368,0
2026-06-11 12:30:00+05:30,896.0,903.65,896.0,901.4,6792,0
2026-06-11 12:45:00+05:30,901.45,901.45,895.1,896.95,6251,0
2026-06-11 13:00:00+05:30,896.95,900.05,895.0,895.2,7584,0
2026-06-11 13:15:00+05:30,896.35,898.05,895.0,896.0,4604,0
2026-06-11 13:30:00+05:30,896.0,899.2,895.0,896.0,6941,0
2026-06-11 13:45:00+05:30,896.0,902.8,895.0,897.7,18333,0
2026-06-11 14:00:00+05:30,897.7,898.5,894.4,897.15,5799,0
2026-06-11 14:15:00+05:30,898.45,901.0,895.65,901.0,6502,0
2026-06-11 14:30:00+05:30,901.0,902.0,893.0,893.0,11009,0
2026-06-11 14:45:00+05:30,893.0,893.0,878.0,886.25,30100,0
2026-06-11 15:00:00+05:30,885.05,888.0,880.3,887.5,11879,0
2026-06-11 15:15:00+05:30,887.6,890.0,882.2,888.0,36145,0
2026-06-12 09:15:00+05:30,908.0,926.85,908.0,920.55,53103,0
2026-06-12 09:30:00+05:30,921.95,929.55,917.3,928.4,71580,0
2026-06-12 09:45:00+05:30,928.4,929.55,926.0,929.55,48859,0
2026-06-12 10:00:00+05:30,929.55,929.55,925.65,929.55,100452,0
2026-06-12 10:15:00+05:30,929.55,929.55,929.55,929.55,1293,0
2026-06-12 10:30:00+05:30,929.55,929.55,929.55,929.55,1465,0
2026-06-12 10:45:00+05:30,929.55,929.55,929.55,929.55,1041,0
2026-06-12 11:00:00+05:30,929.55,929.55,929.55,929.55,709,0
2026-06-12 11:15:00+05:30,929.55,929.55,929.55,929.55,4598,0
2026-06-12 11:30:00+05:30,929.55,929.55,929.55,929.55,21158,0
2026-06-12 11:45:00+05:30,929.55,929.55,927.5,929.55,45007,0
2026-06-12 12:00:00+05:30,929.55,929.55,926.8,929.55,22873,0
2026-06-12 12:15:00+05:30,929.55,929.55,926.4,929.55,15844,0
2026-06-12 12:30:00+05:30,929.55,929.55,927.05,929.55,1947,0
2026-06-12 12:45:00+05:30,929.55,929.55,929.55,929.55,4464,0
2026-06-12 13:00:00+05:30,929.55,929.55,929.55,929.55,623,0
2026-06-12 13:15:00+05:30,929.55,929.55,928.05,929.55,27126,0
2026-06-12 13:30:00+05:30,929.55,929.55,929.0,929.55,1973,0
2026-06-12 13:45:00+05:30,929.55,929.55,929.55,929.55,984,0
2026-06-12 14:00:00+05:30,929.55,929.55,929.55,929.55,549,0
2026-06-12 14:15:00+05:30,929.55,929.55,929.55,929.55,692,0
2026-06-12 14:30:00+05:30,929.55,929.55,929.55,929.55,1423,0
2026-06-12 14:45:00+05:30,929.55,929.55,929.55,929.55,595,0
2026-06-12 15:00:00+05:30,929.55,929.55,929.55,929.55,1010,0
2026-06-12 15:15:00+05:30,929.55,929.55,929.55,929.55,1670,0
2026-06-15 09:15:00+05:30,961.95,976.0,950.0,976.0,170799,0
2026-06-15 09:30:00+05:30,976.0,976.0,976.0,976.0,4225,0
2026-06-15 09:45:00+05:30,976.0,976.0,976.0,976.0,3928,0
2026-06-15 10:00:00+05:30,976.0,976.0,976.0,976.0,1014,0
2026-06-15 10:15:00+05:30,976.0,976.0,976.0,976.0,860,0
2026-06-15 10:30:00+05:30,976.0,976.0,976.0,976.0,2243,0
2026-06-15 10:45:00+05:30,976.0,976.0,976.0,976.0,283,0
2026-06-15 11:00:00+05:30,976.0,976.0,976.0,976.0,850,0
2026-06-15 11:15:00+05:30,976.0,976.0,976.0,976.0,465,0
2026-06-15 11:30:00+05:30,976.0,976.0,976.0,976.0,732,0
2026-06-15 11:45:00+05:30,976.0,976.0,976.0,976.0,920,0
2026-06-15 12:00:00+05:30,976.0,976.0,976.0,976.0,461,0
2026-06-15 12:15:00+05:30,976.0,976.0,976.0,976.0,683,0
2026-06-15 12:30:00+05:30,976.0,976.0,976.0,976.0,203,0
2026-06-15 12:45:00+05:30,976.0,976.0,976.0,976.0,464,0
2026-06-15 13:00:00+05:30,976.0,976.0,976.0,976.0,197,0
2026-06-15 13:15:00+05:30,976.0,976.0,976.0,976.0,125,0
2026-06-15 13:30:00+05:30,976.0,976.0,976.0,976.0,2129,0
2026-06-15 13:45:00+05:30,976.0,976.0,976.0,976.0,118,0
2026-06-15 14:00:00+05:30,976.0,976.0,976.0,976.0,187,0
2026-06-15 14:15:00+05:30,976.0,976.0,976.0,976.0,19309,0
2026-06-15 14:30:00+05:30,976.0,976.0,968.0,976.0,133838,0
2026-06-15 14:45:00+05:30,976.0,976.0,976.0,976.0,1127,0
2026-06-15 15:00:00+05:30,976.0,976.0,976.0,976.0,522,0
2026-06-15 15:15:00+05:30,976.0,976.0,976.0,976.0,1824,0
2026-06-16 09:15:00+05:30,1004.0,1024.8,996.05,1020.05,305182,0
2026-06-16 09:30:00+05:30,1020.4,1024.8,1020.4,1024.8,46530,0
2026-06-16 09:45:00+05:30,1024.8,1024.8,1024.8,1024.8,6914,0
2026-06-16 10:00:00+05:30,1024.8,1024.8,1024.8,1024.8,3063,0
2026-06-16 10:15:00+05:30,1024.8,1024.8,1024.8,1024.8,897,0
2026-06-16 10:30:00+05:30,1024.8,1024.8,1024.8,1024.8,2408,0
2026-06-16 10:45:00+05:30,1024.8,1024.8,1024.8,1024.8,1979,0
2026-06-16 11:00:00+05:30,1024.8,1024.8,1024.8,1024.8,566,0
2026-06-16 11:15:00+05:30,1024.8,1024.8,1024.8,1024.8,166,0
2026-06-16 11:30:00+05:30,1024.8,1024.8,1024.8,1024.8,628,0
2026-06-16 11:45:00+05:30,1024.8,1024.8,1024.8,1024.8,445,0
2026-06-16 12:00:00+05:30,1024.8,1024.8,1024.8,1024.8,3848,0
2026-06-16 12:15:00+05:30,1024.8,1024.8,1024.8,1024.8,3076,0
2026-06-16 12:30:00+05:30,1024.8,1024.8,1024.8,1024.8,339,0
2026-06-16 12:45:00+05:30,1024.8,1024.8,1024.8,1024.8,742,0
2026-06-16 13:00:00+05:30,1024.8,1024.8,1024.8,1024.8,1488,0
2026-06-16 13:15:00+05:30,1024.8,1024.8,1024.8,1024.8,226,0
2026-06-16 13:30:00+05:30,1024.8,1024.8,1024.8,1024.8,530,0
2026-06-16 13:45:00+05:30,1024.8,1024.8,1024.8,1024.8,223,0
2026-06-16 14:00:00+05:30,1024.8,1024.8,1024.8,1024.8,241,0
2026-06-16 14:15:00+05:30,1024.8,1024.8,1024.8,1024.8,72,0
2026-06-16 14:30:00+05:30,1024.8,1024.8,1024.8,1024.8,286,0
2026-06-16 14:45:00+05:30,1024.8,1024.8,1024.8,1024.8,915,0
2026-06-16 15:00:00+05:30,1024.8,1024.8,1024.8,1024.8,866,0
2026-06-16 15:15:00+05:30,1024.8,1024.8,1024.8,1024.8,966,0
2026-06-17 09:15:00+05:30,1048.95,1076.0,1042.05,1061.8,298112,0
2026-06-17 09:30:00+05:30,1060.25,1072.8,1024.8,1047.05,107597,0
2026-06-17 09:45:00+05:30,1048.2,1064.95,1044.1,1052.15,44645,0
2026-06-17 10:00:00+05:30,1050.65,1060.0,1048.2,1048.8,28115,0
2026-06-17 10:15:00+05:30,1048.05,1054.15,1043.0,1045.8,17608,0
2026-06-17 10:30:00+05:30,1045.8,1075.0,1045.0,1065.1,52867,0
2026-06-17 10:45:00+05:30,1066.05,1070.0,1065.05,1067.05,14324,0
2026-06-17 11:00:00+05:30,1068.8,1070.0,1067.0,1069.5,11983,0
2026-06-17 11:15:00+05:30,1068.15,1070.0,1067.65,1068.25,16305,0
2026-06-17 11:30:00+05:30,1068.1,1070.0,1066.0,1070.0,13006,0
2026-06-17 11:45:00+05:30,1070.0,1070.0,1061.0,1068.9,11967,0
2026-06-17 12:00:00+05:30,1068.9,1068.95,1061.05,1063.65,8557,0
2026-06-17 12:15:00+05:30,1064.35,1067.9,1054.0,1054.55,14664,0
2026-06-17 12:30:00+05:30,1054.0,1059.75,1051.05,1054.0,13486,0
2026-06-17 12:45:00+05:30,1055.0,1063.0,1050.05,1053.15,14818,0
2026-06-17 13:00:00+05:30,1054.0,1058.0,1051.0,1055.0,6494,0
2026-06-17 13:15:00+05:30,1055.0,1059.05,1054.05,1058.95,3442,0
2026-06-17 13:30:00+05:30,1058.95,1065.0,1056.0,1060.55,8315,0
2026-06-17 13:45:00+05:30,1061.05,1063.85,1056.3,1057.0,3821,0
2026-06-17 14:00:00+05:30,1057.0,1064.5,1056.0,1058.45,6003,0
2026-06-17 14:15:00+05:30,1058.5,1059.2,1054.4,1056.0,5205,0
2026-06-17 14:30:00+05:30,1056.0,1065.0,1054.0,1061.85,8963,0
2026-06-17 14:45:00+05:30,1062.45,1064.95,1056.65,1062.6,12837,0
2026-06-17 15:00:00+05:30,1062.6,1062.85,1042.0,1056.7,42792,0
2026-06-17 15:15:00+05:30,1056.65,1060.0,1050.55,1060.0,37855,0
2026-06-18 09:15:00+05:30,1072.05,1075.0,1041.05,1063.25,71442,0
2026-06-18 09:30:00+05:30,1063.7,1070.0,1050.8,1067.25,26154,0
2026-06-18 09:45:00+05:30,1066.45,1068.8,1061.0,1062.15,16009,0
2026-06-18 10:00:00+05:30,1063.05,1063.05,1050.0,1060.4,27213,0
2026-06-18 10:15:00+05:30,1059.65,1062.0,1055.0,1060.25,10114,0
2026-06-18 10:30:00+05:30,1060.2,1060.2,1044.0,1051.8,13356,0
2026-06-18 10:45:00+05:30,1051.2,1058.05,1046.1,1046.1,8801,0
2026-06-18 11:00:00+05:30,1047.0,1048.95,1021.0,1023.0,39617,0
2026-06-18 11:15:00+05:30,1023.0,1030.0,1012.2,1027.15,46095,0
2026-06-18 11:30:00+05:30,1027.15,1028.95,1021.05,1026.6,11533,0
2026-06-18 11:45:00+05:30,1025.5,1029.95,1018.3,1025.5,12590,0
2026-06-18 12:00:00+05:30,1025.55,1028.5,1019.75,1021.35,12063,0
2026-06-18 12:15:00+05:30,1021.35,1025.3,1020.0,1024.5,5113,0
2026-06-18 12:30:00+05:30,1024.75,1025.85,1022.0,1024.3,3496,0
2026-06-18 12:45:00+05:30,1024.15,1026.2,1020.0,1022.1,7022,0
2026-06-18 13:00:00+05:30,1022.1,1022.95,1013.85,1019.25,17694,0
2026-06-18 13:15:00+05:30,1019.0,1026.4,1016.5,1025.95,10248,0
2026-06-18 13:30:00+05:30,1026.4,1026.8,1020.0,1020.85,5927,0
2026-06-18 13:45:00+05:30,1020.5,1023.95,1014.0,1014.05,14512,0
2026-06-18 14:00:00+05:30,1014.45,1016.3,1002.45,1014.0,84217,0
2026-06-18 14:15:00+05:30,1013.95,1015.85,1002.45,1003.0,32960,0
2026-06-18 14:30:00+05:30,1004.0,1004.75,1002.45,1002.45,29683,0
2026-06-18 14:45:00+05:30,1002.45,1002.45,1002.45,1002.45,5315,0
2026-06-18 15:00:00+05:30,1002.45,1002.45,1002.45,1002.45,6367,0
2026-06-18 15:15:00+05:30,1002.45,1002.45,1002.45,1002.45,15891,0
2026-06-19 09:15:00+05:30,960.0,1023.95,960.0,1012.0,122198,0
2026-06-19 09:30:00+05:30,1013.0,1040.1,1012.2,1036.6,77459,0
2026-06-19 09:45:00+05:30,1036.6,1052.55,1032.05,1050.0,96416,0
2026-06-19 10:00:00+05:30,1050.0,1050.95,1036.05,1048.5,24632,0
2026-06-19 10:15:00+05:30,1048.5,1050.0,1041.55,1049.75,17711,0
2026-06-19 10:30:00+05:30,1049.75,1052.55,1048.0,1052.55,41348,0
2026-06-19 10:45:00+05:30,1052.55,1052.55,1052.55,1052.55,810,0
2026-06-19 11:00:00+05:30,1052.55,1052.55,1052.55,1052.55,2568,0
2026-06-19 11:15:00+05:30,1052.55,1052.55,1052.55,1052.55,20479,0
2026-06-19 11:30:00+05:30,1052.55,1052.55,1052.55,1052.55,11122,0
2026-06-19 11:45:00+05:30,1052.55,1052.55,1052.55,1052.55,1674,0
2026-06-19 12:00:00+05:30,1052.55,1052.55,1052.55,1052.55,668,0
2026-06-19 12:15:00+05:30,1052.55,1052.55,1052.55,1052.55,2166,0
2026-06-19 12:30:00+05:30,1052.55,1052.55,1052.55,1052.55,261,0
2026-06-19 12:45:00+05:30,1052.55,1052.55,1052.55,1052.55,593,0
2026-06-19 13:00:00+05:30,1052.55,1052.55,1052.55,1052.55,348,0
2026-06-19 13:15:00+05:30,1052.55,1052.55,1052.55,1052.55,792,0
2026-06-19 13:30:00+05:30,1052.55,1052.55,1052.55,1052.55,159,0
2026-06-19 13:45:00+05:30,1052.55,1052.55,1052.55,1052.55,393,0
2026-06-19 14:00:00+05:30,1052.55,1052.55,1052.55,1052.55,650,0
2026-06-19 14:15:00+05:30,1052.55,1052.55,1052.55,1052.55,132,0
2026-06-19 14:30:00+05:30,1052.55,1052.55,1052.55,1052.55,1867,0
2026-06-19 14:45:00+05:30,1052.55,1052.55,1052.55,1052.55,470,0
2026-06-19 15:00:00+05:30,1052.55,1052.55,1052.55,1052.55,2629,0
2026-06-19 15:15:00+05:30,1052.55,1052.55,1052.55,1052.55,1673,0
2026-06-22 09:15:00+05:30,1080.0,1084.0,1026.2,1035.0,186469,0
2026-06-22 09:30:00+05:30,1035.0,1057.85,1031.05,1048.9,56880,0
2026-06-22 09:45:00+05:30,1048.95,1049.85,1027.0,1031.9,43108,0
2026-06-22 10:00:00+05:30,1031.95,1032.05,1012.55,1019.0,33904,0
2026-06-22 10:15:00+05:30,1019.0,1024.95,1012.25,1017.0,31988,0
2026-06-22 10:30:00+05:30,1017.0,1022.55,1015.1,1019.05,19310,0
2026-06-22 10:45:00+05:30,1019.05,1019.85,1006.6,1011.25,27783,0
2026-06-22 11:00:00+05:30,1011.25,1013.5,1007.1,1010.2,17404,0
2026-06-22 11:15:00+05:30,1010.6,1022.6,1009.15,1015.45,7928,0
2026-06-22 11:30:00+05:30,1015.0,1022.45,1011.0,1011.8,10465,0
2026-06-22 11:45:00+05:30,1012.3,1014.0,1004.35,1006.8,38490,0
2026-06-22 12:00:00+05:30,1006.6,1007.45,1004.35,1007.4,10749,0
2026-06-22 12:15:00+05:30,1007.35,1009.3,1005.8,1008.45,4871,0
2026-06-22 12:30:00+05:30,1008.4,1011.95,1005.6,1008.6,4901,0
2026-06-22 12:45:00+05:30,1008.5,1013.75,1006.6,1013.55,7255,0
2026-06-22 13:00:00+05:30,1013.55,1018.8,1011.1,1014.9,9991,0
2026-06-22 13:15:00+05:30,1014.8,1025.85,1014.8,1025.0,22471,0
2026-06-22 13:30:00+05:30,1025.0,1025.0,1016.05,1021.0,6804,0
2026-06-22 13:45:00+05:30,1021.55,1030.95,1021.25,1029.35,14442,0
2026-06-22 14:00:00+05:30,1029.3,1038.8,1023.85,1032.65,28570,0
2026-06-22 14:15:00+05:30,1032.6,1039.6,1024.3,1032.85,10475,0
2026-06-22 14:30:00+05:30,1031.5,1033.8,1026.9,1033.5,4322,0
2026-06-22 14:45:00+05:30,1033.5,1035.5,1027.0,1033.65,10758,0
2026-06-22 15:00:00+05:30,1033.65,1033.95,1016.25,1022.0,19195,0
2026-06-22 15:15:00+05:30,1022.35,1026.0,1018.0,1024.4,30191,0
2026-06-23 09:15:00+05:30,1041.0,1041.0,1020.8,1022.95,32574,0
2026-06-23 09:30:00+05:30,1022.95,1042.8,1021.0,1037.0,29363,0
2026-06-23 09:45:00+05:30,1038.45,1057.6,1037.2,1054.7,75648,0
2026-06-23 10:00:00+05:30,1054.6,1063.9,1035.05,1038.5,53420,0
2026-06-23 10:15:00+05:30,1038.65,1039.0,1036.0,1036.9,8921,0
2026-06-23 10:30:00+05:30,1037.0,1047.15,1036.45,1039.9,16286,0
2026-06-23 10:45:00+05:30,1040.15,1046.0,1039.0,1042.85,5349,0
2026-06-23 11:00:00+05:30,1043.0,1049.85,1040.0,1047.3,11823,0
2026-06-23 11:15:00+05:30,1046.05,1047.45,1037.1,1038.0,9740,0
2026-06-23 11:30:00+05:30,1037.6,1038.2,1033.2,1033.2,5521,0
2026-06-23 11:45:00+05:30,1034.15,1034.15,1025.0,1025.55,11907,0
2026-06-23 12:00:00+05:30,1025.2,1026.0,1015.95,1016.55,13460,0
2026-06-23 12:15:00+05:30,1018.25,1020.0,1010.0,1012.7,16421,0
2026-06-23 12:30:00+05:30,1013.55,1021.7,1013.5,1019.6,7130,0
2026-06-23 12:45:00+05:30,1020.0,1024.4,1017.25,1022.1,7580,0
2026-06-23 13:00:00+05:30,1021.3,1026.95,1020.6,1023.05,5313,0
2026-06-23 13:15:00+05:30,1022.75,1027.65,1021.2,1024.5,2770,0
2026-06-23 13:30:00+05:30,1025.0,1027.75,1020.05,1027.3,3562,0
2026-06-23 13:45:00+05:30,1027.3,1028.65,1027.3,1028.0,1811,0
2026-06-23 14:00:00+05:30,1027.95,1029.95,1022.0,1027.0,4917,0
2026-06-23 14:15:00+05:30,1026.95,1040.0,1026.1,1039.0,11148,0
2026-06-23 14:30:00+05:30,1039.0,1044.8,1033.05,1040.35,11258,0
2026-06-23 14:45:00+05:30,1041.25,1045.0,1039.5,1043.95,13774,0
2026-06-23 15:00:00+05:30,1042.95,1043.95,1031.1,1031.1,13102,0
2026-06-23 15:15:00+05:30,1031.0,1045.95,1026.7,1042.95,21705,0
2026-06-24 09:15:00+05:30,1048.0,1051.95,1026.0,1027.15,25772,0
2026-06-24 09:30:00+05:30,1027.3,1036.0,1026.95,1027.3,11537,0
2026-06-24 09:45:00+05:30,1027.95,1029.0,1021.5,1024.5,12163,0
2026-06-24 10:00:00+05:30,1024.55,1033.7,1020.0,1033.0,10761,0
2026-06-24 10:15:00+05:30,1032.7,1033.6,1022.0,1024.0,4110,0
2026-06-24 10:30:00+05:30,1022.95,1028.3,1017.25,1023.05,9524,0
2026-06-24 10:45:00+05:30,1023.55,1028.9,1019.0,1023.7,11593,0
2026-06-24 11:00:00+05:30,1022.9,1032.8,1020.55,1032.8,5296,0
2026-06-24 11:15:00+05:30,1031.4,1032.05,1027.25,1029.0,5775,0
2026-06-24 11:30:00+05:30,1028.05,1033.0,1024.15,1031.3,4130,0
2026-06-24 11:45:00+05:30,1030.1,1033.95,1029.25,1030.45,2990,0
2026-06-24 12:00:00+05:30,1030.0,1030.45,1027.0,1027.0,3016,0
2026-06-24 12:15:00+05:30,1027.0,1028.8,1023.0,1023.05,2785,0
2026-06-24 12:30:00+05:30,1023.0,1027.55,1023.0,1026.85,3537,0
2026-06-24 12:45:00+05:30,1027.05,1030.45,1027.0,1030.0,4612,0
2026-06-24 13:00:00+05:30,1030.45,1030.45,1027.05,1027.05,2273,0
2026-06-24 13:15:00+05:30,1027.95,1029.65,1022.05,1023.75,3400,0
2026-06-24 13:30:00+05:30,1023.75,1026.45,1020.35,1020.35,1960,0
2026-06-24 13:45:00+05:30,1020.65,1024.7,1020.3,1022.1,3418,0
2026-06-24 14:00:00+05:30,1020.9,1023.25,1020.1,1021.5,2271,0
2026-06-24 14:15:00+05:30,1021.65,1021.65,1014.1,1016.35,9555,0
2026-06-24 14:30:00+05:30,1016.35,1017.0,1013.05,1017.0,4502,0
2026-06-24 14:45:00+05:30,1015.85,1017.75,1012.4,1012.4,4844,0
2026-06-24 15:00:00+05:30,1013.0,1013.0,992.3,1004.85,31588,0
2026-06-24 15:15:00+05:30,1004.85,1006.0,983.05,983.05,66569,0
2026-06-25 09:15:00+05:30,991.0,1008.0,966.3,969.95,57564,0
2026-06-25 09:30:00+05:30,969.25,970.0,958.35,967.95,84203,0
2026-06-25 09:45:00+05:30,967.95,988.0,967.95,972.5,32269,0
2026-06-25 10:00:00+05:30,972.5,973.95,961.0,963.15,30926,0
2026-06-25 10:15:00+05:30,963.1,970.0,960.5,968.0,16972,0
2026-06-25 10:30:00+05:30,968.0,989.0,968.0,988.15,22166,0
2026-06-25 10:45:00+05:30,986.85,991.7,983.85,985.45,14852,0
2026-06-25 11:00:00+05:30,985.45,988.25,979.2,979.75,4881,0
2026-06-25 11:15:00+05:30,979.8,979.8,970.0,970.6,5692,0
2026-06-25 11:30:00+05:30,971.0,977.25,970.6,976.65,3832,0
2026-06-25 11:45:00+05:30,976.7,976.9,973.5,975.9,3935,0
2026-06-25 12:00:00+05:30,975.45,976.0,971.4,972.7,6750,0
2026-06-25 12:15:00+05:30,972.7,972.7,967.55,968.35,7441,0
2026-06-25 12:30:00+05:30,968.75,969.0,966.35,966.7,8201,0
2026-06-25 12:45:00+05:30,966.6,969.0,965.45,965.45,4371,0
2026-06-25 13:00:00+05:30,965.5,974.0,965.4,972.0,7517,0
2026-06-25 13:15:00+05:30,972.0,979.5,971.9,979.5,5181,0
2026-06-25 13:30:00+05:30,979.5,982.9,976.5,982.05,6786,0
2026-06-25 13:45:00+05:30,982.1,982.65,976.2,976.45,3271,0
2026-06-25 14:00:00+05:30,976.2,976.8,972.1,973.65,4335,0
2026-06-25 14:15:00+05:30,973.65,978.15,971.5,976.5,12026,0
2026-06-25 14:30:00+05:30,977.0,989.9,973.45,986.0,25962,0
2026-06-25 14:45:00+05:30,986.75,992.0,985.5,985.5,10421,0
2026-06-25 15:00:00+05:30,985.5,993.0,982.0,987.95,20606,0
2026-06-25 15:15:00+05:30,987.15,991.4,985.1,991.4,20798,0
2026-06-29 09:15:00+05:30,977.0,990.0,941.65,948.0,67463,0
2026-06-29 09:30:00+05:30,947.0,949.25,943.15,945.65,41968,0
2026-06-29 09:45:00+05:30,946.95,947.4,937.9,937.9,126047,0
2026-06-29 10:00:00+05:30,937.9,937.9,937.9,937.9,7222,0
2026-06-29 10:15:00+05:30,937.9,937.9,937.9,937.9,2282,0
2026-06-29 10:30:00+05:30,937.9,937.9,937.9,937.9,4108,0
2026-06-29 10:45:00+05:30,937.9,937.9,937.9,937.9,1944,0
2026-06-29 11:00:00+05:30,937.9,937.9,937.9,937.9,382,0
2026-06-29 11:15:00+05:30,937.9,937.9,937.9,937.9,1332,0
2026-06-29 11:30:00+05:30,937.9,937.9,937.9,937.9,509,0
2026-06-29 11:45:00+05:30,937.9,937.9,937.9,937.9,1499,0
2026-06-29 12:00:00+05:30,937.9,937.9,937.9,937.9,1989,0
2026-06-29 12:15:00+05:30,937.9,937.9,937.9,937.9,903,0
2026-06-29 12:30:00+05:30,937.9,937.9,937.9,937.9,780,0
2026-06-29 12:45:00+05:30,937.9,937.9,937.9,937.9,252,0
2026-06-29 13:00:00+05:30,937.9,937.9,937.9,937.9,890,0
2026-06-29 13:15:00+05:30,937.9,937.9,937.9,937.9,874,0
2026-06-29 13:30:00+05:30,937.9,937.9,937.9,937.9,1755,0
2026-06-29 13:45:00+05:30,937.9,937.9,937.9,937.9,1806,0
2026-06-29 14:00:00+05:30,937.9,937.9,937.9,937.9,302,0
2026-06-29 14:15:00+05:30,937.9,937.9,937.9,937.9,1190,0
2026-06-29 14:30:00+05:30,937.9,937.9,937.9,937.9,1271,0
2026-06-29 14:45:00+05:30,937.9,937.9,937.9,937.9,473,0
2026-06-29 15:00:00+05:30,937.9,937.9,937.9,937.9,1111,0
2026-06-29 15:15:00+05:30,937.9,937.9,937.9,937.9,3468,0
2026-06-30 09:15:00+05:30,931.0,964.0,912.05,958.55,135537,0
2026-06-30 09:30:00+05:30,958.4,965.0,940.0,942.75,47293,0
2026-06-30 09:45:00+05:30,942.8,954.8,942.8,945.45,8754,0
2026-06-30 10:00:00+05:30,945.35,947.0,933.0,936.1,12832,0
2026-06-30 10:15:00+05:30,936.4,936.7,917.3,919.2,32327,0
2026-06-30 10:30:00+05:30,919.2,929.6,914.0,926.25,28797,0
2026-06-30 10:45:00+05:30,926.25,938.0,926.0,928.35,9866,0
2026-06-30 11:00:00+05:30,927.55,933.0,925.1,932.8,2682,0
2026-06-30 11:15:00+05:30,931.65,944.8,931.6,936.1,9324,0
2026-06-30 11:30:00+05:30,936.45,936.7,930.8,931.45,4949,0
2026-06-30 11:45:00+05:30,931.3,937.05,930.2,934.55,2619,0
2026-06-30 12:00:00+05:30,936.1,936.15,933.7,935.0,1281,0
2026-06-30 12:15:00+05:30,934.75,938.0,934.0,936.0,936,0
2026-06-30 12:30:00+05:30,936.0,936.65,931.55,933.5,2552,0
2026-06-30 12:45:00+05:30,934.15,936.25,928.0,929.5,12251,0
2026-06-30 13:00:00+05:30,930.4,930.4,921.0,923.1,6480,0
2026-06-30 13:15:00+05:30,922.8,923.8,915.7,918.0,11746,0
2026-06-30 13:30:00+05:30,918.0,919.5,910.35,913.45,14877,0
2026-06-30 13:45:00+05:30,913.0,913.0,902.0,909.15,30724,0
2026-06-30 14:00:00+05:30,909.15,912.0,905.15,908.95,10191,0
2026-06-30 14:15:00+05:30,908.75,909.7,903.0,908.4,18937,0
2026-06-30 14:30:00+05:30,908.45,909.0,903.0,907.15,11660,0
2026-06-30 14:45:00+05:30,907.65,912.8,906.1,912.4,17190,0
2026-06-30 15:00:00+05:30,912.4,913.45,908.5,910.5,23137,0
2026-06-30 15:15:00+05:30,910.45,914.5,910.0,911.5,31340,0
2026-07-01 09:15:00+05:30,924.95,931.0,905.0,911.2,26271,0
2026-07-01 09:30:00+05:30,911.7,932.35,911.6,925.0,21468,0
2026-07-01 09:45:00+05:30,924.5,925.3,914.6,921.85,11151,0
2026-07-01 10:00:00+05:30,921.7,922.0,914.2,918.85,9443,0
2026-07-01 10:15:00+05:30,917.75,921.25,915.75,916.0,4567,0
2026-07-01 10:30:00+05:30,916.0,919.7,915.75,915.75,2952,0
2026-07-01 10:45:00+05:30,916.6,922.9,915.0,922.0,4531,0
2026-07-01 11:00:00+05:30,922.55,924.95,920.5,921.25,3175,0
2026-07-01 11:15:00+05:30,920.5,924.0,917.0,923.4,6776,0
2026-07-01 11:30:00+05:30,923.5,926.95,923.0,926.15,6388,0
2026-07-01 11:45:00+05:30,926.15,934.0,922.0,922.15,10880,0
2026-07-01 12:00:00+05:30,921.7,923.6,920.0,922.4,3602,0
2026-07-01 12:15:00+05:30,922.4,922.4,920.0,920.1,7321,0
2026-07-01 12:30:00+05:30,920.55,924.7,920.45,922.9,2512,0
2026-07-01 12:45:00+05:30,922.5,923.55,920.35,923.45,1054,0
2026-07-01 13:00:00+05:30,923.0,927.9,922.0,926.4,2254,0
2026-07-01 13:15:00+05:30,926.4,934.8,926.4,933.35,5523,0
2026-07-01 13:30:00+05:30,933.35,934.0,928.45,931.45,7002,0
2026-07-01 13:45:00+05:30,931.5,938.2,930.8,932.45,12965,0
2026-07-01 14:00:00+05:30,931.85,932.4,925.35,926.0,8941,0
2026-07-01 14:15:00+05:30,926.0,928.9,925.0,925.0,6546,0
2026-07-01 14:30:00+05:30,924.65,924.65,920.0,920.2,10678,0
2026-07-01 14:45:00+05:30,919.05,920.0,915.5,917.0,11166,0
2026-07-01 15:00:00+05:30,917.0,918.0,914.0,915.0,16752,0
2026-07-01 15:15:00+05:30,915.1,919.7,911.5,915.25,23924,0
2026-07-02 09:15:00+05:30,920.6,929.7,915.0,916.7,21948,0
2026-07-02 09:30:00+05:30,916.7,927.2,912.15,914.45,11793,0
2026-07-02 09:45:00+05:30,915.5,924.95,913.1,922.8,13747,0
2026-07-02 10:00:00+05:30,923.0,927.2,922.65,926.8,8455,0
2026-07-02 10:15:00+05:30,927.0,932.9,927.0,928.1,7140,0
2026-07-02 10:30:00+05:30,928.25,930.0,926.35,927.45,3595,0
2026-07-02 10:45:00+05:30,926.5,927.4,922.0,923.7,2473,0
2026-07-02 11:00:00+05:30,923.5,925.4,921.8,925.1,3954,0
2026-07-02 11:15:00+05:30,923.75,924.8,922.35,923.0,1087,0
2026-07-02 11:30:00+05:30,923.0,924.7,923.0,924.7,1293,0
2026-07-02 11:45:00+05:30,924.7,924.95,923.3,924.95,1986,0
2026-07-02 12:00:00+05:30,924.1,929.2,924.1,926.0,3957,0
2026-07-02 12:15:00+05:30,926.0,929.7,926.0,929.5,1227,0
2026-07-02 12:30:00+05:30,929.15,932.0,927.7,930.0,7100,0
2026-07-02 12:45:00+05:30,930.0,930.0,923.05,923.05,4374,0
2026-07-02 13:00:00+05:30,923.05,927.0,923.05,925.55,3951,0
2026-07-02 13:15:00+05:30,925.55,927.0,923.5,923.5,1504,0
2026-07-02 13:30:00+05:30,923.5,924.3,921.0,921.0,4118,0
2026-07-02 13:45:00+05:30,921.0,921.0,915.1,916.65,9251,0
2026-07-02 14:00:00+05:30,916.65,917.25,905.1,916.05,92678,0
2026-07-02 14:15:00+05:30,916.5,922.05,914.15,917.15,5792,0
2026-07-02 14:30:00+05:30,918.0,920.9,916.1,916.75,2382,0
2026-07-02 14:45:00+05:30,917.95,922.0,916.5,921.55,6370,0
2026-07-02 15:00:00+05:30,922.0,924.5,916.7,918.8,10177,0
2026-07-02 15:15:00+05:30,918.7,925.0,910.4,925.0,24274,0
2026-07-03 09:15:00+05:30,932.55,935.95,910.0,913.85,33384,0
2026-07-03 09:30:00+05:30,913.9,917.3,910.0,910.0,12648,0
2026-07-03 09:45:00+05:30,909.1,910.0,873.75,873.75,132530,0
2026-07-03 10:00:00+05:30,873.75,873.75,873.75,873.75,8463,0
2026-07-03 10:15:00+05:30,873.75,884.85,873.75,878.0,79547,0
2026-07-03 10:30:00+05:30,878.0,878.0,873.75,873.75,76395,0
2026-07-03 10:45:00+05:30,873.75,873.75,873.75,873.75,3920,0
2026-07-03 11:00:00+05:30,873.75,873.75,873.75,873.75,3338,0
2026-07-03 11:15:00+05:30,873.75,873.75,873.75,873.75,1325,0
2026-07-03 11:30:00+05:30,873.75,873.75,873.75,873.75,2497,0
2026-07-03 11:45:00+05:30,873.75,873.75,873.75,873.75,856,0
2026-07-03 12:00:00+05:30,873.75,873.75,873.75,873.75,1188,0
2026-07-03 12:15:00+05:30,873.75,873.75,873.75,873.75,1189,0
2026-07-03 12:30:00+05:30,873.75,873.75,873.75,873.75,1233,0
2026-07-03 12:45:00+05:30,873.75,873.75,873.75,873.75,803,0
2026-07-03 13:00:00+05:30,873.75,873.75,873.75,873.75,706,0
2026-07-03 13:15:00+05:30,873.75,873.75,873.75,873.75,885,0
2026-07-03 13:30:00+05:30,873.75,873.75,873.75,873.75,1185,0
2026-07-03 13:45:00+05:30,873.75,873.75,873.75,873.75,5631,0
2026-07-03 14:00:00+05:30,873.75,873.75,873.75,873.75,1634,0
2026-07-03 14:15:00+05:30,873.75,873.75,873.75,873.75,911,0
2026-07-03 14:30:00+05:30,873.75,873.75,873.75,873.75,2124,0
2026-07-03 14:45:00+05:30,873.75,873.75,873.75,873.75,988,0
2026-07-03 15:00:00+05:30,873.75,873.75,873.75,873.75,2029,0
2026-07-03 15:15:00+05:30,873.75,873.75,873.75,873.75,7994,0
2026-07-06 09:15:00+05:30,842.0,874.4,841.5,871.5,145434,0
2026-07-06 09:30:00+05:30,871.5,884.4,865.0,881.85,59493,0
2026-07-06 09:45:00+05:30,881.6,891.85,874.55,888.7,34352,0
2026-07-06 10:00:00+05:30,888.7,914.9,887.0,895.55,72163,0
2026-07-06 10:15:00+05:30,895.8,911.2,895.55,910.35,24072,0
2026-07-06 10:30:00+05:30,909.7,917.4,907.55,917.4,47464,0
2026-07-06 10:45:00+05:30,917.4,917.4,917.4,917.4,8580,0
2026-07-06 11:00:00+05:30,917.4,917.4,917.4,917.4,9445,0
2026-07-06 11:15:00+05:30,917.4,917.4,917.4,917.4,1331,0
2026-07-06 11:30:00+05:30,917.4,917.4,917.4,917.4,3642,0
2026-07-06 11:45:00+05:30,917.4,917.4,917.4,917.4,3994,0
2026-07-06 12:00:00+05:30,917.4,917.4,917.4,917.4,523,0
2026-07-06 12:15:00+05:30,917.4,917.4,917.4,917.4,558,0
2026-07-06 12:30:00+05:30,917.4,917.4,917.4,917.4,507,0
2026-07-06 12:45:00+05:30,917.4,917.4,917.4,917.4,284,0
2026-07-06 13:00:00+05:30,917.4,917.4,917.4,917.4,797,0
2026-07-06 13:15:00+05:30,917.4,917.4,917.4,917.4,232,0
2026-07-06 13:30:00+05:30,917.4,917.4,917.4,917.4,672,0
2026-07-06 13:45:00+05:30,917.4,917.4,917.4,917.4,120,0
2026-07-06 14:00:00+05:30,917.4,917.4,917.4,917.4,282,0
2026-07-06 14:15:00+05:30,917.4,917.4,917.4,917.4,332,0
2026-07-06 14:30:00+05:30,917.4,917.4,917.4,917.4,291,0
2026-07-06 14:45:00+05:30,917.4,917.4,917.4,917.4,472,0
2026-07-06 15:00:00+05:30,917.4,917.4,917.4,917.4,2165,0
2026-07-06 15:15:00+05:30,917.4,917.4,917.4,917.4,3063,0
2026-07-07 09:15:00+05:30,947.3,953.8,901.65,908.0,184922,0
2026-07-07 09:30:00+05:30,907.8,914.15,900.3,909.0,30524,0
2026-07-07 09:45:00+05:30,908.8,908.85,892.5,898.0,25751,0
2026-07-07 10:00:00+05:30,898.0,899.05,890.05,893.7,13112,0
2026-07-07 10:15:00+05:30,894.0,898.0,887.05,887.2,26089,0
2026-07-07 10:30:00+05:30,887.7,887.75,877.6,881.15,35675,0
2026-07-07 10:45:00+05:30,882.0,884.0,879.0,880.7,8343,0
2026-07-07 11:00:00+05:30,881.65,891.0,881.1,886.9,12436,0
2026-07-07 11:15:00+05:30,886.5,887.2,877.6,880.7,12614,0
2026-07-07 11:30:00+05:30,879.85,884.0,877.6,880.0,17685,0
2026-07-07 11:45:00+05:30,880.3,888.8,877.6,888.8,23320,0
2026-07-07 12:00:00+05:30,887.9,895.5,880.0,893.5,12255,0
2026-07-07 12:15:00+05:30,893.55,893.55,885.6,889.85,4153,0
2026-07-07 12:30:00+05:30,890.0,890.2,881.3,882.0,3958,0
2026-07-07 12:45:00+05:30,881.8,885.9,881.65,884.75,3995,0
2026-07-07 13:00:00+05:30,884.05,884.25,881.1,882.6,5625,0
2026-07-07 13:15:00+05:30,881.55,890.05,881.55,890.05,3253,0
2026-07-07 13:30:00+05:30,889.6,890.55,885.1,888.3,4820,0
2026-07-07 13:45:00+05:30,888.75,890.55,887.05,890.55,2835,0
2026-07-07 14:00:00+05:30,890.0,890.0,884.0,885.55,4668,0
2026-07-07 14:15:00+05:30,885.5,887.35,883.25,886.7,4880,0
2026-07-07 14:30:00+05:30,886.7,903.4,885.5,893.85,29598,0
2026-07-07 14:45:00+05:30,893.8,897.0,887.1,889.2,9962,0
2026-07-07 15:00:00+05:30,888.9,888.9,881.0,881.25,19888,0
2026-07-07 15:15:00+05:30,882.05,887.0,880.2,882.0,24292,0
2026-07-08 09:15:00+05:30,890.0,897.95,878.85,891.6,29721,0
2026-07-08 09:30:00+05:30,892.4,895.55,884.55,889.95,9694,0
2026-07-08 09:45:00+05:30,889.0,889.0,883.1,887.25,5325,0
2026-07-08 10:00:00+05:30,887.25,887.95,885.1,885.75,1836,0
2026-07-08 10:15:00+05:30,886.6,893.05,886.6,893.0,2302,0
2026-07-08 10:30:00+05:30,893.5,894.05,890.05,892.4,2846,0
2026-07-08 10:45:00+05:30,891.05,892.95,890.8,891.0,1159,0
2026-07-08 11:00:00+05:30,891.0,891.0,885.9,887.8,3371,0
2026-07-08 11:15:00+05:30,887.8,892.1,885.05,891.1,2097,0
2026-07-08 11:30:00+05:30,891.7,894.8,891.05,893.5,4930,0
2026-07-08 11:45:00+05:30,893.95,893.95,891.2,891.2,1881,0
2026-07-08 12:00:00+05:30,892.3,893.15,890.1,891.25,1474,0
2026-07-08 12:15:00+05:30,891.35,892.55,886.0,887.0,1811,0
2026-07-08 12:30:00+05:30,886.9,886.95,882.8,885.0,6004,0
2026-07-08 12:45:00+05:30,884.9,886.0,883.6,884.7,3286,0
2026-07-08 13:00:00+05:30,883.7,885.3,882.05,885.0,4217,0
2026-07-08 13:15:00+05:30,885.05,894.0,884.35,889.35,9675,0
2026-07-08 13:30:00+05:30,890.0,891.8,888.0,890.45,3268,0
2026-07-08 13:45:00+05:30,890.45,891.4,871.9,872.0,18422,0
2026-07-08 14:00:00+05:30,871.7,871.7,854.3,854.3,31328,0
2026-07-08 14:15:00+05:30,856.05,860.0,851.0,855.3,25939,0
2026-07-08 14:30:00+05:30,855.5,861.65,850.9,857.3,22289,0
2026-07-08 14:45:00+05:30,857.6,863.95,850.2,854.75,16467,0
2026-07-08 15:00:00+05:30,854.5,855.75,845.0,849.6,22422,0
2026-07-08 15:15:00+05:30,849.35,855.0,845.0,848.0,39415,0
2026-07-09 09:15:00+05:30,850.0,884.0,850.0,883.5,28932,0
2026-07-09 09:30:00+05:30,883.5,885.0,871.6,875.95,17064,0
2026-07-09 09:45:00+05:30,875.95,876.6,866.75,870.8,17116,0
2026-07-09 10:00:00+05:30,871.15,876.0,868.7,874.4,5937,0
2026-07-09 10:15:00+05:30,873.95,874.4,868.1,868.75,3762,0
2026-07-09 10:30:00+05:30,868.75,873.95,865.25,871.8,5537,0
2026-07-09 10:45:00+05:30,871.55,871.75,862.2,865.0,5860,0
2026-07-09 11:00:00+05:30,865.65,869.45,864.0,866.25,7141,0
2026-07-09 11:15:00+05:30,866.5,866.95,864.0,864.75,2045,0
2026-07-09 11:30:00+05:30,865.55,866.95,862.45,866.35,4198,0
2026-07-09 11:45:00+05:30,866.35,866.95,865.0,865.9,1236,0
2026-07-09 12:00:00+05:30,865.3,866.05,852.0,856.45,21067,0
2026-07-09 12:15:00+05:30,856.65,857.95,850.9,856.6,11399,0
2026-07-09 12:30:00+05:30,856.4,859.45,854.6,858.4,2050,0
2026-07-09 12:45:00+05:30,859.45,862.65,857.25,861.55,1952,0
2026-07-09 13:00:00+05:30,861.0,864.0,859.9,864.0,3019,0
2026-07-09 13:15:00+05:30,863.05,864.8,861.1,863.0,2725,0
2026-07-09 13:30:00+05:30,863.0,867.95,863.0,867.35,2773,0
2026-07-09 13:45:00+05:30,866.6,866.95,863.8,865.35,3762,0
2026-07-09 14:00:00+05:30,866.1,866.75,862.5,865.0,3519,0
2026-07-09 14:15:00+05:30,865.0,866.8,863.0,864.4,4436,0
2026-07-09 14:30:00+05:30,864.45,865.75,862.55,865.75,4047,0
2026-07-09 14:45:00+05:30,864.7,865.45,862.75,864.35,3218,0
2026-07-09 15:00:00+05:30,865.0,865.7,858.35,858.35,7316,0
2026-07-09 15:15:00+05:30,858.9,862.3,855.5,860.0,13706,0
2026-07-10 09:15:00+05:30,865.0,882.0,864.15,868.2,40460,0
2026-07-10 09:30:00+05:30,868.2,869.95,861.6,866.45,6406,0
2026-07-10 09:45:00+05:30,866.0,866.0,857.65,865.95,10951,0
2026-07-10 10:00:00+05:30,864.85,865.95,858.8,861.0,5120,0
2026-07-10 10:15:00+05:30,860.7,863.55,857.0,859.65,8596,0
2026-07-10 10:30:00+05:30,859.55,859.95,858.2,858.95,5219,0
2026-07-10 10:45:00+05:30,859.0,860.25,858.2,858.2,5147,0
2026-07-10 11:00:00+05:30,858.2,859.85,848.8,850.35,12765,0
2026-07-10 11:15:00+05:30,850.65,853.8,847.0,852.45,6368,0
2026-07-10 11:30:00+05:30,852.85,853.1,850.9,851.45,2058,0
2026-07-10 11:45:00+05:30,850.0,851.0,847.05,847.05,2100,0
2026-07-10 12:00:00+05:30,848.0,849.0,845.0,847.0,3632,0
2026-07-10 12:15:00+05:30,847.65,848.35,843.1,846.5,9712,0
2026-07-10 12:30:00+05:30,846.5,846.5,829.8,832.25,30622,0
2026-07-10 12:45:00+05:30,832.5,834.4,826.0,829.9,18529,0
2026-07-10 13:00:00+05:30,829.0,831.45,827.5,829.6,7014,0
2026-07-10 13:15:00+05:30,829.6,831.0,828.0,828.0,6321,0
2026-07-10 13:30:00+05:30,827.85,830.75,827.5,828.0,7107,0
2026-07-10 13:45:00+05:30,828.4,831.0,821.1,823.6,20295,0
2026-07-10 14:00:00+05:30,823.6,825.9,821.65,824.6,17282,0
2026-07-10 14:15:00+05:30,824.5,826.0,822.05,823.3,7229,0
2026-07-10 14:30:00+05:30,823.75,825.0,821.5,822.5,8307,0
2026-07-10 14:45:00+05:30,822.55,826.0,821.2,822.35,10382,0
2026-07-10 15:00:00+05:30,823.0,825.35,818.05,822.9,23683,0
2026-07-10 15:15:00+05:30,821.6,825.0,817.7,822.95,43433,0
2026-07-13 09:15:00+05:30,800.0,834.7,800.0,834.05,45605,0
2026-07-13 09:30:00+05:30,833.0,839.9,818.0,822.15,17910,0
2026-07-13 09:45:00+05:30,822.5,824.9,819.0,824.9,3653,0
2026-07-13 10:00:00+05:30,824.5,828.55,822.35,826.45,6651,0
2026-07-13 10:15:00+05:30,826.6,826.6,822.2,822.2,3182,0
2026-07-13 10:30:00+05:30,822.6,822.6,819.9,819.9,6629,0
2026-07-13 10:45:00+05:30,819.9,820.0,807.35,813.1,25050,0
2026-07-13 11:00:00+05:30,813.25,813.25,807.25,808.0,11827,0
2026-07-13 11:15:00+05:30,808.0,809.6,805.0,805.8,9083,0
2026-07-13 11:30:00+05:30,806.0,809.5,805.05,807.0,3877,0
2026-07-13 11:45:00+05:30,807.0,808.25,802.55,803.4,5416,0
2026-07-13 12:00:00+05:30,803.0,811.65,802.55,810.55,9976,0
2026-07-13 12:15:00+05:30,810.55,813.0,809.4,811.8,4365,0
2026-07-13 12:30:00+05:30,811.9,812.35,807.4,809.0,4230,0
2026-07-13 12:45:00+05:30,809.0,815.0,808.85,808.85,4696,0
2026-07-13 13:00:00+05:30,808.8,809.3,806.0,806.1,2664,0
2026-07-13 13:15:00+05:30,806.0,806.0,802.7,805.0,6707,0
2026-07-13 13:30:00+05:30,804.25,807.15,803.65,806.75,5558,0
2026-07-13 13:45:00+05:30,806.15,807.9,804.1,804.45,4718,0
2026-07-13 14:00:00+05:30,804.6,805.0,803.4,805.0,2351,0
2026-07-13 14:15:00+05:30,805.0,807.2,802.6,807.0,12083,0
2026-07-13 14:30:00+05:30,807.0,807.9,805.0,806.4,2904,0
2026-07-13 14:45:00+05:30,806.75,811.65,806.3,809.3,6743,0
2026-07-13 15:00:00+05:30,808.65,814.4,804.15,807.0,14605,0
2026-07-13 15:15:00+05:30,806.55,814.9,805.0,808.2,15117,0
2026-07-14 09:15:00+05:30,811.8,812.5,793.6,795.0,25226,0
2026-07-14 09:30:00+05:30,794.6,796.0,786.7,789.85,32981,0
2026-07-14 09:45:00+05:30,788.75,790.0,781.55,783.0,15490,0
2026-07-14 10:00:00+05:30,782.75,786.0,780.0,786.0,22781,0
2026-07-14 10:15:00+05:30,786.0,790.0,784.45,785.6,7994,0
2026-07-14 10:30:00+05:30,785.6,787.95,782.4,787.0,5546,0
2026-07-14 10:45:00+05:30,786.55,789.0,785.0,785.0,2704,0
2026-07-14 11:00:00+05:30,785.75,796.95,785.75,794.8,7981,0
2026-07-14 11:15:00+05:30,794.0,807.9,793.5,797.9,19235,0
2026-07-14 11:30:00+05:30,797.05,798.0,790.1,790.75,2480,0
2026-07-14 11:45:00+05:30,791.65,795.35,790.05,791.05,3989,0
2026-07-14 12:00:00+05:30,790.25,794.0,790.1,792.95,1207,0
2026-07-14 12:15:00+05:30,792.35,792.95,788.0,788.8,2883,0
2026-07-14 12:30:00+05:30,788.55,793.55,787.05,792.0,3818,0
2026-07-14 12:45:00+05:30,792.2,794.4,791.4,793.0,1521,0
2026-07-14 13:00:00+05:30,792.35,793.5,792.0,793.25,1283,0
2026-07-14 13:15:00+05:30,793.25,798.35,792.0,796.85,5115,0
2026-07-14 13:30:00+05:30,796.8,797.8,792.45,794.05,3522,0
2026-07-14 13:45:00+05:30,794.0,796.85,794.0,796.0,3592,0
2026-07-14 14:00:00+05:30,796.0,796.0,793.0,794.15,2112,0
2026-07-14 14:15:00+05:30,794.1,795.45,792.0,792.0,2812,0
2026-07-14 14:30:00+05:30,792.75,793.95,787.6,793.95,7821,0
2026-07-14 14:45:00+05:30,792.85,795.0,789.05,790.7,5485,0
2026-07-14 15:00:00+05:30,791.0,793.4,788.05,789.1,6019,0
2026-07-14 15:15:00+05:30,789.0,791.0,787.9,790.5,19946,0
2026-07-15 09:15:00+05:30,805.0,829.6,805.0,829.6,29783,0
2026-07-15 09:30:00+05:30,829.6,829.6,829.6,829.6,1614,0
2026-07-15 09:45:00+05:30,829.6,829.6,829.6,829.6,1387,0
2026-07-15 10:00:00+05:30,829.6,829.6,829.6,829.6,1621,0
2026-07-15 10:15:00+05:30,829.6,829.6,829.6,829.6,816,0
2026-07-15 10:30:00+05:30,829.6,829.6,829.6,829.6,920,0
2026-07-15 10:45:00+05:30,829.6,829.6,829.6,829.6,171,0
2026-07-15 11:00:00+05:30,829.6,829.6,829.6,829.6,55,0
2026-07-15 11:15:00+05:30,829.6,829.6,829.6,829.6,54,0
2026-07-15 11:30:00+05:30,829.6,829.6,829.6,829.6,136,0
2026-07-15 11:45:00+05:30,829.6,829.6,829.6,829.6,268,0
2026-07-15 12:00:00+05:30,829.6,829.6,829.6,829.6,120,0
2026-07-15 12:15:00+05:30,829.6,829.6,829.6,829.6,125,0
2026-07-15 12:30:00+05:30,829.6,829.6,829.6,829.6,66,0
2026-07-15 12:45:00+05:30,829.6,829.6,829.6,829.6,458,0
2026-07-15 13:00:00+05:30,829.6,829.6,829.6,829.6,406,0
2026-07-15 13:15:00+05:30,829.6,829.6,829.6,829.6,301,0
2026-07-15 13:30:00+05:30,829.6,829.6,829.6,829.6,161,0
2026-07-15 13:45:00+05:30,829.6,829.6,829.6,829.6,65,0
2026-07-15 14:00:00+05:30,829.6,829.6,829.6,829.6,141,0
2026-07-15 14:15:00+05:30,829.6,829.6,829.6,829.6,64,0
2026-07-15 14:30:00+05:30,829.6,829.6,829.6,829.6,51,0
2026-07-15 14:45:00+05:30,829.6,829.6,829.6,829.6,0,0
2026-07-15 15:00:00+05:30,829.6,829.6,829.6,829.6,282,0
2026-07-15 15:15:00+05:30,829.6,829.6,829.6,829.6,183,0
2026-07-16 09:15:00+05:30,869.0,871.05,838.5,845.65,297326,0
2026-07-16 09:30:00+05:30,845.65,855.0,840.05,843.9,51130,0
2026-07-16 09:45:00+05:30,844.65,845.4,832.0,840.0,30765,0
2026-07-16 10:00:00+05:30,840.05,844.5,835.0,835.15,28811,0
2026-07-16 10:15:00+05:30,835.5,837.5,821.35,831.0,34795,0
2026-07-16 10:30:00+05:30,830.75,843.9,830.0,842.35,18879,0
2026-07-16 10:45:00+05:30,840.3,844.4,836.9,837.7,16933,0
2026-07-16 11:00:00+05:30,837.7,837.7,831.55,834.0,8766,0
2026-07-16 11:15:00+05:30,834.0,836.65,831.0,831.0,4777,0
2026-07-16 11:30:00+05:30,831.0,832.5,823.0,825.0,11920,0
2026-07-16 11:45:00+05:30,824.8,826.9,823.0,824.5,3031,0
2026-07-16 12:00:00+05:30,824.5,826.8,824.0,826.7,4337,0
2026-07-16 12:15:00+05:30,826.8,829.85,826.0,829.45,4531,0
2026-07-16 12:30:00+05:30,829.45,834.8,826.15,830.0,8626,0
2026-07-16 12:45:00+05:30,827.65,829.65,823.3,824.0,7002,0
2026-07-16 13:00:00+05:30,823.3,823.9,814.0,816.9,15096,0
2026-07-16 13:15:00+05:30,816.9,819.3,815.3,817.05,2955,0
2026-07-16 13:30:00+05:30,815.55,817.15,812.05,813.0,5285,0
2026-07-16 13:45:00+05:30,813.0,821.95,812.05,819.9,7879,0
2026-07-16 14:00:00+05:30,818.2,821.0,814.45,819.0,7027,0
2026-07-16 14:15:00+05:30,819.0,839.8,819.0,827.5,23609,0
2026-07-16 14:30:00+05:30,825.75,827.85,820.0,823.65,3446,0
2026-07-16 14:45:00+05:30,823.65,831.3,821.5,828.0,8611,0
2026-07-16 15:00:00+05:30,827.75,827.75,817.15,817.7,12179,0
2026-07-16 15:15:00+05:30,817.6,824.0,816.3,822.05,14503,0
2026-07-17 09:15:00+05:30,826.95,829.9,805.0,811.85,24830,0
2026-07-17 09:30:00+05:30,811.7,812.7,802.0,803.2,10929,0
2026-07-17 09:45:00+05:30,803.05,803.05,796.4,799.7,22172,0
2026-07-17 10:00:00+05:30,799.7,800.0,795.75,799.6,9204,0
2026-07-17 10:15:00+05:30,799.7,802.8,799.0,802.75,6772,0
2026-07-17 10:30:00+05:30,802.1,802.45,801.0,802.4,2918,0
2026-07-17 10:45:00+05:30,802.4,802.4,799.0,799.0,3515,0
2026-07-17 11:00:00+05:30,798.5,802.2,792.0,798.0,16231,0
2026-07-17 11:15:00+05:30,797.75,798.6,790.0,790.5,16294,0
2026-07-17 11:30:00+05:30,790.5,791.0,784.35,790.0,23840,0
2026-07-17 11:45:00+05:30,790.5,790.5,784.4,788.0,13221,0
2026-07-17 12:00:00+05:30,788.85,789.95,782.25,785.6,16312,0
2026-07-17 12:15:00+05:30,785.35,788.0,782.25,782.25,12194,0
2026-07-17 12:30:00+05:30,783.65,786.45,782.25,783.45,8636,0
2026-07-17 12:45:00+05:30,783.45,787.2,782.7,787.0,4852,0
2026-07-17 13:00:00+05:30,786.6,788.0,784.0,785.0,4742,0
2026-07-17 13:15:00+05:30,785.0,788.45,785.0,788.0,4298,0
2026-07-17 13:30:00+05:30,788.0,791.0,785.8,789.85,7943,0
2026-07-17 13:45:00+05:30,789.9,790.1,786.55,790.0,2490,0
2026-07-17 14:00:00+05:30,790.25,790.4,785.05,786.0,4707,0
2026-07-17 14:15:00+05:30,786.4,789.9,786.15,787.0,4520,0
2026-07-17 14:30:00+05:30,787.0,788.15,786.05,788.15,1807,0
2026-07-17 14:45:00+05:30,788.15,791.9,785.0,791.9,12716,0
2026-07-17 15:00:00+05:30,791.9,797.15,790.35,795.5,11763,0
2026-07-17 15:15:00+05:30,795.7,795.7,790.0,791.5,14303,0
2026-07-20 09:15:00+05:30,792.95,804.15,786.9,795.4,16531,0
2026-07-20 09:30:00+05:30,796.25,810.6,795.4,809.15,17250,0
2026-07-20 09:45:00+05:30,809.0,823.3,809.0,813.6,26434,0
2026-07-20 10:00:00+05:30,813.2,813.95,809.15,810.9,3948,0
2026-07-20 10:15:00+05:30,810.95,818.0,810.05,816.7,7918,0
2026-07-20 10:30:00+05:30,816.05,816.7,808.1,810.1,6499,0
2026-07-20 10:45:00+05:30,809.85,810.9,803.9,806.3,7162,0
2026-07-20 11:00:00+05:30,805.4,807.05,802.6,803.95,2686,0
2026-07-20 11:15:00+05:30,804.4,809.95,804.0,809.7,3583,0
2026-07-20 11:30:00+05:30,808.75,813.8,804.0,805.5,8110,0
2026-07-20 11:45:00+05:30,805.5,806.95,803.25,805.7,3286,0
2026-07-20 12:00:00+05:30,807.35,807.35,803.0,803.1,2092,0
2026-07-20 12:15:00+05:30,803.1,808.6,802.55,808.25,4484,0
2026-07-20 12:30:00+05:30,809.85,810.15,804.35,807.1,8502,0
2026-07-20 12:45:00+05:30,807.65,812.0,807.65,812.0,2888,0
2026-07-20 13:00:00+05:30,811.15,812.8,810.45,812.4,1831,0
2026-07-20 13:15:00+05:30,812.65,819.6,812.15,819.45,8278,0
2026-07-20 13:30:00+05:30,819.6,827.0,818.1,824.55,19741,0
2026-07-20 13:45:00+05:30,824.0,824.8,820.95,824.05,3894,0
2026-07-20 14:00:00+05:30,824.3,828.0,824.3,825.65,12728,0
2026-07-20 14:15:00+05:30,825.6,832.55,825.6,832.55,42472,0
2026-07-20 14:30:00+05:30,832.55,832.55,832.55,832.55,6419,0
2026-07-20 14:45:00+05:30,832.55,832.55,832.55,832.55,1378,0
2026-07-20 15:00:00+05:30,832.55,832.55,832.55,832.55,2903,0
2026-07-20 15:15:00+05:30,832.55,832.55,832.55,832.55,1758,0
2026-07-21 09:15:00+05:30,841.4,848.85,823.55,830.55,37317,0
2026-07-21 09:30:00+05:30,830.8,838.0,825.3,838.0,11401,0
2026-07-21 09:45:00+05:30,838.85,840.0,831.0,834.75,13703,0
2026-07-21 10:00:00+05:30,834.6,834.6,826.0,826.2,8880,0
2026-07-21 10:15:00+05:30,826.5,827.0,820.05,822.4,6680,0
2026-07-21 10:30:00+05:30,822.4,824.75,817.15,818.95,11159,0
2026-07-21 10:45:00+05:30,818.95,829.2,818.95,821.65,9383,0
2026-07-21 11:00:00+05:30,821.65,822.55,818.1,818.1,3639,0
2026-07-21 11:15:00+05:30,818.25,821.75,818.25,818.9,1484,0
2026-07-21 11:30:00+05:30,819.0,822.9,819.0,822.8,1412,0
2026-07-21 11:45:00+05:30,822.8,823.05,821.2,822.3,1183,0
2026-07-21 12:00:00+05:30,822.3,824.0,821.7,823.3,1355,0
2026-07-21 12:15:00+05:30,823.3,825.0,823.0,824.15,2254,0
2026-07-21 12:30:00+05:30,824.9,825.65,819.25,821.35,3716,0
2026-07-21 12:45:00+05:30,820.95,821.65,816.6,817.0,4659,0
2026-07-21 13:00:00+05:30,817.6,819.25,815.5,819.0,3979,0
2026-07-21 13:15:00+05:30,819.15,819.45,813.5,818.8,6069,0
2026-07-21 13:30:00+05:30,818.8,819.95,815.0,816.65,5862,0
2026-07-21 13:45:00+05:30,816.65,817.55,815.0,816.5,1849,0
2026-07-21 14:00:00+05:30,816.05,816.95,815.55,816.95,941,0
2026-07-21 14:15:00+05:30,816.95,817.1,812.35,813.85,3992,0
2026-07-21 14:30:00+05:30,813.85,815.3,812.0,813.9,3507,0
2026-07-21 14:45:00+05:30,813.65,814.05,805.1,808.7,12549,0
2026-07-21 15:00:00+05:30,808.7,811.85,805.0,808.4,10972,0
2026-07-21 15:15:00+05:30,808.05,820.2,808.05,819.25,15708,0
2026-07-22 09:15:00+05:30,820.0,824.85,812.15,815.55,11515,0
2026-07-22 09:30:00+05:30,815.5,816.3,809.1,814.1,8269,0
2026-07-22 09:45:00+05:30,813.05,814.8,808.0,811.55,7644,0
2026-07-22 10:00:00+05:30,811.5,819.5,811.15,815.55,6070,0
2026-07-22 10:15:00+05:30,815.55,816.75,810.2,810.85,2881,0
2026-07-22 10:30:00+05:30,811.75,815.45,810.3,811.2,1663,0
2026-07-22 10:45:00+05:30,812.35,813.85,810.45,811.85,1740,0
2026-07-22 11:00:00+05:30,811.85,820.6,811.85,819.8,5871,0
2026-07-22 11:15:00+05:30,818.95,824.4,818.6,823.9,11309,0
2026-07-22 11:30:00+05:30,823.9,824.9,820.0,821.9,2485,0
2026-07-22 11:45:00+05:30,821.9,821.9,813.8,816.0,2738,0
2026-07-22 12:00:00+05:30,816.0,816.95,811.65,812.85,1425,0
2026-07-22 12:15:00+05:30,813.6,814.25,810.9,813.45,2418,0
2026-07-22 12:30:00+05:30,813.0,813.45,809.3,813.45,5571,0
2026-07-22 12:45:00+05:30,814.0,814.6,811.35,813.15,643,0
2026-07-22 13:00:00+05:30,812.4,814.3,811.0,812.45,1298,0
2026-07-22 13:15:00+05:30,811.25,813.3,809.6,810.0,738,0
2026-07-22 13:30:00+05:30,810.05,811.7,809.5,811.7,2947,0
2026-07-22 13:45:00+05:30,811.7,811.7,805.0,806.15,5040,0
2026-07-22 14:00:00+05:30,806.9,807.7,805.25,806.05,1601,0
2026-07-22 14:15:00+05:30,806.05,807.55,806.0,806.0,610,0
2026-07-22 14:30:00+05:30,806.0,807.25,805.0,805.05,1127,0
2026-07-22 14:45:00+05:30,805.2,806.5,805.0,805.55,1388,0
2026-07-22 15:00:00+05:30,805.8,807.95,805.0,807.95,2868,0
2026-07-22 15:15:00+05:30,807.95,808.0,803.0,807.5,13980,0
2026-07-23 09:15:00+05:30,800.0,804.85,792.5,803.45,4705,0
2026-07-23 09:30:00+05:30,803.45,808.0,796.0,796.0,9790,0
2026-07-23 09:45:00+05:30,795.85,796.0,792.0,795.0,3840,0
2026-07-23 10:00:00+05:30,795.0,800.8,795.0,799.0,2557,0
2026-07-23 10:15:00+05:30,798.0,799.0,793.35,794.25,3717,0
2026-07-23 10:30:00+05:30,794.25,794.95,792.0,793.45,3682,0
2026-07-23 10:45:00+05:30,793.9,795.0,790.4,794.7,4379,0
2026-07-23 11:00:00+05:30,794.7,794.7,792.15,793.15,4375,0
2026-07-23 11:15:00+05:30,794.05,794.05,786.5,788.0,6185,0
2026-07-23 11:30:00+05:30,788.0,789.4,775.05,777.0,28586,0
2026-07-23 11:45:00+05:30,777.0,779.75,775.0,778.7,9973,0
2026-07-23 12:00:00+05:30,778.85,782.0,778.85,780.85,5070,0
2026-07-23 12:15:00+05:30,780.85,780.9,780.05,780.1,1289,0
2026-07-23 12:30:00+05:30,780.9,783.6,778.9,783.3,6108,0
2026-07-23 12:45:00+05:30,783.65,787.9,782.0,786.0,7154,0
2026-07-23 13:00:00+05:30,786.75,787.05,785.0,786.75,2744,0
2026-07-23 13:15:00+05:30,786.75,786.9,785.0,785.6,1636,0
2026-07-23 13:30:00+05:30,786.0,788.7,784.0,785.55,4863,0
2026-07-23 13:45:00+05:30,785.55,786.0,785.0,785.75,2738,0
2026-07-23 14:00:00+05:30,785.75,786.5,780.2,780.25,2656,0
2026-07-23 14:15:00+05:30,780.45,781.95,778.55,780.55,4164,0
2026-07-23 14:30:00+05:30,780.25,782.9,778.25,779.0,3656,0
2026-07-23 14:45:00+05:30,779.05,780.5,778.4,778.9,3454,0
2026-07-23 15:00:00+05:30,778.9,779.35,776.5,777.55,4725,0
2026-07-23 15:15:00+05:30,778.5,781.0,775.0,781.0,16016,0
2026-07-24 09:15:00+05:30,772.1,790.7,772.1,783.65,16628,0
2026-07-24 09:30:00+05:30,783.65,786.75,780.55,780.55,8076,0
2026-07-24 09:45:00+05:30,781.3,783.6,775.25,782.2,7012,0
2026-07-24 10:00:00+05:30,782.25,785.95,779.05,781.2,8467,0
2026-07-24 10:15:00+05:30,781.15,789.55,780.9,789.25,8682,0
2026-07-24 10:30:00+05:30,789.25,797.95,785.05,794.7,15086,0
2026-07-24 10:45:00+05:30,795.85,798.7,786.0,786.75,5827,0
2026-07-24 11:00:00+05:30,786.0,786.0,779.15,785.9,7718,0
2026-07-24 11:15:00+05:30,785.7,790.95,784.7,786.0,1879,0
2026-07-24 11:30:00+05:30,786.0,791.7,784.6,791.7,1704,0
2026-07-24 11:45:00+05:30,792.0,792.35,789.7,789.7,1985,0
2026-07-24 12:00:00+05:30,790.8,792.0,787.35,792.0,2240,0
2026-07-24 12:15:00+05:30,792.0,796.75,791.55,796.75,2739,0
2026-07-24 12:30:00+05:30,796.75,798.0,794.05,797.35,5192,0
2026-07-24 12:45:00+05:30,797.05,798.8,796.05,798.0,2408,0
2026-07-24 13:00:00+05:30,798.0,808.0,798.0,802.0,19040,0
2026-07-24 13:15:00+05:30,802.0,804.0,801.0,803.5,4148,0
2026-07-24 13:30:00+05:30,803.0,804.45,801.55,803.85,6520,0
2026-07-24 13:45:00+05:30,803.55,803.55,797.0,800.05,8614,0
2026-07-24 14:00:00+05:30,799.1,801.05,797.05,799.15,1210,0
2026-07-24 14:15:00+05:30,799.0,799.7,792.3,793.45,1628,0
2026-07-24 14:30:00+05:30,793.8,795.45,792.1,793.45,2931,0
2026-07-24 14:45:00+05:30,793.0,794.95,791.2,793.55,4584,0
2026-07-24 15:00:00+05:30,793.15,804.0,793.1,801.95,14990,0
2026-07-24 15:15:00+05:30,801.6,805.0,797.9,803.25,12402,0
2026-07-27 09:15:00+05:30,805.0,815.55,799.85,799.9,11917,0
2026-07-27 09:30:00+05:30,798.05,799.25,791.8,796.7,20158,0
2026-07-27 09:45:00+05:30,796.5,797.85,793.0,795.7,4867,0
2026-07-27 10:00:00+05:30,795.7,795.95,788.85,791.95,4583,0
2026-07-27 10:15:00+05:30,791.15,791.15,784.9,789.15,7367,0
2026-07-27 10:30:00+05:30,788.8,788.8,783.0,785.3,4376,0
2026-07-27 10:45:00+05:30,784.35,785.8,783.1,784.6,2605,0
2026-07-27 11:00:00+05:30,784.65,784.65,780.1,782.85,4694,0
2026-07-27 11:15:00+05:30,782.55,784.15,782.5,783.95,1396,0
2026-07-27 11:30:00+05:30,783.5,785.45,782.6,784.8,3315,0
2026-07-27 11:45:00+05:30,784.8,785.25,782.65,782.65,1243,0
2026-07-27 12:00:00+05:30,783.2,783.75,780.25,782.5,3827,0
2026-07-27 12:15:00+05:30,781.65,782.5,781.2,781.2,1692,0
2026-07-27 12:30:00+05:30,781.2,782.5,780.35,781.5,3140,0
2026-07-27 12:45:00+05:30,781.65,785.6,781.65,784.0,2364,0
2026-07-27 13:00:00+05:30,784.8,787.45,783.4,785.95,2296,0
2026-07-27 13:15:00+05:30,785.05,786.3,782.85,786.3,2041,0
2026-07-27 13:30:00+05:30,786.3,786.55,783.0,784.1,1726,0
2026-07-27 13:45:00+05:30,784.1,784.3,781.85,782.35,2668,0
2026-07-27 14:00:00+05:30,782.35,786.35,782.0,786.0,3505,0
2026-07-27 14:15:00+05:30,786.35,787.65,781.25,782.85,5557,0
2026-07-27 14:30:00+05:30,783.0,783.9,780.5,782.55,10953,0
2026-07-27 14:45:00+05:30,782.85,785.6,780.05,781.0,6924,0
2026-07-27 15:00:00+05:30,781.15,782.95,780.0,780.6,6785,0
2026-07-27 15:15:00+05:30,780.5,783.95,777.6,781.0,14748,0
2026-07-28 09:15:00+05:30,779.85,784.6,755.75,759.85,23172,0
2026-07-28 09:30:00+05:30,759.9,764.45,758.0,759.2,6845,0
2026-07-28 09:45:00+05:30,759.25,759.35,752.3,753.1,13910,0
2026-07-28 10:00:00+05:30,752.3,752.45,746.2,750.0,12614,0
2026-07-28 10:15:00+05:30,750.0,754.85,748.0,750.75,6063,0
2026-07-28 10:30:00+05:30,750.75,752.3,750.0,750.2,4455,0
2026-07-28 10:45:00+05:30,750.95,751.65,750.0,751.15,2448,0
2026-07-28 11:00:00+05:30,750.5,751.55,750.0,751.2,3466,0
2026-07-28 11:15:00+05:30,751.0,751.55,750.0,751.0,2393,0
2026-07-28 11:30:00+05:30,751.45,751.55,749.55,751.25,3904,0
2026-07-28 11:45:00+05:30,751.4,751.45,744.8,745.7,10609,0
2026-07-28 12:00:00+05:30,745.55,755.7,744.2,751.55,12312,0
2026-07-28 12:15:00+05:30,752.55,752.55,750.5,752.0,735,0
2026-07-28 12:30:00+05:30,752.4,753.0,750.0,752.25,2230,0
2026-07-28 12:45:00+05:30,751.2,752.0,748.5,751.55,2494,0
2026-07-28 13:00:00+05:30,751.3,754.5,750.5,753.6,2948,0
2026-07-28 13:15:00+05:30,753.55,754.5,746.0,752.15,6562,0
2026-07-28 13:30:00+05:30,752.95,752.95,747.0,749.0,1378,0
2026-07-28 13:45:00+05:30,749.0,750.95,747.8,750.2,2430,0
2026-07-28 14:00:00+05:30,750.1,750.8,748.4,749.15,1216,0
2026-07-28 14:15:00+05:30,749.15,749.15,746.0,746.95,2623,0
2026-07-28 14:30:00+05:30,746.95,747.0,745.0,746.8,3289,0
2026-07-28 14:45:00+05:30,747.9,748.1,745.5,747.05,4767,0
2026-07-28 15:00:00+05:30,747.05,749.55,745.0,749.5,5020,0
2026-07-28 15:15:00+05:30,749.65,749.65,742.35,743.1,18781,0
2026-07-29 09:15:00+05:30,750.95,755.95,745.0,748.75,12695,0
2026-07-29 09:30:00+05:30,748.6,751.65,746.15,748.2,5707,0
2026-07-29 09:45:00+05:30,749.0,751.9,746.55,748.7,7622,0
2026-07-29 10:00:00+05:30,748.85,756.35,748.05,751.15,11724,0
2026-07-29 10:15:00+05:30,751.15,751.15,747.0,748.25,5478,0
2026-07-29 10:30:00+05:30,748.1,748.35,742.15,743.4,4959,0
2026-07-29 10:45:00+05:30,743.45,743.6,735.2,736.65,21326,0
2026-07-29 11:00:00+05:30,737.15,767.9,736.65,760.1,42081,0
2026-07-29 11:15:00+05:30,759.15,766.0,756.8,764.95,17822,0
2026-07-29 11:30:00+05:30,763.8,766.0,762.0,763.95,4131,0
2026-07-29 11:45:00+05:30,764.3,766.05,758.5,759.4,3620,0
2026-07-29 12:00:00+05:30,760.3,762.95,758.05,760.2,3084,0
2026-07-29 12:15:00+05:30,760.2,763.0,758.95,759.85,2524,0
2026-07-29 12:30:00+05:30,760.1,760.7,755.25,757.0,2818,0
2026-07-29 12:45:00+05:30,756.75,757.6,753.55,756.7,2885,0
2026-07-29 13:00:00+05:30,756.0,759.1,756.0,758.0,1250,0
2026-07-29 13:15:00+05:30,757.65,757.75,753.55,754.8,2629,0
2026-07-29 13:30:00+05:30,754.8,758.45,754.5,755.35,2871,0
2026-07-29 13:45:00+05:30,755.35,757.45,754.3,755.95,1901,0
2026-07-29 14:00:00+05:30,755.5,756.45,752.55,752.75,7023,0
2026-07-29 14:15:00+05:30,752.75,752.75,746.0,749.2,7782,0
2026-07-29 14:30:00+05:30,749.2,754.0,748.1,753.8,3956,0
2026-07-29 14:45:00+05:30,753.8,755.0,750.05,751.7,5566,0
2026-07-29 15:00:00+05:30,751.8,754.85,749.55,752.9,10030,0
2026-07-29 15:15:00+05:30,752.55,752.9,749.0,751.0,11054,0
2026-07-30 09:15:00+05:30,751.5,760.65,742.45,744.0,10134,0
2026-07-30 09:30:00+05:30,744.8,744.95,738.0,738.9,6113,0
2026-07-30 09:45:00+05:30,738.9,742.2,738.15,740.05,5248,0
2026-07-30 10:00:00+05:30,740.15,741.65,732.05,733.7,6211,0
2026-07-30 10:15:00+05:30,733.3,737.65,731.5,733.95,8675,0
2026-07-30 10:30:00+05:30,733.05,733.95,727.0,731.35,13158,0
2026-07-30 10:45:00+05:30,731.15,735.9,731.05,732.95,3220,0
2026-07-30 11:00:00+05:30,734.35,741.8,733.45,740.6,3143,0
2026-07-30 11:15:00+05:30,740.6,743.25,739.05,742.5,4638,0
2026-07-30 11:30:00+05:30,742.55,753.0,742.5,750.65,9154,0
2026-07-30 11:45:00+05:30,748.95,749.5,743.55,743.55,930,0
2026-07-30 12:00:00+05:30,744.0,746.35,743.1,745.05,2077,0
2026-07-30 12:15:00+05:30,745.1,745.9,744.25,745.3,663,0
2026-07-30 12:30:00+05:30,744.55,748.7,744.2,747.95,1492,0
2026-07-30 12:45:00+05:30,747.95,748.05,744.1,745.85,1907,0
2026-07-30 13:00:00+05:30,745.3,745.3,741.0,741.0,1280,0
2026-07-30 13:15:00+05:30,741.65,742.9,740.75,742.4,3491,0
2026-07-30 13:30:00+05:30,742.5,742.5,739.55,740.25,4850,0
2026-07-30 13:45:00+05:30,740.25,740.95,739.0,739.0,3596,0
2026-07-30 14:00:00+05:30,739.0,742.45,739.0,740.95,2149,0
2026-07-30 14:15:00+05:30,741.35,741.5,732.55,734.45,14476,0
2026-07-30 14:30:00+05:30,733.4,739.5,732.95,738.35,3082,0
2026-07-30 14:45:00+05:30,738.5,741.25,737.05,739.8,1584,0
2026-07-30 15:00:00+05:30,740.45,740.45,735.0,737.0,4420,0
2026-07-30 15:15:00+05:30,737.55,748.6,735.1,744.0,9488,0
2026-07-31 09:15:00+05:30,741.0,760.45,740.7,754.95,48222,0
2026-07-31 09:30:00+05:30,755.0,769.25,754.05,763.0,38012,0
2026-07-31 09:45:00+05:30,762.15,769.0,762.15,768.8,12130,0
2026-07-31 10:00:00+05:30,767.55,769.25,765.8,769.25,6641,0
2026-07-31 10:15:00+05:30,769.25,769.25,769.25,769.25,1960,0
2026-07-31 10:30:00+05:30,769.25,769.25,769.25,769.25,1642,0
2026-07-31 10:45:00+05:30,769.25,769.25,769.25,769.25,30336,0
2026-07-31 11:00:00+05:30,769.25,769.25,759.6,761.25,40158,0
2026-07-31 11:15:00+05:30,761.95,762.35,758.45,760.0,7715,0
2026-07-31 11:30:00+05:30,758.45,760.0,754.0,757.35,7879,0
2026-07-31 11:45:00+05:30,757.0,761.6,756.05,761.5,3852,0
2026-07-31 12:00:00+05:30,759.75,760.8,756.05,760.0,3387,0
2026-07-31 12:15:00+05:30,760.0,764.95,760.0,764.95,2712,0
2026-07-31 12:30:00+05:30,764.95,768.4,758.05,758.1,6146,0
2026-07-31 12:45:00+05:30,760.45,761.8,754.95,755.0,8169,0
2026-07-31 13:00:00+05:30,755.0,758.4,750.1,751.0,6271,0
2026-07-31 13:15:00+05:30,750.5,751.9,746.1,749.1,6146,0
2026-07-31 13:30:00+05:30,749.6,750.7,746.1,747.95,4775,0
2026-07-31 13:45:00+05:30,747.4,750.95,747.4,748.0,2295,0
2026-07-31 14:00:00+05:30,748.0,750.0,724.9,734.95,11675,0
2026-07-31 14:15:00+05:30,735.35,739.0,729.25,737.35,12849,0
2026-07-31 14:30:00+05:30,737.9,740.45,736.65,738.0,3064,0
2026-07-31 14:45:00+05:30,739.5,739.5,717.8,721.0,38562,0
2026-07-31 15:00:00+05:30,721.0,724.5,713.0,723.95,23134,0
2026-07-31 15:15:00+05:30,723.75,728.8,720.05,725.0,21813,0
2026-08-03 09:15:00+05:30,700.0,735.0,700.0,727.0,33455,0
2026-08-03 09:30:00+05:30,725.95,729.0,721.0,725.95,11797,0
2026-08-03 09:45:00+05:30,725.85,725.85,720.1,724.4,5419,0
2026-08-03 10:00:00+05:30,724.4,729.5,722.1,725.75,6583,0
2026-08-03 10:15:00+05:30,725.75,729.7,723.2,727.0,5665,0
2026-08-03 10:30:00+05:30,727.35,728.25,725.85,726.8,1751,0
2026-08-03 10:45:00+05:30,727.45,728.4,725.35,727.0,1890,0
2026-08-03 11:00:00+05:30,727.6,733.2,727.0,730.0,4674,0
2026-08-03 11:15:00+05:30,730.0,732.0,728.0,729.4,5760,0
2026-08-03 11:30:00+05:30,728.25,730.0,727.5,728.95,2086,0
2026-08-03 11:45:00+05:30,728.95,732.0,728.85,731.7,2261,0
2026-08-03 12:00:00+05:30,731.7,736.0,731.55,732.05,5039,0
2026-08-03 12:15:00+05:30,732.65,742.0,731.65,741.0,9017,0
2026-08-03 12:30:00+05:30,741.15,742.0,737.95,738.25,8121,0
2026-08-03 12:45:00+05:30,738.85,738.85,737.05,738.1,1495,0
2026-08-03 13:00:00+05:30,737.9,739.9,737.9,738.5,2356,0
2026-08-03 13:15:00+05:30,738.5,739.5,738.1,738.8,1361,0
2026-08-03 13:30:00+05:30,738.4,741.95,738.1,739.5,3524,0
2026-08-03 13:45:00+05:30,739.5,740.6,739.5,740.5,2384,0
2026-08-03 14:00:00+05:30,740.0,749.0,740.0,746.5,8280,0
2026-08-03 14:15:00+05:30,746.95,758.0,746.5,758.0,27374,0
2026-08-03 14:30:00+05:30,758.0,758.0,758.0,758.0,656,0
2026-08-03 14:45:00+05:30,758.0,758.0,758.0,758.0,620,0
2026-08-03 15:00:00+05:30,758.0,758.0,758.0,758.0,3410,0
2026-08-03 15:15:00+05:30,758.0,758.0,758.0,758.0,1702,0
2026-08-04 09:15:00+05:30,769.0,772.85,740.1,767.0,76196,0
2026-08-04 09:30:00+05:30,766.45,785.0,761.0,780.0,27814,0
2026-08-04 09:45:00+05:30,779.0,779.55,763.85,765.45,17329,0
2026-08-04 10:00:00+05:30,765.7,766.0,756.0,759.3,11738,0
2026-08-04 10:15:00+05:30,760.4,765.0,755.0,761.6,10889,0
2026-08-04 10:30:00+05:30,761.2,761.8,754.5,756.65,4841,0
2026-08-04 10:45:00+05:30,756.5,758.0,754.0,754.3,2155,0
2026-08-04 11:00:00+05:30,754.3,754.3,750.35,753.7,5071,0
2026-08-04 11:15:00+05:30,753.7,754.0,750.0,751.0,6209,0
2026-08-04 11:30:00+05:30,751.0,756.0,749.75,754.6,5225,0
2026-08-04 11:45:00+05:30,754.1,756.45,753.5,755.5,1726,0
2026-08-04 12:00:00+05:30,755.1,755.4,752.6,752.75,3120,0
2026-08-04 12:15:00+05:30,753.45,759.45,753.45,757.15,1858,0
2026-08-04 12:30:00+05:30,758.45,760.0,757.2,758.0,2121,0
2026-08-04 12:45:00+05:30,758.0,758.55,755.4,755.8,740,0
2026-08-04 13:00:00+05:30,756.0,756.9,754.5,755.8,1297,0
2026-08-04 13:15:00+05:30,755.0,755.45,752.55,754.45,1864,0
2026-08-04 13:30:00+05:30,754.35,755.45,752.05,753.35,1391,0
2026-08-04 13:45:00+05:30,754.0,755.85,752.15,753.0,2101,0
2026-08-04 14:00:00+05:30,753.0,758.0,752.2,757.0,3977,0
2026-08-04 14:15:00+05:30,756.05,757.0,752.7,753.05,2245,0
2026-08-04 14:30:00+05:30,753.9,757.35,752.85,753.75,2389,0
2026-08-04 14:45:00+05:30,753.75,757.0,752.5,754.0,3854,0
2026-08-04 15:00:00+05:30,754.15,760.3,753.05,759.4,11180,0
2026-08-04 15:15:00+05:30,759.6,779.95,750.0,759.6,35873,0
2026-08-05 09:15:00+05:30,755.1,756.1,747.0,752.4,13889,0
2026-08-05 09:30:00+05:30,752.45,756.0,750.0,751.65,6256,0
2026-08-05 09:45:00+05:30,752.0,752.9,745.0,746.3,6241,0
2026-08-05 10:00:00+05:30,745.15,747.4,742.0,746.95,5669,0
2026-08-05 10:15:00+05:30,746.9,748.25,744.0,744.55,1618,0
2026-08-05 10:30:00+05:30,744.0,747.2,744.0,746.45,1870,0
2026-08-05 10:45:00+05:30,746.45,748.0,746.2,748.0,1589,0
2026-08-05 11:00:00+05:30,748.35,750.0,746.6,748.05,3390,0
2026-08-05 11:15:00+05:30,746.85,747.95,742.85,743.75,7067,0
2026-08-05 11:30:00+05:30,744.0,745.9,743.05,744.9,1889,0
2026-08-05 11:45:00+05:30,744.9,744.9,741.95,742.85,4167,0
2026-08-05 12:00:00+05:30,743.3,744.8,740.0,742.7,3536,0
2026-08-05 12:15:00+05:30,742.5,746.6,742.1,743.6,3738,0
2026-08-05 12:30:00+05:30,743.25,743.65,741.55,741.8,1565,0
2026-08-05 12:45:00+05:30,742.5,745.0,741.6,744.0,2790,0
2026-08-05 13:00:00+05:30,744.0,745.65,744.0,745.65,2768,0
2026-08-05 13:15:00+05:30,745.65,747.95,744.6,746.0,4429,0
2026-08-05 13:30:00+05:30,746.0,746.7,744.8,744.85,880,0
2026-08-05 13:45:00+05:30,745.45,746.45,744.75,746.0,1655,0
2026-08-05 14:00:00+05:30,745.35,748.95,745.35,747.0,584,0
2026-08-05 14:15:00+05:30,747.0,748.1,746.0,747.35,2644,0
2026-08-05 14:30:00+05:30,746.5,747.15,745.4,746.6,1968,0
2026-08-05 14:45:00+05:30,746.3,746.4,742.0,743.25,6318,0
2026-08-05 15:00:00+05:30,742.35,745.0,741.0,743.9,4634,0
2026-08-05 15:15:00+05:30,743.9,745.0,740.0,744.35,10066,0
2026-08-06 09:15:00+05:30,740.1,750.9,740.0,748.0,9708,0
2026-08-06 09:30:00+05:30,747.15,748.0,740.0,741.05,7400,0
2026-08-06 09:45:00+05:30,741.95,742.9,738.7,740.45,5035,0
2026-08-06 10:00:00+05:30,739.7,740.15,734.55,736.65,6460,0
2026-08-06 10:15:00+05:30,737.8,737.85,732.6,735.0,4362,0
2026-08-06 10:30:00+05:30,735.0,740.0,732.55,739.9,3021,0
2026-08-06 10:45:00+05:30,740.0,742.35,738.05,738.35,1609,0
2026-08-06 11:00:00+05:30,738.1,739.9,736.6,737.5,1166,0
2026-08-06 11:15:00+05:30,738.35,738.45,735.55,738.0,1063,0
2026-08-06 11:30:00+05:30,738.0,738.05,735.0,736.0,530,0
2026-08-06 11:45:00+05:30,735.9,736.95,733.6,734.3,1243,0
2026-08-06 12:00:00+05:30,735.35,735.95,731.3,733.0,2945,0
2026-08-06 12:15:00+05:30,733.0,734.35,731.3,731.3,1130,0
2026-08-06 12:30:00+05:30,731.7,732.4,731.3,732.4,896,0
2026-08-06 12:45:00+05:30,732.35,732.45,731.25,732.45,2368,0
2026-08-06 13:00:00+05:30,732.35,733.8,731.8,731.8,5710,0
2026-08-06 13:15:00+05:30,731.8,732.55,731.25,732.55,2636,0
2026-08-06 13:30:00+05:30,732.0,733.0,730.0,732.65,4339,0
2026-08-06 13:45:00+05:30,732.65,733.05,731.4,732.0,2391,0
2026-08-06 14:00:00+05:30,732.2,732.2,726.0,729.6,21515,0
2026-08-06 14:15:00+05:30,729.6,730.45,726.0,729.0,8823,0
2026-08-06 14:30:00+05:30,729.0,732.5,727.8,730.1,9123,0
2026-08-06 14:45:00+05:30,729.45,732.0,727.5,728.95,6851,0
2026-08-06 15:00:00+05:30,728.65,729.0,724.9,728.35,14939,0
2026-08-06 15:15:00+05:30,728.65,729.45,725.1,729.15,6301,0
2026-08-07 09:15:00+05:30,730.0,738.35,728.55,730.5,11303,0
2026-08-07 09:30:00+05:30,730.7,733.25,730.5,733.2,3548,0
2026-08-07 09:45:00+05:30,733.2,733.2,731.0,731.8,1900,0
2026-08-07 10:00:00+05:30,731.75,736.9,731.0,736.9,4942,0
2026-08-07 10:15:00+05:30,736.0,736.0,730.1,731.05,3040,0
2026-08-07 10:30:00+05:30,731.5,732.6,730.0,732.45,1072,0
2026-08-07 10:45:00+05:30,732.4,733.0,732.15,733.0,632,0
2026-08-07 11:00:00+05:30,733.0,733.0,730.7,731.4,1311,0
2026-08-07 11:15:00+05:30,730.6,733.0,730.1,732.9,587,0
2026-08-07 11:30:00+05:30,732.25,735.0,732.1,734.25,2436,0
2026-08-07 11:45:00+05:30,734.3,735.5,731.1,731.1,2461,0
2026-08-07 12:00:00+05:30,732.0,733.3,730.0,730.15,2927,0
2026-08-07 12:15:00+05:30,730.0,732.05,729.65,730.7,4038,0
2026-08-07 12:30:00+05:30,730.7,734.95,730.05,732.95,5988,0
2026-08-07 12:45:00+05:30,733.0,735.0,732.75,733.95,730,0
2026-08-07 13:00:00+05:30,734.15,737.0,733.45,737.0,1864,0
2026-08-07 13:15:00+05:30,737.45,743.95,736.95,743.0,14032,0
2026-08-07 13:30:00+05:30,743.0,756.0,742.0,752.2,21930,0
2026-08-07 13:45:00+05:30,751.0,755.0,744.9,744.9,10031,0
2026-08-07 14:00:00+05:30,746.7,749.8,742.5,749.8,15669,0
2026-08-07 14:15:00+05:30,749.9,755.0,746.85,752.45,15708,0
2026-08-07 14:30:00+05:30,752.0,762.9,752.0,762.9,27128,0
2026-08-07 14:45:00+05:30,762.9,762.9,762.9,762.9,7112,0
2026-08-07 15:00:00+05:30,762.9,762.9,762.9,762.9,1659,0
2026-08-07 15:15:00+05:30,762.9,762.9,762.9,762.9,1590,0
2026-08-10 09:15:00+05:30,766.65,777.0,746.85,751.65,39256,0
2026-08-10 09:30:00+05:30,750.5,754.4,742.5,749.05,16730,0
2026-08-10 09:45:00+05:30,749.8,750.85,742.8,746.15,8142,0
2026-08-10 10:00:00+05:30,746.15,747.0,742.0,743.65,6091,0
2026-08-10 10:15:00+05:30,744.3,750.0,742.4,742.85,6381,0
2026-08-10 10:30:00+05:30,744.0,746.0,744.0,745.8,1614,0
2026-08-10 10:45:00+05:30,745.8,746.85,741.05,742.6,4960,0
2026-08-10 11:00:00+05:30,742.45,743.25,740.25,741.0,2745,0
2026-08-10 11:15:00+05:30,742.1,746.5,741.0,743.0,4576,0
2026-08-10 11:30:00+05:30,743.9,751.0,741.15,750.35,12975,0
2026-08-10 11:45:00+05:30,749.75,752.5,748.0,748.25,10528,0
2026-08-10 12:00:00+05:30,748.25,748.9,744.05,745.7,3526,0
2026-08-10 12:15:00+05:30,746.5,749.8,746.0,748.35,2094,0
2026-08-10 12:30:00+05:30,748.35,749.4,746.8,749.4,940,0
2026-08-10 12:45:00+05:30,749.4,749.4,745.55,747.1,2116,0
2026-08-10 13:00:00+05:30,747.1,748.05,745.8,747.2,765,0
2026-08-10 13:15:00+05:30,747.0,748.0,744.55,746.85,3111,0
2026-08-10 13:30:00+05:30,746.85,748.9,746.05,747.5,1399,0
2026-08-10 13:45:00+05:30,747.45,749.2,747.0,747.35,1737,0
2026-08-10 14:00:00+05:30,747.35,753.0,747.0,752.55,2992,0
2026-08-10 14:15:00+05:30,752.0,756.0,750.15,755.7,2984,0
2026-08-10 14:30:00+05:30,755.5,758.9,748.4,748.7,7711,0
2026-08-10 14:45:00+05:30,748.65,749.6,748.4,748.45,1652,0
2026-08-10 15:00:00+05:30,748.8,755.4,744.6,746.8,9823,0
2026-08-10 15:15:00+05:30,746.95,752.0,746.0,748.65,7842,0
2026-08-11 09:15:00+05:30,742.0,748.9,740.4,745.5,11159,0
2026-08-11 09:30:00+05:30,746.2,748.5,744.1,746.5,10131,0
2026-08-11 09:45:00+05:30,746.5,755.45,745.2,752.7,5986,0
2026-08-11 10:00:00+05:30,753.95,758.4,751.3,751.3,9006,0
2026-08-11 10:15:00+05:30,751.95,752.45,749.0,750.6,1818,0
2026-08-11 10:30:00+05:30,750.6,753.35,749.5,751.5,1764,0
2026-08-11 10:45:00+05:30,751.0,751.2,749.5,751.0,1154,0
2026-08-11 11:00:00+05:30,751.0,753.25,749.5,752.6,1784,0
2026-08-11 11:15:00+05:30,752.65,756.45,752.55,755.15,3312,0
2026-08-11 11:30:00+05:30,754.85,761.4,753.2,761.4,4670,0
2026-08-11 11:45:00+05:30,761.4,765.6,757.55,757.85,10459,0
2026-08-11 12:00:00+05:30,757.85,780.0,755.85,775.7,30385,0
2026-08-11 12:15:00+05:30,775.2,775.7,766.7,772.3,14732,0
2026-08-11 12:30:00+05:30,772.3,780.0,772.05,774.8,14976,0
2026-08-11 12:45:00+05:30,774.8,779.0,772.2,772.5,6186,0
2026-08-11 13:00:00+05:30,772.5,779.0,771.2,775.55,15155,0
2026-08-11 13:15:00+05:30,775.55,776.95,772.15,774.8,6374,0
2026-08-11 13:30:00+05:30,774.05,775.25,772.85,774.0,1806,0
2026-08-11 13:45:00+05:30,774.5,775.45,765.35,768.65,11435,0
2026-08-11 14:00:00+05:30,768.55,769.9,765.55,769.0,4149,0
2026-08-11 14:15:00+05:30,769.55,772.25,769.0,771.55,7712,0
2026-08-11 14:30:00+05:30,771.5,774.6,770.35,773.95,3045,0
2026-08-11 14:45:00+05:30,773.95,773.95,764.0,764.0,7464,0
2026-08-11 15:00:00+05:30,764.0,765.9,756.0,758.75,15635,0
2026-08-11 15:15:00+05:30,757.6,763.0,754.6,763.0,12813,0
2026-08-12 09:15:00+05:30,766.15,790.0,766.15,781.0,52192,0
2026-08-12 09:30:00+05:30,780.45,792.0,778.65,782.25,32379,0
2026-08-12 09:45:00+05:30,780.25,791.0,779.45,787.9,21760,0
2026-08-12 10:00:00+05:30,787.9,792.05,785.0,792.0,20086,0
2026-08-12 10:15:00+05:30,792.1,798.0,786.55,788.95,33494,0
2026-08-12 10:30:00+05:30,789.45,796.9,787.9,796.7,21859,0
2026-08-12 10:45:00+05:30,795.3,797.95,792.0,793.3,21429,0
2026-08-12 11:00:00+05:30,793.25,794.5,787.85,793.85,12624,0
2026-08-12 11:15:00+05:30,792.25,795.0,788.65,788.95,7788,0
2026-08-12 11:30:00+05:30,788.8,793.45,783.0,789.45,16023,0
2026-08-12 11:45:00+05:30,788.05,795.0,787.55,793.2,12113,0
2026-08-12 12:00:00+05:30,794.0,796.0,791.55,795.85,13201,0
2026-08-12 12:15:00+05:30,795.85,798.25,794.6,798.25,32684,0
2026-08-12 12:30:00+05:30,798.25,798.25,798.25,798.25,2726,0
2026-08-12 12:45:00+05:30,798.25,798.25,798.25,798.25,912,0
2026-08-12 13:00:00+05:30,798.25,798.25,798.25,798.25,5911,0
2026-08-12 13:15:00+05:30,798.25,798.25,798.25,798.25,2490,0
2026-08-12 13:30:00+05:30,798.25,798.25,798.25,798.25,1190,0
2026-08-12 13:45:00+05:30,798.25,798.25,798.25,798.25,1432,0
2026-08-12 14:00:00+05:30,798.25,798.25,798.25,798.25,1099,0
2026-08-12 14:15:00+05:30,798.25,798.25,798.25,798.25,2971,0
2026-08-12 14:30:00+05:30,798.25,798.25,793.0,794.0,70601,0
2026-08-12 14:45:00+05:30,794.0,797.6,791.85,795.0,14380,0
2026-08-12 15:00:00+05:30,795.7,797.05,792.0,795.5,16189,0
2026-08-12 15:15:00+05:30,795.5,797.8,787.05,794.5,21579,0
2026-08-13 09:15:00+05:30,825.0,825.0,781.2,791.0,132238,0
2026-08-13 09:30:00+05:30,791.1,812.45,791.1,804.6,45709,0
2026-08-13 09:45:00+05:30,805.7,820.65,801.4,815.6,25860,0
2026-08-13 10:00:00+05:30,815.95,819.9,801.0,809.7,31689,0
2026-08-13 10:15:00+05:30,809.35,811.2,796.8,798.75,28951,0
2026-08-13 10:30:00+05:30,798.2,799.7,791.2,794.35,14211,0
2026-08-13 10:45:00+05:30,794.35,798.15,793.0,798.15,13184,0
2026-08-13 11:00:00+05:30,797.9,799.9,794.1,797.05,5583,0
2026-08-13 11:15:00+05:30,796.5,800.0,795.15,799.35,2476,0
2026-08-13 11:30:00+05:30,798.75,805.9,797.2,799.05,7984,0
2026-08-13 11:45:00+05:30,800.6,803.55,798.0,801.0,7867,0
2026-08-13 12:00:00+05:30,801.2,815.25,798.05,812.0,14896,0
2026-08-13 12:15:00+05:30,812.95,817.8,807.05,813.55,12658,0
2026-08-13 12:30:00+05:30,813.65,817.9,810.05,811.5,15668,0
2026-08-13 12:45:00+05:30,811.5,814.1,807.4,808.65,3769,0
2026-08-13 13:00:00+05:30,808.75,810.0,807.0,809.5,2584,0
2026-08-13 13:15:00+05:30,809.45,814.2,808.0,812.95,7467,0
2026-08-13 13:30:00+05:30,812.95,817.1,812.35,816.45,18033,0
2026-08-13 13:45:00+05:30,816.45,818.65,815.0,816.9,12526,0
2026-08-13 14:00:00+05:30,817.45,818.8,815.1,816.8,11821,0
2026-08-13 14:15:00+05:30,816.1,818.8,814.65,817.8,5775,0
2026-08-13 14:30:00+05:30,817.1,817.8,813.5,815.0,6639,0
2026-08-13 14:45:00+05:30,814.5,816.0,809.4,809.5,12043,0
2026-08-13 15:00:00+05:30,809.5,813.0,801.75,806.95,14204,0
2026-08-13 15:15:00+05:30,806.95,822.0,801.0,809.85,35176,0
2026-08-14 09:15:00+05:30,781.15,789.6,769.6,770.05,224462,0
2026-08-14 09:30:00+05:30,770.95,771.0,769.6,769.6,18540,0
2026-08-14 09:45:00+05:30,769.6,769.6,769.6,769.6,2066,0
2026-08-14 10:00:00+05:30,769.6,769.6,769.6,769.6,2863,0
2026-08-14 10:15:00+05:30,769.6,769.6,769.6,769.6,1867,0
2026-08-14 10:30:00+05:30,769.6,769.6,769.6,769.6,1702,0
2026-08-14 10:45:00+05:30,769.6,769.6,769.6,769.6,1092,0
2026-08-14 11:00:00+05:30,769.6,769.6,769.6,769.6,1038,0
2026-08-14 11:15:00+05:30,769.6,769.6,769.6,769.6,2066,0
2026-08-14 11:30:00+05:30,769.6,769.6,769.6,769.6,513,0
2026-08-14 11:45:00+05:30,769.6,769.6,769.6,769.6,472,0
2026-08-14 12:00:00+05:30,769.6,769.6,769.6,769.6,540,0
2026-08-14 12:15:00+05:30,769.6,769.6,769.6,769.6,297,0
2026-08-14 12:30:00+05:30,769.6,769.6,769.6,769.6,311,0
2026-08-14 12:45:00+05:30,769.6,769.6,769.6,769.6,514,0
2026-08-14 13:00:00+05:30,769.6,769.6,769.6,769.6,723,0
2026-08-14 13:15:00+05:30,769.6,769.6,769.6,769.6,7154,0
2026-08-14 13:30:00+05:30,769.6,769.6,769.6,769.6,262,0
2026-08-14 13:45:00+05:30,769.6,769.6,769.6,769.6,5375,0
2026-08-14 14:00:00+05:30,769.6,769.6,769.6,769.6,702,0
2026-08-14 14:15:00+05:30,769.6,769.6,769.6,769.6,586,0
2026-08-14 14:30:00+05:30,769.6,769.6,769.6,769.6,1076,0
2026-08-14 14:45:00+05:30,769.6,769.6,769.6,769.6,860,0
2026-08-14 15:00:00+05:30,769.6,769.6,769.6,769.6,1097,0
2026-08-14 15:15:00+05:30,769.6,769.6,769.6,769.6,8510,0
2026-08-17 09:15:00+05:30,731.15,745.0,731.15,731.15,170589,0
2026-08-17 09:30:00+05:30,731.15,739.2,731.15,738.25,127862,0
2026-08-17 09:45:00+05:30,738.85,742.0,732.25,732.95,40167,0
2026-08-17 10:00:00+05:30,732.25,732.95,731.15,731.15,29669,0
2026-08-17 10:15:00+05:30,731.15,732.5,731.15,731.15,14099,0
2026-08-17 10:30:00+05:30,731.15,731.15,731.15,731.15,1168,0
2026-08-17 10:45:00+05:30,731.15,731.15,731.15,731.15,2898,0
2026-08-17 11:00:00+05:30,731.15,731.15,731.15,731.15,960,0
2026-08-17 11:15:00+05:30,731.15,731.15,731.15,731.15,650,0
2026-08-17 11:30:00+05:30,731.15,731.15,731.15,731.15,533,0
2026-08-17 11:45:00+05:30,731.15,731.15,731.15,731.15,2924,0
2026-08-17 12:00:00+05:30,731.15,731.15,731.15,731.15,434,0
2026-08-17 12:15:00+05:30,731.15,731.15,731.15,731.15,1166,0
2026-08-17 12:30:00+05:30,731.15,731.15,731.15,731.15,924,0
2026-08-17 12:45:00+05:30,731.15,733.0,731.15,732.1,45352,0
2026-08-17 13:00:00+05:30,731.15,731.15,731.15,731.15,1840,0
2026-08-17 13:15:00+05:30,731.15,731.15,731.15,731.15,2608,0
2026-08-17 13:30:00+05:30,731.15,731.15,731.15,731.15,2129,0
2026-08-17 13:45:00+05:30,731.15,731.15,731.15,731.15,325,0
2026-08-17 14:00:00+05:30,731.15,731.15,731.15,731.15,528,0
2026-08-17 14:15:00+05:30,731.15,731.15,731.15,731.15,589,0
2026-08-17 14:30:00+05:30,731.15,731.15,731.15,731.15,677,0
2026-08-17 14:45:00+05:30,731.15,731.15,731.15,731.15,507,0
2026-08-17 15:00:00+05:30,731.15,731.15,731.15,731.15,3270,0
2026-08-17 15:15:00+05:30,731.15,731.15,731.15,731.15,3472,0
2026-08-18 09:15:00+05:30,724.2,724.7,699.55,704.35,133796,0
2026-08-18 09:30:00+05:30,705.55,709.8,696.65,707.2,88349,0
2026-08-18 09:45:00+05:30,707.9,712.95,703.0,707.65,27136,0
2026-08-18 10:00:00+05:30,707.0,708.8,705.0,708.6,13455,0
2026-08-18 10:15:00+05:30,708.5,709.8,704.85,709.45,11165,0
2026-08-18 10:30:00+05:30,708.55,718.0,708.55,715.0,28731,0
2026-08-18 10:45:00+05:30,714.85,715.65,712.0,713.15,6977,0
2026-08-18 11:00:00+05:30,713.2,714.0,708.0,708.5,21182,0
2026-08-18 11:15:00+05:30,708.6,709.4,705.25,707.05,5974,0
2026-08-18 11:30:00+05:30,706.95,712.7,706.0,709.25,6412,0
2026-08-18 11:45:00+05:30,709.5,712.3,709.5,711.55,2568,0
2026-08-18 12:00:00+05:30,710.45,712.0,710.0,711.25,6918,0
2026-08-18 12:15:00+05:30,711.3,718.35,711.0,717.45,7820,0
2026-08-18 12:30:00+05:30,718.1,718.65,711.0,711.7,9242,0
2026-08-18 12:45:00+05:30,711.7,713.2,711.0,712.4,3646,0
2026-08-18 13:00:00+05:30,712.05,712.55,709.35,709.35,7470,0
2026-08-18 13:15:00+05:30,710.45,711.25,708.05,709.95,4935,0
2026-08-18 13:30:00+05:30,709.95,710.0,701.55,703.9,17911,0
2026-08-18 13:45:00+05:30,703.9,707.0,702.25,706.1,4872,0
2026-08-18 14:00:00+05:30,706.1,707.5,697.5,700.95,50459,0
2026-08-18 14:15:00+05:30,700.95,703.65,700.85,702.9,8649,0
2026-08-18 14:30:00+05:30,702.9,707.5,701.0,705.0,11443,0
2026-08-18 14:45:00+05:30,705.0,706.45,704.0,705.5,9300,0
2026-08-18 15:00:00+05:30,705.75,707.5,704.2,705.35,19702,0
2026-08-18 15:15:00+05:30,705.95,706.0,702.0,703.5,23001,0
2026-08-19 09:15:00+05:30,710.0,718.7,700.0,702.0,36583,0
2026-08-19 09:30:00+05:30,701.8,703.45,695.0,697.35,18980,0
2026-08-19 09:45:00+05:30,697.0,700.45,692.7,693.0,28763,0
2026-08-19 10:00:00+05:30,694.4,698.0,692.95,697.05,21524,0
2026-08-19 10:15:00+05:30,697.0,697.7,695.05,697.4,4464,0
2026-08-19 10:30:00+05:30,697.3,704.95,695.5,702.75,13048,0
2026-08-19 10:45:00+05:30,703.5,703.5,696.65,696.85,3949,0
2026-08-19 11:00:00+05:30,696.8,699.6,695.9,697.0,3148,0
2026-08-19 11:15:00+05:30,697.0,697.2,695.0,695.05,4873,0
2026-08-19 11:30:00+05:30,695.0,696.5,693.9,694.0,6606,0
2026-08-19 11:45:00+05:30,693.8,697.3,693.5,696.25,2432,0
2026-08-19 12:00:00+05:30,696.75,698.3,694.45,694.45,2753,0
2026-08-19 12:15:00+05:30,694.5,696.6,693.65,695.5,2775,0
2026-08-19 12:30:00+05:30,695.45,695.6,693.2,693.8,1781,0
2026-08-19 12:45:00+05:30,693.8,693.8,693.0,693.75,2380,0
2026-08-19 13:00:00+05:30,693.25,693.25,693.0,693.0,1589,0
2026-08-19 13:15:00+05:30,693.05,693.05,692.7,692.7,3763,0
2026-08-19 13:30:00+05:30,692.7,693.45,692.7,692.9,5284,0
2026-08-19 13:45:00+05:30,692.9,692.95,687.0,689.5,10898,0
2026-08-19 14:00:00+05:30,690.0,693.4,687.1,687.95,12292,0
2026-08-19 14:15:00+05:30,687.95,690.75,687.1,689.95,8232,0
2026-08-19 14:30:00+05:30,689.9,691.75,688.3,689.7,7154,0
2026-08-19 14:45:00+05:30,689.0,689.35,685.65,686.95,10143,0
2026-08-19 15:00:00+05:30,686.4,687.35,682.5,685.3,16593,0
2026-08-19 15:15:00+05:30,684.95,689.7,682.1,689.65,21743,0
2026-08-20 09:15:00+05:30,690.05,698.95,685.5,687.6,14871,0
2026-08-20 09:30:00+05:30,688.2,688.95,675.65,682.5,23493,0
2026-08-20 09:45:00+05:30,682.4,693.6,676.3,685.65,27154,0
2026-08-20 10:00:00+05:30,685.65,686.0,683.0,685.95,3871,0
2026-08-20 10:15:00+05:30,685.45,687.4,685.15,686.6,3576,0
2026-08-20 10:30:00+05:30,686.6,687.3,676.35,681.3,14195,0
2026-08-20 10:45:00+05:30,681.3,683.0,677.55,681.45,12760,0
2026-08-20 11:00:00+05:30,682.45,683.5,677.25,678.0,8522,0
2026-08-20 11:15:00+05:30,678.0,678.55,675.0,677.55,13377,0
2026-08-20 11:30:00+05:30,677.1,677.6,673.6,677.0,6587,0
2026-08-20 11:45:00+05:30,676.5,679.5,676.5,679.5,8151,0
2026-08-20 12:00:00+05:30,679.25,684.45,678.75,683.7,5357,0
2026-08-20 12:15:00+05:30,683.7,683.7,674.6,678.0,17207,0
2026-08-20 12:30:00+05:30,677.5,681.0,675.6,677.05,4823,0
2026-08-20 12:45:00+05:30,677.35,678.0,675.2,675.2,3049,0
2026-08-20 13:00:00+05:30,676.35,676.45,673.2,674.3,8969,0
2026-08-20 13:15:00+05:30,674.5,676.1,674.0,675.6,8228,0
2026-08-20 13:30:00+05:30,676.5,677.2,674.5,674.65,3150,0
2026-08-20 13:45:00+05:30,675.0,676.6,674.35,676.2,4849,0
2026-08-20 14:00:00+05:30,676.2,676.4,674.05,675.2,2951,0
2026-08-20 14:15:00+05:30,675.2,675.45,673.05,673.9,3215,0
2026-08-20 14:30:00+05:30,673.1,674.3,669.0,671.2,20310,0
2026-08-20 14:45:00+05:30,671.0,671.9,666.3,668.95,13769,0
2026-08-20 15:00:00+05:30,668.95,670.0,665.55,669.95,10383,0
2026-08-20 15:15:00+05:30,669.95,670.0,663.0,665.5,30762,0
2026-08-21 09:15:00+05:30,666.0,680.5,666.0,670.7,42629,0
2026-08-21 09:30:00+05:30,670.7,674.2,668.3,669.25,29451,0
2026-08-21 09:45:00+05:30,669.95,671.0,666.45,668.95,10410,0
2026-08-21 10:00:00+05:30,668.95,671.95,665.4,666.1,18711,0
2026-08-21 10:15:00+05:30,666.5,669.8,665.6,667.75,7810,0
2026-08-21 10:30:00+05:30,667.75,668.8,666.65,667.3,4356,0
2026-08-21 10:45:00+05:30,667.3,673.7,667.3,671.05,31539,0
2026-08-21 11:00:00+05:30,671.2,673.0,670.35,672.0,6165,0
2026-08-21 11:15:00+05:30,672.0,678.0,671.5,673.0,12448,0
2026-08-21 11:30:00+05:30,673.0,675.6,671.8,674.65,4831,0
2026-08-21 11:45:00+05:30,674.65,676.4,673.15,673.95,4456,0
2026-08-21 12:00:00+05:30,673.75,675.7,673.0,674.25,6953,0
2026-08-21 12:15:00+05:30,674.6,675.45,673.15,674.2,4926,0
2026-08-21 12:30:00+05:30,674.1,674.95,671.7,671.95,7674,0
2026-08-21 12:45:00+05:30,672.15,673.0,671.6,672.05,4636,0
2026-08-21 13:00:00+05:30,672.05,675.4,671.6,674.15,5979,0
2026-08-21 13:15:00+05:30,674.35,682.3,674.05,677.6,15876,0
2026-08-21 13:30:00+05:30,678.25,679.4,675.55,677.45,7992,0
2026-08-21 13:45:00+05:30,677.45,677.45,674.45,675.45,7064,0
2026-08-21 14:00:00+05:30,675.1,676.4,673.15,674.2,5207,0
2026-08-21 14:15:00+05:30,674.6,674.95,667.55,667.9,11732,0
2026-08-21 14:30:00+05:30,667.55,671.25,667.5,667.6,13793,0
2026-08-21 14:45:00+05:30,667.7,672.25,666.25,669.25,9776,0
2026-08-21 15:00:00+05:30,669.2,670.0,665.15,666.6,13933,0
2026-08-21 15:15:00+05:30,666.1,671.9,665.0,665.5,15662,0
2026-08-24 09:15:00+05:30,669.9,681.0,669.9,673.25,27066,0
2026-08-24 09:30:00+05:30,673.25,679.8,671.3,677.5,7586,0
2026-08-24 09:45:00+05:30,677.55,678.55,668.0,669.5,15981,0
2026-08-24 10:00:00+05:30,668.6,673.45,665.25,670.9,12628,0
2026-08-24 10:15:00+05:30,672.0,674.7,670.0,673.0,5995,0
2026-08-24 10:30:00+05:30,673.0,674.9,670.2,672.4,7609,0
2026-08-24 10:45:00+05:30,672.55,673.55,670.0,671.1,2262,0
2026-08-24 11:00:00+05:30,671.05,671.1,666.4,668.2,6318,0
2026-08-24 11:15:00+05:30,668.2,668.25,664.05,665.35,5442,0
2026-08-24 11:30:00+05:30,664.2,666.75,664.0,665.9,6605,0
2026-08-24 11:45:00+05:30,665.05,667.4,663.2,663.4,3649,0
2026-08-24 12:00:00+05:30,663.4,663.4,658.35,658.35,6957,0
2026-08-24 12:15:00+05:30,659.1,662.3,658.7,661.45,6660,0
2026-08-24 12:30:00+05:30,661.45,661.45,657.0,657.9,7192,0
2026-08-24 12:45:00+05:30,657.9,659.15,657.05,658.55,4608,0
2026-08-24 13:00:00+05:30,658.0,658.55,655.25,656.1,6574,0
2026-08-24 13:15:00+05:30,656.3,658.45,656.05,657.65,3617,0
2026-08-24 13:30:00+05:30,657.65,658.0,656.0,656.85,3842,0
2026-08-24 13:45:00+05:30,656.85,658.45,655.0,656.65,4760,0
2026-08-24 14:00:00+05:30,656.45,656.95,654.0,654.75,7922,0
2026-08-24 14:15:00+05:30,654.8,655.45,653.0,653.8,12741,0
2026-08-24 14:30:00+05:30,653.8,656.3,652.7,653.3,15156,0
2026-08-24 14:45:00+05:30,652.95,654.25,652.7,653.4,10439,0
2026-08-24 15:00:00+05:30,653.5,653.75,651.55,652.5,13189,0
2026-08-24 15:15:00+05:30,652.5,653.0,647.7,652.5,41041,0
2026-08-25 09:15:00+05:30,648.1,658.5,648.1,652.65,18722,0
2026-08-25 09:30:00+05:30,654.0,656.0,650.0,650.0,8647,0
2026-08-25 09:45:00+05:30,650.0,652.45,647.0,651.15,18859,0
2026-08-25 10:00:00+05:30,651.6,653.5,648.15,648.15,4450,0
2026-08-25 10:15:00+05:30,648.2,648.2,644.0,646.6,8179,0
2026-08-25 10:30:00+05:30,646.6,648.15,643.0,644.0,21956,0
2026-08-25 10:45:00+05:30,644.0,645.1,643.15,644.55,6592,0
2026-08-25 11:00:00+05:30,644.45,648.5,643.15,647.6,6579,0
2026-08-25 11:15:00+05:30,648.35,655.0,647.1,650.5,9344,0
2026-08-25 11:30:00+05:30,651.0,654.45,649.75,651.5,4028,0
2026-08-25 11:45:00+05:30,652.05,652.1,650.5,651.2,603,0
2026-08-25 12:00:00+05:30,650.45,650.85,648.95,650.3,1400,0
2026-08-25 12:15:00+05:30,650.0,650.8,647.95,649.75,1907,0
2026-08-25 12:30:00+05:30,649.6,650.8,648.55,650.8,3363,0
2026-08-25 12:45:00+05:30,650.8,653.35,649.85,652.75,1692,0
2026-08-25 13:00:00+05:30,652.75,652.75,648.5,649.55,3219,0
2026-08-25 13:15:00+05:30,650.25,650.35,648.75,649.05,824,0
2026-08-25 13:30:00+05:30,649.55,649.55,648.85,649.25,917,0
2026-08-25 13:45:00+05:30,648.85,649.55,648.2,648.9,668,0
2026-08-25 14:00:00+05:30,648.9,649.55,646.25,647.3,3956,0
2026-08-25 14:15:00+05:30,646.9,649.1,646.45,648.45,2657,0
2026-08-25 14:30:00+05:30,648.95,648.95,643.05,644.0,14159,0
2026-08-25 14:45:00+05:30,643.9,646.45,641.0,644.05,12623,0
2026-08-25 15:00:00+05:30,644.0,648.0,641.35,645.0,11165,0
2026-08-25 15:15:00+05:30,645.45,649.9,641.35,647.0,17118,0
2026-08-26 09:15:00+05:30,658.4,658.4,640.55,643.9,23204,0
2026-08-26 09:30:00+05:30,644.0,645.0,637.35,644.5,37093,0
2026-08-26 09:45:00+05:30,644.5,645.6,642.05,645.6,19461,0
2026-08-26 10:00:00+05:30,645.95,646.6,640.65,640.65,6551,0
2026-08-26 10:15:00+05:30,640.6,649.35,639.15,642.65,17586,0
2026-08-26 10:30:00+05:30,643.0,644.5,641.0,642.55,3021,0
2026-08-26 10:45:00+05:30,643.2,646.35,642.7,643.0,4415,0
2026-08-26 11:00:00+05:30,643.7,648.0,642.25,647.3,3869,0
2026-08-26 11:15:00+05:30,647.0,648.5,645.0,648.0,2677,0
2026-08-26 11:30:00+05:30,648.3,648.75,645.2,648.05,2847,0
2026-08-26 11:45:00+05:30,648.05,648.3,645.05,647.95,2391,0
2026-08-26 12:00:00+05:30,647.25,647.3,645.15,646.55,1317,0
2026-08-26 12:15:00+05:30,646.95,647.0,641.95,643.0,4956,0
2026-08-26 12:30:00+05:30,643.0,643.45,640.1,640.1,2619,0
2026-08-26 12:45:00+05:30,640.1,641.8,638.45,640.8,7298,0
2026-08-26 13:00:00+05:30,640.5,641.8,637.65,637.9,6574,0
2026-08-26 13:15:00+05:30,638.65,639.4,637.95,639.25,5098,0
2026-08-26 13:30:00+05:30,639.4,639.4,637.95,639.15,3123,0
2026-08-26 13:45:00+05:30,639.2,640.2,637.5,639.45,3736,0
2026-08-26 14:00:00+05:30,640.0,644.7,639.05,642.75,4181,0
2026-08-26 14:15:00+05:30,642.7,644.7,641.85,643.0,5258,0
2026-08-26 14:30:00+05:30,643.55,647.6,643.55,645.7,4807,0
2026-08-26 14:45:00+05:30,646.25,646.7,641.5,643.45,7790,0
2026-08-26 15:00:00+05:30,643.05,644.1,642.55,643.8,6758,0
2026-08-26 15:15:00+05:30,643.8,647.95,639.85,641.05,17935,0
2026-08-27 09:15:00+05:30,642.8,659.1,642.8,655.45,24481,0
2026-08-27 09:30:00+05:30,655.85,659.95,652.25,655.25,19063,0
2026-08-27 09:45:00+05:30,656.2,670.45,655.2,659.95,42008,0
2026-08-27 10:00:00+05:30,659.95,668.4,658.0,663.55,24392,0
2026-08-27 10:15:00+05:30,663.55,666.4,661.3,663.95,11464,0
2026-08-27 10:30:00+05:30,664.0,667.15,663.05,664.25,7404,0
2026-08-27 10:45:00+05:30,663.65,664.95,660.2,660.6,8034,0
2026-08-27 11:00:00+05:30,660.6,662.35,660.5,661.5,4391,0
2026-08-27 11:15:00+05:30,661.35,661.75,656.6,658.0,7070,0
2026-08-27 11:30:00+05:30,658.3,663.75,658.3,663.75,3189,0
2026-08-27 11:45:00+05:30,663.75,663.8,662.0,662.8,2379,0
2026-08-27 12:00:00+05:30,662.8,663.65,660.15,663.5,8357,0
2026-08-27 12:15:00+05:30,663.65,669.9,663.5,669.9,12605,0
2026-08-27 12:30:00+05:30,669.55,669.9,666.0,667.2,6987,0
2026-08-27 12:45:00+05:30,666.6,675.0,666.6,669.6,25831,0
2026-08-27 13:00:00+05:30,670.0,674.0,669.0,669.6,9097,0
2026-08-27 13:15:00+05:30,669.6,670.5,666.05,667.5,7706,0
2026-08-27 13:30:00+05:30,667.5,672.0,665.0,671.15,7750,0
2026-08-27 13:45:00+05:30,671.15,673.0,668.85,670.3,13116,0
2026-08-27 14:00:00+05:30,670.3,670.7,667.5,670.15,14249,0
2026-08-27 14:15:00+05:30,670.15,671.0,666.0,668.65,14582,0
2026-08-27 14:30:00+05:30,668.65,668.75,660.9,664.15,9988,0
2026-08-27 14:45:00+05:30,663.25,665.0,660.0,660.05,23456,0
2026-08-27 15:00:00+05:30,660.2,664.8,660.0,662.3,13474,0
2026-08-27 15:15:00+05:30,662.35,663.95,659.5,660.3,19632,0
2026-08-28 09:15:00+05:30,660.5,663.45,653.4,655.1,17746,0
2026-08-28 09:30:00+05:30,655.05,662.7,653.5,661.45,13256,0
2026-08-28 09:45:00+05:30,661.2,661.95,658.55,658.85,4631,0
2026-08-28 10:00:00+05:30,659.6,659.7,652.3,654.2,11376,0
2026-08-28 10:15:00+05:30,654.6,659.25,653.95,658.2,5629,0
2026-08-28 10:30:00+05:30,658.2,658.95,655.65,657.3,2484,0
2026-08-28 10:45:00+05:30,656.2,659.7,655.1,659.1,3344,0
2026-08-28 11:00:00+05:30,659.35,660.95,657.25,659.45,4596,0
2026-08-28 11:15:00+05:30,660.4,661.15,658.0,658.0,2271,0
2026-08-28 11:30:00+05:30,657.0,658.4,657.0,657.05,621,0
2026-08-28 11:45:00+05:30,657.8,658.9,653.2,653.2,4310,0
2026-08-28 12:00:00+05:30,653.2,655.0,652.55,653.55,2929,0
2026-08-28 12:15:00+05:30,653.55,654.35,652.0,653.2,1999,0
2026-08-28 12:30:00+05:30,653.2,654.0,652.9,653.3,1024,0
2026-08-28 12:45:00+05:30,653.3,653.3,651.0,652.7,2214,0
2026-08-28 13:00:00+05:30,651.8,653.55,651.25,653.0,2181,0
2026-08-28 13:15:00+05:30,652.45,653.4,651.25,651.8,3391,0
2026-08-28 13:30:00+05:30,651.8,651.9,651.0,651.5,1781,0
2026-08-28 13:45:00+05:30,651.75,652.2,651.0,651.05,2211,0
2026-08-28 14:00:00+05:30,651.05,651.95,650.6,651.5,1447,0
2026-08-28 14:15:00+05:30,651.9,652.55,651.0,651.85,2519,0
2026-08-28 14:30:00+05:30,651.55,654.7,650.6,654.3,3021,0
2026-08-28 14:45:00+05:30,653.25,654.7,652.1,652.6,1580,0
2026-08-28 15:00:00+05:30,652.6,655.0,651.0,651.0,13637,0
2026-08-28 15:15:00+05:30,651.65,655.0,651.0,654.0,6426,0
2026-08-31 09:15:00+05:30,651.1,652.7,635.1,637.7,23226,0
2026-08-31 09:30:00+05:30,637.7,638.05,630.15,631.95,29852,0
2026-08-31 09:45:00+05:30,631.6,633.95,626.65,628.8,21583,0
2026-08-31 10:00:00+05:30,629.0,631.95,626.0,627.4,15375,0
2026-08-31 10:15:00+05:30,627.4,628.95,626.55,628.35,13046,0
2026-08-31 10:30:00+05:30,628.0,628.35,625.0,626.0,13103,0
2026-08-31 10:45:00+05:30,626.0,627.0,624.5,625.3,12749,0
2026-08-31 11:00:00+05:30,625.25,626.75,623.3,625.0,14482,0
2026-08-31 11:15:00+05:30,625.0,632.45,625.0,631.5,9854,0
2026-08-31 11:30:00+05:30,631.5,634.55,629.25,634.5,9870,0
2026-08-31 11:45:00+05:30,634.45,637.0,632.35,634.65,6216,0
2026-08-31 12:00:00+05:30,634.0,635.95,631.0,635.0,3276,0
2026-08-31 12:15:00+05:30,633.45,635.85,632.8,634.9,2052,0
2026-08-31 12:30:00+05:30,634.9,634.9,633.0,634.5,1201,0
2026-08-31 12:45:00+05:30,634.85,635.6,632.55,632.6,2037,0
2026-08-31 13:00:00+05:30,632.6,634.65,632.1,632.3,2927,0
2026-08-31 13:15:00+05:30,632.75,633.05,630.2,631.95,3845,0
2026-08-31 13:30:00+05:30,632.2,632.45,628.8,629.75,2438,0
2026-08-31 13:45:00+05:30,629.75,631.3,628.4,629.4,2824,0
2026-08-31 14:00:00+05:30,629.8,630.75,627.55,628.3,1740,0
2026-08-31 14:15:00+05:30,627.95,634.95,627.95,633.95,13750,0
2026-08-31 14:30:00+05:30,634.35,636.5,628.0,631.15,19413,0
2026-08-31 14:45:00+05:30,630.8,633.7,629.4,633.5,5808,0
2026-08-31 15:00:00+05:30,633.95,633.95,625.0,628.0,22391,0
2026-08-31 15:15:00+05:30,628.65,632.7,625.95,632.15,10783,0
2026-09-01 09:15:00+05:30,627.4,638.0,625.1,628.8,19740,0
2026-09-01 09:30:00+05:30,628.85,632.45,627.65,627.65,4623,0
2026-09-01 09:45:00+05:30,628.5,629.65,624.9,629.65,6991,0
2026-09-01 10:00:00+05:30,629.1,631.5,625.35,630.6,6547,0
2026-09-01 10:15:00+05:30,631.3,634.45,629.15,632.95,6442,0
2026-09-01 10:30:00+05:30,633.1,633.1,632.0,632.05,1634,0
2026-09-01 10:45:00+05:30,632.05,633.5,631.35,633.45,2016,0
2026-09-01 11:00:00+05:30,632.45,634.45,631.05,633.7,1944,0
2026-09-01 11:15:00+05:30,633.05,634.35,632.55,634.35,1012,0
2026-09-01 11:30:00+05:30,634.4,634.45,632.55,633.3,1715,0
2026-09-01 11:45:00+05:30,634.15,634.25,633.1,634.15,1032,0
2026-09-01 12:00:00+05:30,634.0,634.0,632.0,632.0,2533,0
2026-09-01 12:15:00+05:30,632.0,633.3,631.0,632.0,2596,0
2026-09-01 12:30:00+05:30,632.0,633.2,631.3,632.75,769,0
2026-09-01 12:45:00+05:30,633.2,633.45,630.6,630.9,1635,0
2026-09-01 13:00:00+05:30,631.75,631.95,630.05,630.9,1898,0
2026-09-01 13:15:00+05:30,631.55,631.55,629.1,630.85,2663,0
2026-09-01 13:30:00+05:30,630.85,631.55,628.2,631.35,1403,0
2026-09-01 13:45:00+05:30,631.35,631.45,628.2,628.3,1366,0
2026-09-01 14:00:00+05:30,628.3,628.45,627.5,628.4,534,0
2026-09-01 14:15:00+05:30,628.4,628.85,627.5,627.75,710,0
2026-09-01 14:30:00+05:30,627.8,628.8,625.25,626.3,2791,0
2026-09-01 14:45:00+05:30,625.55,625.55,620.25,624.5,18335,0
2026-09-01 15:00:00+05:30,624.8,626.4,621.45,623.05,6791,0
2026-09-01 15:15:00+05:30,622.8,623.0,620.0,620.0,10045,0
2026-09-02 09:15:00+05:30,622.8,625.0,608.0,619.35,18445,0
2026-09-02 09:30:00+05:30,620.0,620.75,615.5,620.75,5447,0
2026-09-02 09:45:00+05:30,620.95,621.2,612.35,614.8,16131,0
2026-09-02 10:00:00+05:30,614.75,618.0,614.55,617.75,9864,0
2026-09-02 10:15:00+05:30,617.75,627.4,617.2,627.3,11801,0
2026-09-02 10:30:00+05:30,626.7,636.0,626.0,633.0,19156,0
2026-09-02 10:45:00+05:30,632.8,633.0,628.05,628.1,1588,0
2026-09-02 11:00:00+05:30,628.1,628.1,625.2,625.2,2525,0
2026-09-02 11:15:00+05:30,625.2,628.5,622.5,628.5,2532,0
2026-09-02 11:30:00+05:30,628.0,628.65,626.1,627.45,1837,0
2026-09-02 11:45:00+05:30,627.45,627.55,624.7,625.8,2967,0
2026-09-02 12:00:00+05:30,626.1,627.05,625.6,626.0,433,0
2026-09-02 12:15:00+05:30,626.5,628.95,626.5,628.8,602,0
2026-09-02 12:30:00+05:30,628.8,628.95,625.9,627.2,1869,0
2026-09-02 12:45:00+05:30,627.1,628.95,626.1,627.15,1556,0
2026-09-02 13:00:00+05:30,627.15,628.0,626.8,628.0,877,0
2026-09-02 13:15:00+05:30,628.0,632.3,627.25,631.15,3808,0
2026-09-02 13:30:00+05:30,630.35,630.95,629.35,629.55,932,0
2026-09-02 13:45:00+05:30,629.45,629.45,628.0,628.15,1352,0
2026-09-02 14:00:00+05:30,628.15,628.7,627.45,628.05,1150,0
2026-09-02 14:15:00+05:30,628.05,629.3,627.9,629.15,574,0
2026-09-02 14:30:00+05:30,628.95,629.25,628.3,628.95,564,0
2026-09-02 14:45:00+05:30,628.95,629.15,628.05,629.0,1714,0
2026-09-02 15:00:00+05:30,628.6,632.05,628.35,631.15,6490,0
2026-09-02 15:15:00+05:30,630.95,638.45,630.6,631.0,11390,0
2026-09-03 09:15:00+05:30,640.95,643.8,637.05,639.15,11942,0
2026-09-03 09:30:00+05:30,638.9,639.95,635.6,638.0,9504,0
2026-09-03 09:45:00+05:30,637.6,638.75,636.7,636.7,3735,0
2026-09-03 10:00:00+05:30,636.95,643.95,635.6,642.75,5971,0
2026-09-03 10:15:00+05:30,642.9,652.15,642.05,650.9,19133,0
2026-09-03 10:30:00+05:30,649.55,663.75,647.9,663.75,60860,0
2026-09-03 10:45:00+05:30,663.75,663.75,663.75,663.75,5184,0
2026-09-03 11:00:00+05:30,663.75,663.75,663.75,663.75,5270,0
2026-09-03 11:15:00+05:30,663.75,663.75,663.75,663.75,3116,0
2026-09-03 11:30:00+05:30,663.75,663.75,663.75,663.75,4044,0
2026-09-03 11:45:00+05:30,663.75,663.75,663.75,663.75,2835,0
2026-09-03 12:00:00+05:30,663.75,663.75,663.75,663.75,1989,0
2026-09-03 12:15:00+05:30,663.75,663.75,663.75,663.75,288,0
2026-09-03 12:30:00+05:30,663.75,663.75,663.75,663.75,716,0
2026-09-03 12:45:00+05:30,663.75,663.75,663.75,663.75,2055,0
2026-09-03 13:00:00+05:30,663.75,663.75,663.75,663.75,27,0
2026-09-03 13:15:00+05:30,663.75,663.75,663.75,663.75,796,0
2026-09-03 13:30:00+05:30,663.75,663.75,663.75,663.75,1018,0
2026-09-03 13:45:00+05:30,663.75,663.75,663.75,663.75,9,0
2026-09-03 14:00:00+05:30,663.75,663.75,663.75,663.75,7994,0
2026-09-03 14:15:00+05:30,663.75,663.75,663.75,663.75,680,0
2026-09-03 14:30:00+05:30,663.75,663.75,663.75,663.75,162,0
2026-09-03 14:45:00+05:30,663.75,663.75,663.75,663.75,538,0
2026-09-03 15:00:00+05:30,663.75,663.75,663.75,663.75,200,0
2026-09-03 15:15:00+05:30,663.75,663.75,663.75,663.75,89,0
