timestamp,open,high,low,close,volume,oi
2026-05-22 09:30:00+05:30,226.91,227.46,224.11,226.13,52,0
2026-05-22 09:45:00+05:30,226.13,226.86,226.13,226.86,2,0
2026-05-22 10:00:00+05:30,226.86,226.86,226.03,226.03,160,0
2026-05-22 10:15:00+05:30,224.82,225.5,224.02,224.02,226,0
2026-05-22 10:30:00+05:30,224.02,225.4,224.02,225.4,187,0
2026-05-22 10:45:00+05:30,225.4,225.49,225.38,225.38,2,0
2026-05-22 11:00:00+05:30,225.38,225.76,225.38,225.66,25,0
2026-05-22 11:15:00+05:30,225.66,225.67,225.09,225.09,12,0
2026-05-22 11:30:00+05:30,225.09,225.09,225.04,225.05,21,0
2026-05-22 11:45:00+05:30,225.05,226.0,225.05,226.0,174,0
2026-05-22 12:00:00+05:30,226.0,226.0,226.0,226.0,0,0
2026-05-22 12:15:00+05:30,226.0,227.38,226.0,227.38,18,0
2026-05-22 12:30:00+05:30,227.38,227.38,226.8,226.99,100,0
2026-05-22 12:45:00+05:30,226.48,226.48,226.48,226.48,1,0
2026-05-22 13:00:00+05:30,226.48,227.48,226.48,226.51,524,0
2026-05-22 13:15:00+05:30,226.51,226.51,226.51,226.51,200,0
2026-05-22 13:30:00+05:30,226.51,227.29,226.51,226.52,10,0
2026-05-22 13:45:00+05:30,226.52,229.98,226.52,227.2,1539,0
2026-05-22 14:00:00+05:30,226.9,229.3,226.59,227.8,477,0
2026-05-22 14:15:00+05:30,229.3,229.6,226.6,227.2,552,0
2026-05-22 14:30:00+05:30,227.45,229.2,226.76,227.58,703,0
2026-05-22 14:45:00+05:30,227.58,227.58,226.89,227.09,11,0
2026-05-22 15:00:00+05:30,227.61,228.86,227.01,228.86,231,0
2026-05-22 15:15:00+05:30,228.86,228.86,227.0,227.5,894,0
2026-05-25 09:15:00+05:30,227.65,228.97,220.55,227.1,279,0
2026-05-25 09:30:00+05:30,227.1,233.0,227.1,232.52,2697,0
2026-05-25 09:45:00+05:30,232.72,235.0,230.01,232.4,1758,0
2026-05-25 10:00:00+05:30,232.4,233.71,231.5,232.08,491,0
2026-05-25 10:15:00+05:30,232.98,233.8,231.53,231.54,419,0
2026-05-25 10:30:00+05:30,232.37,233.49,231.02,233.12,658,0
2026-05-25 10:45:00+05:30,233.39,233.85,231.75,233.05,278,0
2026-05-25 11:00:00+05:30,233.0,233.0,231.06,232.91,441,0
2026-05-25 11:15:00+05:30,232.98,232.98,230.02,232.87,388,0
2026-05-25 11:30:00+05:30,232.83,232.85,230.6,232.08,374,0
2026-05-25 11:45:00+05:30,232.08,232.91,232.08,232.91,10,0
2026-05-25 12:00:00+05:30,232.91,232.99,232.01,232.01,303,0
2026-05-25 12:15:00+05:30,232.01,232.47,231.71,232.47,5,0
2026-05-25 12:30:00+05:30,232.47,232.99,231.9,232.99,63,0
2026-05-25 12:45:00+05:30,232.99,233.99,231.71,231.98,677,0
2026-05-25 13:00:00+05:30,231.98,231.98,230.6,230.86,265,0
2026-05-25 13:15:00+05:30,230.37,231.61,229.05,231.61,235,0
2026-05-25 13:30:00+05:30,231.61,231.73,231.6,231.71,56,0
2026-05-25 13:45:00+05:30,231.71,231.73,231.01,231.01,95,0
2026-05-25 14:00:00+05:30,231.01,231.38,230.15,231.1,42,0
2026-05-25 14:15:00+05:30,231.03,232.0,230.74,232.0,211,0
2026-05-25 14:30:00+05:30,232.0,232.0,231.42,231.42,67,0
2026-05-25 14:45:00+05:30,231.42,231.42,229.47,229.47,1042,0
2026-05-25 15:00:00+05:30,230.07,231.71,229.71,230.16,77,0
2026-05-25 15:15:00+05:30,230.16,232.0,229.1,232.0,569,0
2026-05-26 09:15:00+05:30,230.0,230.0,227.65,229.49,47,0
2026-05-26 09:30:00+05:30,229.7,230.98,229.7,230.98,91,0
2026-05-26 09:45:00+05:30,230.04,231.99,230.01,230.53,530,0
2026-05-26 10:00:00+05:30,230.53,230.99,230.5,230.5,105,0
2026-05-26 10:15:00+05:30,230.5,231.46,230.5,231.46,227,0
2026-05-26 10:30:00+05:30,231.46,233.78,230.55,233.0,871,0
2026-05-26 10:45:00+05:30,233.0,233.14,233.0,233.02,39,0
2026-05-26 11:00:00+05:30,233.02,235.62,233.01,235.15,535,0
2026-05-26 11:15:00+05:30,235.15,236.45,234.02,234.02,2340,0
2026-05-26 11:30:00+05:30,234.02,234.13,234.0,234.0,55,0
2026-05-26 11:45:00+05:30,234.0,234.0,234.0,234.0,0,0
2026-05-26 12:00:00+05:30,234.0,234.0,233.0,233.0,1155,0
2026-05-26 12:15:00+05:30,233.0,233.0,232.22,232.22,261,0
2026-05-26 12:30:00+05:30,232.22,232.22,229.55,231.32,1725,0
2026-05-26 12:45:00+05:30,231.32,232.35,230.0,230.53,857,0
2026-05-26 13:00:00+05:30,230.11,231.11,230.1,231.0,194,0
2026-05-26 13:15:00+05:30,231.0,231.0,230.9,231.0,100,0
2026-05-26 13:30:00+05:30,231.0,231.0,230.9,230.95,10,0
2026-05-26 13:45:00+05:30,230.95,230.95,228.01,228.13,802,0
2026-05-26 14:00:00+05:30,228.13,228.78,228.13,228.71,26,0
2026-05-26 14:15:00+05:30,228.71,228.71,228.71,228.71,0,0
2026-05-26 14:30:00+05:30,228.78,228.78,228.72,228.78,25,0
2026-05-26 14:45:00+05:30,228.89,229.65,228.89,229.37,489,0
2026-05-26 15:00:00+05:30,228.82,230.98,228.82,230.98,165,0
2026-05-26 15:15:00+05:30,230.98,230.98,227.1,227.1,6318,0
2026-05-27 09:15:00+05:30,228.3,229.49,227.01,228.18,1905,0
2026-05-27 09:30:00+05:30,227.61,227.61,227.0,227.0,638,0
2026-05-27 09:45:00+05:30,227.0,228.6,227.0,228.15,2,0
2026-05-27 10:00:00+05:30,227.7,228.01,227.27,228.01,205,0
2026-05-27 10:15:00+05:30,228.01,229.99,227.7,227.7,1219,0
2026-05-27 10:30:00+05:30,227.7,228.0,227.02,228.0,800,0
2026-05-27 10:45:00+05:30,228.0,229.4,227.2,229.17,5159,0
2026-05-27 11:00:00+05:30,229.17,229.25,227.0,228.99,1429,0
2026-05-27 11:15:00+05:30,228.99,229.0,228.05,228.05,1035,0
2026-05-27 11:30:00+05:30,228.05,228.05,227.01,227.7,330,0
2026-05-27 11:45:00+05:30,227.7,228.49,227.7,228.49,100,0
2026-05-27 12:00:00+05:30,228.49,228.49,227.0,227.71,224,0
2026-05-27 12:15:00+05:30,227.71,230.48,227.71,228.45,2996,0
2026-05-27 12:30:00+05:30,228.45,228.68,227.1,228.68,372,0
2026-05-27 12:45:00+05:30,228.68,228.68,227.0,227.0,345,0
2026-05-27 13:00:00+05:30,227.11,229.0,227.0,229.0,1017,0
2026-05-27 13:15:00+05:30,229.0,229.0,227.51,227.99,101,0
2026-05-27 13:30:00+05:30,227.99,227.99,227.93,227.95,110,0
2026-05-27 13:45:00+05:30,227.14,228.99,227.0,228.0,790,0
2026-05-27 14:00:00+05:30,228.0,228.0,227.01,227.65,173,0
2026-05-27 14:15:00+05:30,227.65,227.65,227.0,227.0,415,0
2026-05-27 14:30:00+05:30,227.0,227.0,225.54,227.0,281,0
2026-05-27 14:45:00+05:30,227.0,227.36,225.05,226.0,2397,0
2026-05-27 15:00:00+05:30,226.48,228.5,226.48,228.4,885,0
2026-05-27 15:15:00+05:30,228.4,229.0,225.5,229.0,1338,0
2026-05-29 09:15:00+05:30,222.01,224.13,216.45,217.0,11233,0
2026-05-29 09:30:00+05:30,218.92,218.98,212.72,217.19,13010,0
2026-05-29 09:45:00+05:30,216.32,218.2,216.11,217.31,2364,0
2026-05-29 10:00:00+05:30,217.31,218.09,216.8,218.01,452,0
2026-05-29 10:15:00+05:30,218.01,218.01,216.9,217.0,1581,0
2026-05-29 10:30:00+05:30,217.81,218.03,217.15,217.59,693,0
2026-05-29 10:45:00+05:30,217.59,218.34,216.92,217.3,1696,0
2026-05-29 11:00:00+05:30,217.3,218.78,217.29,217.78,1462,0
2026-05-29 11:15:00+05:30,217.92,218.88,217.44,217.89,4360,0
2026-05-29 11:30:00+05:30,217.89,218.6,217.89,218.6,211,0
2026-05-29 11:45:00+05:30,218.6,218.89,217.9,218.8,1659,0
2026-05-29 12:00:00+05:30,218.8,218.89,218.04,218.04,1902,0
2026-05-29 12:15:00+05:30,218.04,218.42,217.89,218.39,978,0
2026-05-29 12:30:00+05:30,218.39,218.76,218.33,218.76,81,0
2026-05-29 12:45:00+05:30,218.76,218.76,217.89,217.89,666,0
2026-05-29 13:00:00+05:30,217.89,217.89,217.21,217.59,1662,0
2026-05-29 13:15:00+05:30,217.59,217.59,217.28,217.28,20,0
2026-05-29 13:30:00+05:30,217.28,217.9,217.28,217.9,1669,0
2026-05-29 13:45:00+05:30,217.9,218.22,217.61,218.13,1281,0
2026-05-29 14:00:00+05:30,218.3,218.3,217.63,218.0,231,0
2026-05-29 14:15:00+05:30,218.0,218.88,217.9,218.39,836,0
2026-05-29 14:30:00+05:30,218.39,218.39,218.39,218.39,30,0
2026-05-29 14:45:00+05:30,218.39,218.45,218.0,218.25,546,0
2026-05-29 15:00:00+05:30,218.0,218.0,215.0,215.0,4417,0
2026-05-29 15:15:00+05:30,215.95,215.99,214.4,215.0,2525,0
2026-06-01 09:15:00+05:30,214.11,217.0,214.11,215.26,710,0
2026-06-01 09:30:00+05:30,215.26,216.93,215.26,216.89,277,0
2026-06-01 09:45:00+05:30,216.89,218.0,215.71,216.94,1122,0
2026-06-01 10:00:00+05:30,216.94,219.96,216.04,218.71,987,0
2026-06-01 10:15:00+05:30,218.0,219.5,217.16,218.98,733,0
2026-06-01 10:30:00+05:30,218.98,220.19,218.18,220.19,650,0
2026-06-01 10:45:00+05:30,220.19,221.62,220.0,221.0,351,0
2026-06-01 11:00:00+05:30,221.39,224.0,221.35,223.0,1168,0
2026-06-01 11:15:00+05:30,223.0,224.5,222.04,224.0,1519,0
2026-06-01 11:30:00+05:30,224.0,224.88,223.98,224.0,391,0
2026-06-01 11:45:00+05:30,224.0,224.0,223.6,223.9,51,0
2026-06-01 12:00:00+05:30,223.9,223.9,223.0,223.8,16,0
2026-06-01 12:15:00+05:30,223.8,224.99,223.02,223.71,1088,0
2026-06-01 12:30:00+05:30,223.71,224.99,223.5,223.97,237,0
2026-06-01 12:45:00+05:30,223.97,223.97,223.93,223.93,2,0
2026-06-01 13:00:00+05:30,223.93,223.93,222.2,223.29,60,0
2026-06-01 13:15:00+05:30,222.5,224.7,222.5,223.54,167,0
2026-06-01 13:30:00+05:30,223.54,224.0,222.5,223.12,684,0
2026-06-01 13:45:00+05:30,223.12,224.58,221.95,223.29,1836,0
2026-06-01 14:00:00+05:30,223.29,223.29,221.84,221.84,10,0
2026-06-01 14:15:00+05:30,221.84,224.5,221.81,222.95,680,0
2026-06-01 14:30:00+05:30,224.1,224.1,221.5,221.5,1016,0
2026-06-01 14:45:00+05:30,221.5,222.0,221.5,221.9,167,0
2026-06-01 15:00:00+05:30,221.9,223.78,221.9,223.78,218,0
2026-06-01 15:15:00+05:30,222.16,225.95,221.63,225.95,1402,0
2026-06-02 09:15:00+05:30,224.3,225.0,218.06,221.71,704,0
2026-06-02 09:30:00+05:30,221.71,222.0,218.01,220.2,2047,0
2026-06-02 09:45:00+05:30,220.0,221.7,220.0,221.69,954,0
2026-06-02 10:00:00+05:30,220.89,223.58,220.05,221.18,1787,0
2026-06-02 10:15:00+05:30,221.5,222.78,221.02,221.61,761,0
2026-06-02 10:30:00+05:30,221.61,222.39,221.61,222.37,170,0
2026-06-02 10:45:00+05:30,222.37,222.37,221.72,221.9,177,0
2026-06-02 11:00:00+05:30,221.9,222.4,221.9,222.4,228,0
2026-06-02 11:15:00+05:30,222.4,222.4,222.4,222.4,10,0
2026-06-02 11:30:00+05:30,222.4,222.4,222.4,222.4,2,0
2026-06-02 11:45:00+05:30,222.4,223.58,222.4,222.4,124,0
2026-06-02 12:00:00+05:30,222.4,223.11,222.4,223.05,1570,0
2026-06-02 12:15:00+05:30,223.05,226.38,222.4,225.0,3195,0
2026-06-02 12:30:00+05:30,225.0,225.11,223.12,225.11,561,0
2026-06-02 12:45:00+05:30,225.11,227.57,225.0,227.12,592,0
2026-06-02 13:00:00+05:30,227.16,229.0,224.95,226.42,2182,0
2026-06-02 13:15:00+05:30,226.82,227.69,226.41,226.62,179,0
2026-06-02 13:30:00+05:30,227.57,227.57,225.4,225.4,130,0
2026-06-02 13:45:00+05:30,226.0,227.42,225.37,226.5,922,0
2026-06-02 14:00:00+05:30,226.75,228.0,225.45,228.0,2288,0
2026-06-02 14:15:00+05:30,228.5,229.39,227.0,228.08,685,0
2026-06-02 14:30:00+05:30,228.08,228.08,227.54,228.07,501,0
2026-06-02 14:45:00+05:30,228.07,229.88,228.07,229.88,539,0
2026-06-02 15:00:00+05:30,229.82,230.99,229.0,230.2,1938,0
2026-06-02 15:15:00+05:30,230.8,230.98,228.39,230.98,2915,0
2026-06-03 09:15:00+05:30,231.63,231.63,228.5,229.2,1492,0
2026-06-03 09:30:00+05:30,229.2,240.48,229.2,237.04,7853,0
2026-06-03 09:45:00+05:30,237.07,244.38,236.52,238.01,10919,0
2026-06-03 10:00:00+05:30,238.59,240.0,237.0,237.12,1511,0
2026-06-03 10:15:00+05:30,237.12,239.79,237.06,237.65,1169,0
2026-06-03 10:30:00+05:30,238.23,238.4,235.58,236.59,2006,0
2026-06-03 10:45:00+05:30,236.0,236.11,236.0,236.11,182,0
2026-06-03 11:00:00+05:30,236.11,236.56,235.26,235.26,393,0
2026-06-03 11:15:00+05:30,235.78,238.23,234.0,236.17,2583,0
2026-06-03 11:30:00+05:30,236.17,236.34,236.17,236.18,70,0
2026-06-03 11:45:00+05:30,236.18,236.18,235.36,235.36,73,0
2026-06-03 12:00:00+05:30,235.36,235.36,234.01,234.78,169,0
2026-06-03 12:15:00+05:30,234.78,235.81,233.69,235.01,591,0
2026-06-03 12:30:00+05:30,235.01,236.2,235.01,236.2,32,0
2026-06-03 12:45:00+05:30,236.0,238.02,235.13,237.02,980,0
2026-06-03 13:00:00+05:30,237.02,237.99,235.51,237.99,438,0
2026-06-03 13:15:00+05:30,237.99,237.99,237.85,237.96,36,0
2026-06-03 13:30:00+05:30,237.92,237.93,236.02,237.9,271,0
2026-06-03 13:45:00+05:30,237.9,237.9,236.68,236.68,7,0
2026-06-03 14:00:00+05:30,236.68,238.19,234.02,234.9,1849,0
2026-06-03 14:15:00+05:30,236.02,236.92,236.0,236.33,143,0
2026-06-03 14:30:00+05:30,236.33,236.33,234.02,235.8,1952,0
2026-06-03 14:45:00+05:30,235.54,236.75,235.13,236.75,1089,0
2026-06-03 15:00:00+05:30,236.75,237.95,235.65,235.81,666,0
2026-06-03 15:15:00+05:30,235.67,237.93,235.1,236.5,1931,0
2026-06-04 09:15:00+05:30,230.0,238.99,230.0,235.54,2402,0
2026-06-04 09:30:00+05:30,235.65,237.96,235.5,237.81,670,0
2026-06-04 09:45:00+05:30,237.81,237.81,237.61,237.7,20,0
2026-06-04 10:00:00+05:30,237.7,238.18,235.57,238.18,1591,0
2026-06-04 10:15:00+05:30,236.42,239.75,235.79,239.75,3088,0
2026-06-04 10:30:00+05:30,239.75,248.9,239.75,244.31,6725,0
2026-06-04 10:45:00+05:30,244.31,246.25,244.31,245.6,245,0
2026-06-04 11:00:00+05:30,246.81,246.81,243.04,245.27,1599,0
2026-06-04 11:15:00+05:30,244.05,246.49,244.05,245.0,1596,0
2026-06-04 11:30:00+05:30,245.0,245.69,245.0,245.05,687,0
2026-06-04 11:45:00+05:30,245.05,245.67,245.0,245.0,204,0
2026-06-04 12:00:00+05:30,245.0,245.9,245.0,245.85,1141,0
2026-06-04 12:15:00+05:30,245.85,245.85,244.05,244.71,910,0
2026-06-04 12:30:00+05:30,244.71,245.24,242.05,242.05,1307,0
2026-06-04 12:45:00+05:30,242.02,245.25,242.02,243.77,849,0
2026-06-04 13:00:00+05:30,243.88,245.99,243.0,243.0,1514,0
2026-06-04 13:15:00+05:30,243.0,243.5,242.05,242.05,156,0
2026-06-04 13:30:00+05:30,242.05,242.22,242.05,242.06,40,0
2026-06-04 13:45:00+05:30,242.06,242.15,242.06,242.15,12,0
2026-06-04 14:00:00+05:30,242.73,243.25,242.73,243.25,22,0
2026-06-04 14:15:00+05:30,243.32,243.35,242.6,242.6,215,0
2026-06-04 14:30:00+05:30,242.6,244.48,242.05,244.0,1031,0
2026-06-04 14:45:00+05:30,244.0,244.0,242.54,242.6,619,0
2026-06-04 15:00:00+05:30,242.6,243.24,240.0,240.72,2074,0
2026-06-04 15:15:00+05:30,242.22,242.87,240.06,240.06,2777,0
2026-06-05 09:15:00+05:30,240.62,244.76,240.02,240.05,909,0
2026-06-05 09:30:00+05:30,240.05,242.18,240.05,242.18,140,0
2026-06-05 09:45:00+05:30,240.88,241.15,240.73,240.73,95,0
2026-06-05 10:00:00+05:30,240.73,240.96,236.35,237.0,2921,0
2026-06-05 10:15:00+05:30,237.0,239.0,236.41,239.0,1814,0
2026-06-05 10:30:00+05:30,238.56,238.6,236.0,236.0,1918,0
2026-06-05 10:45:00+05:30,236.0,237.0,236.0,236.95,321,0
2026-06-05 11:00:00+05:30,236.95,241.26,236.89,240.0,4128,0
2026-06-05 11:15:00+05:30,240.21,240.25,239.0,240.0,1109,0
2026-06-05 11:30:00+05:30,240.15,240.16,239.98,239.98,372,0
2026-06-05 11:45:00+05:30,239.98,240.99,239.8,239.8,849,0
2026-06-05 12:00:00+05:30,240.0,240.28,239.98,240.0,714,0
2026-06-05 12:15:00+05:30,240.0,240.0,239.0,239.0,245,0
2026-06-05 12:30:00+05:30,239.0,239.37,239.0,239.37,1,0
2026-06-05 12:45:00+05:30,239.37,239.37,239.37,239.37,0,0
2026-06-05 13:00:00+05:30,239.37,239.37,237.0,237.0,252,0
2026-06-05 13:15:00+05:30,236.96,237.14,236.07,237.14,59,0
2026-06-05 13:30:00+05:30,237.14,237.14,236.06,236.06,760,0
2026-06-05 13:45:00+05:30,236.06,238.97,236.06,237.3,461,0
2026-06-05 14:00:00+05:30,237.3,238.49,237.3,238.49,150,0
2026-06-05 14:15:00+05:30,238.49,238.49,238.41,238.41,5,0
2026-06-05 14:30:00+05:30,238.41,238.41,238.41,238.41,0,0
2026-06-05 14:45:00+05:30,238.41,238.41,236.01,236.01,3152,0
2026-06-05 15:00:00+05:30,236.02,236.08,235.4,235.41,1894,0
2026-06-05 15:15:00+05:30,235.45,236.12,234.0,236.0,2455,0
2026-06-08 09:15:00+05:30,230.5,235.83,230.5,235.32,11,0
2026-06-08 09:30:00+05:30,231.44,233.54,231.0,232.89,253,0
2026-06-08 09:45:00+05:30,232.83,235.49,232.69,235.0,391,0
2026-06-08 10:00:00+05:30,234.07,234.69,234.0,234.69,378,0
2026-06-08 10:15:00+05:30,234.69,235.38,234.69,235.0,87,0
2026-06-08 10:30:00+05:30,235.0,235.0,235.0,235.0,0,0
2026-06-08 10:45:00+05:30,235.0,235.0,235.0,235.0,0,0
2026-06-08 11:00:00+05:30,235.0,235.0,234.17,235.0,111,0
2026-06-08 11:15:00+05:30,235.0,235.49,234.2,235.48,41,0
2026-06-08 11:30:00+05:30,235.48,235.48,234.05,234.05,60,0
2026-06-08 11:45:00+05:30,234.04,234.38,234.01,234.01,60,0
2026-06-08 12:00:00+05:30,234.01,236.5,234.01,235.97,532,0
2026-06-08 12:15:00+05:30,235.97,236.48,234.15,235.01,249,0
2026-06-08 12:30:00+05:30,235.01,236.7,235.01,236.7,276,0
2026-06-08 12:45:00+05:30,237.0,238.34,236.7,236.7,235,0
2026-06-08 13:00:00+05:30,237.4,237.8,237.4,237.8,51,0
2026-06-08 13:15:00+05:30,236.53,236.54,236.5,236.5,234,0
2026-06-08 13:30:00+05:30,236.5,237.95,236.48,237.95,250,0
2026-06-08 13:45:00+05:30,237.95,238.49,237.51,238.49,331,0
2026-06-08 14:00:00+05:30,238.49,238.49,238.3,238.3,4,0
2026-06-08 14:15:00+05:30,238.3,238.3,236.5,236.5,1939,0
2026-06-08 14:30:00+05:30,236.5,238.3,236.5,238.3,435,0
2026-06-08 14:45:00+05:30,238.02,238.02,237.51,238.0,346,0
2026-06-08 15:00:00+05:30,238.0,238.0,236.0,236.0,277,0
2026-06-08 15:15:00+05:30,236.0,238.3,235.48,238.3,2023,0
2026-06-09 09:15:00+05:30,244.0,244.0,238.52,238.75,534,0
2026-06-09 09:30:00+05:30,238.75,243.51,238.75,242.0,3172,0
2026-06-09 09:45:00+05:30,242.0,242.0,238.5,239.17,904,0
2026-06-09 10:00:00+05:30,238.26,239.99,238.0,238.24,1201,0
2026-06-09 10:15:00+05:30,238.24,240.76,238.24,240.46,1008,0
2026-06-09 10:30:00+05:30,240.46,240.46,239.7,240.46,100,0
2026-06-09 10:45:00+05:30,240.46,240.46,238.64,238.77,424,0
2026-06-09 11:00:00+05:30,238.77,239.88,238.77,239.0,500,0
2026-06-09 11:15:00+05:30,239.0,239.25,239.0,239.01,74,0
2026-06-09 11:30:00+05:30,239.22,239.22,235.82,237.83,1775,0
2026-06-09 11:45:00+05:30,237.83,239.01,237.67,237.67,610,0
2026-06-09 12:00:00+05:30,237.67,237.87,237.67,237.87,70,0
2026-06-09 12:15:00+05:30,237.87,238.64,237.87,238.64,69,0
2026-06-09 12:30:00+05:30,239.2,240.0,235.52,236.15,1955,0
2026-06-09 12:45:00+05:30,236.08,236.73,235.03,236.16,533,0
2026-06-09 13:00:00+05:30,236.16,236.25,236.16,236.25,2,0
2026-06-09 13:15:00+05:30,236.23,236.23,236.1,236.22,30,0
2026-06-09 13:30:00+05:30,236.22,236.22,235.4,235.79,418,0
2026-06-09 13:45:00+05:30,235.79,236.86,235.4,235.4,103,0
2026-06-09 14:00:00+05:30,235.4,236.91,235.4,236.86,7,0
2026-06-09 14:15:00+05:30,236.86,236.86,236.86,236.86,0,0
2026-06-09 14:30:00+05:30,236.86,236.86,236.23,236.23,114,0
2026-06-09 14:45:00+05:30,236.23,238.01,235.9,238.0,698,0
2026-06-09 15:00:00+05:30,238.0,238.0,236.5,238.0,361,0
2026-06-09 15:15:00+05:30,237.92,240.0,236.5,236.5,1264,0
2026-06-10 09:15:00+05:30,236.0,238.7,236.0,236.96,538,0
2026-06-10 09:30:00+05:30,236.76,238.8,236.76,238.51,108,0
2026-06-10 09:45:00+05:30,238.51,238.51,237.23,238.5,244,0
2026-06-10 10:00:00+05:30,238.5,238.5,237.34,237.34,39,0
2026-06-10 10:15:00+05:30,237.34,238.65,236.5,236.95,284,0
2026-06-10 10:30:00+05:30,236.45,238.2,235.7,237.16,630,0
2026-06-10 10:45:00+05:30,237.16,237.43,237.16,237.43,1,0
2026-06-10 11:00:00+05:30,237.43,237.43,236.0,236.0,135,0
2026-06-10 11:15:00+05:30,236.0,238.5,236.0,237.03,531,0
2026-06-10 11:30:00+05:30,237.03,237.03,236.2,236.2,104,0
2026-06-10 11:45:00+05:30,236.2,237.03,236.2,237.03,1,0
2026-06-10 12:00:00+05:30,237.03,238.89,236.01,236.04,316,0
2026-06-10 12:15:00+05:30,236.04,236.04,236.04,236.04,0,0
2026-06-10 12:30:00+05:30,236.04,236.21,235.5,235.5,455,0
2026-06-10 12:45:00+05:30,235.5,237.0,235.0,235.25,1385,0
2026-06-10 13:00:00+05:30,235.25,235.35,235.14,235.14,1118,0
2026-06-10 13:15:00+05:30,235.14,235.35,235.1,235.35,70,0
2026-06-10 13:30:00+05:30,235.35,235.35,233.51,235.34,315,0
2026-06-10 13:45:00+05:30,235.34,235.7,233.03,233.03,1710,0
2026-06-10 14:00:00+05:30,233.17,235.5,233.17,234.59,1209,0
2026-06-10 14:15:00+05:30,234.3,236.47,234.3,236.47,1117,0
2026-06-10 14:30:00+05:30,236.02,237.87,236.02,237.87,74,0
2026-06-10 14:45:00+05:30,237.87,237.87,236.0,236.0,322,0
2026-06-10 15:00:00+05:30,237.33,237.33,234.32,234.32,975,0
2026-06-10 15:15:00+05:30,234.32,236.43,233.0,233.0,1459,0
2026-06-11 09:15:00+05:30,230.3,234.0,230.3,233.26,130,0
2026-06-11 09:30:00+05:30,233.26,235.05,232.3,235.05,350,0
2026-06-11 09:45:00+05:30,235.05,236.0,234.52,235.73,424,0
2026-06-11 10:00:00+05:30,235.76,235.84,232.52,232.52,753,0
2026-06-11 10:15:00+05:30,232.95,234.12,232.52,234.05,45,0
2026-06-11 10:30:00+05:30,234.05,234.05,232.36,232.4,11,0
2026-06-11 10:45:00+05:30,232.4,232.4,230.0,230.47,1504,0
2026-06-11 11:00:00+05:30,230.47,232.03,230.47,231.8,390,0
2026-06-11 11:15:00+05:30,231.8,232.99,231.5,232.99,634,0
2026-06-11 11:30:00+05:30,232.4,233.42,232.4,233.03,44,0
2026-06-11 11:45:00+05:30,233.03,234.0,233.03,233.6,153,0
2026-06-11 12:00:00+05:30,233.6,234.0,233.6,234.0,76,0
2026-06-11 12:15:00+05:30,234.0,234.18,233.91,234.0,642,0
2026-06-11 12:30:00+05:30,234.0,234.0,234.0,234.0,0,0
2026-06-11 12:45:00+05:30,234.0,234.24,232.51,232.51,181,0
2026-06-11 13:00:00+05:30,232.51,233.1,231.06,232.4,187,0
2026-06-11 13:15:00+05:30,232.4,232.4,231.06,231.06,160,0
2026-06-11 13:30:00+05:30,231.06,233.05,231.06,233.04,32,0
2026-06-11 13:45:00+05:30,233.04,234.48,231.66,232.25,1210,0
2026-06-11 14:00:00+05:30,232.25,236.0,232.25,236.0,464,0
2026-06-11 14:15:00+05:30,236.0,236.0,233.57,236.0,542,0
2026-06-11 14:30:00+05:30,236.0,236.14,233.7,235.46,687,0
2026-06-11 14:45:00+05:30,235.49,236.0,231.6,232.88,661,0
2026-06-11 15:00:00+05:30,232.1,232.1,225.23,227.1,17113,0
2026-06-11 15:15:00+05:30,227.1,232.03,226.21,227.42,1312,0
2026-06-12 09:15:00+05:30,229.8,234.37,229.8,232.95,938,0
2026-06-12 09:30:00+05:30,232.0,233.96,232.0,232.7,1274,0
2026-06-12 09:45:00+05:30,232.7,233.19,232.05,232.97,104,0
2026-06-12 10:00:00+05:30,233.2,233.2,230.85,231.23,870,0
2026-06-12 10:15:00+05:30,231.23,232.0,230.94,231.4,214,0
2026-06-12 10:30:00+05:30,231.4,232.75,231.4,232.58,30,0
2026-06-12 10:45:00+05:30,232.58,232.58,232.58,232.58,19,0
2026-06-12 11:00:00+05:30,232.58,232.58,231.26,231.26,10,0
2026-06-12 11:15:00+05:30,231.26,231.26,231.26,231.26,1,0
2026-06-12 11:30:00+05:30,231.26,233.59,231.0,231.0,232,0
2026-06-12 11:45:00+05:30,231.14,233.54,231.14,233.54,190,0
2026-06-12 12:00:00+05:30,233.54,233.96,232.98,233.96,708,0
2026-06-12 12:15:00+05:30,233.96,236.6,233.96,236.4,714,0
2026-06-12 12:30:00+05:30,236.37,236.37,234.5,234.5,764,0
2026-06-12 12:45:00+05:30,234.5,234.8,234.5,234.8,1,0
2026-06-12 13:00:00+05:30,234.51,234.51,233.71,233.71,109,0
2026-06-12 13:15:00+05:30,233.71,234.45,233.71,234.45,10,0
2026-06-12 13:30:00+05:30,234.45,234.45,234.45,234.45,0,0
2026-06-12 13:45:00+05:30,234.45,236.0,234.32,236.0,561,0
2026-06-12 14:00:00+05:30,236.0,237.4,234.75,234.75,5859,0
2026-06-12 14:15:00+05:30,235.43,237.01,235.0,237.01,101,0
2026-06-12 14:30:00+05:30,236.96,237.99,235.74,237.99,256,0
2026-06-12 14:45:00+05:30,237.99,237.99,235.09,236.18,341,0
2026-06-12 15:00:00+05:30,236.0,237.31,235.04,237.31,296,0
2026-06-12 15:15:00+05:30,235.37,238.35,235.32,235.32,1321,0
2026-06-15 09:15:00+05:30,239.2,244.0,235.47,239.28,1144,0
2026-06-15 09:30:00+05:30,239.0,240.19,236.52,238.04,622,0
2026-06-15 09:45:00+05:30,238.04,241.99,238.04,241.99,723,0
2026-06-15 10:00:00+05:30,241.99,241.99,240.96,241.99,322,0
2026-06-15 10:15:00+05:30,241.99,241.99,240.52,240.52,8,0
2026-06-15 10:30:00+05:30,240.52,241.48,237.81,240.26,1040,0
2026-06-15 10:45:00+05:30,240.26,241.2,240.26,241.0,208,0
2026-06-15 11:00:00+05:30,241.0,241.31,240.24,241.25,962,0
2026-06-15 11:15:00+05:30,241.13,241.5,240.44,241.14,973,0
2026-06-15 11:30:00+05:30,241.14,241.14,241.14,241.14,0,0
2026-06-15 11:45:00+05:30,241.14,241.49,239.11,239.11,1037,0
2026-06-15 12:00:00+05:30,239.11,239.11,239.11,239.11,0,0
2026-06-15 12:15:00+05:30,239.11,239.8,239.11,239.11,315,0
2026-06-15 12:30:00+05:30,239.11,239.48,238.92,239.0,334,0
2026-06-15 12:45:00+05:30,239.0,239.23,239.0,239.23,299,0
2026-06-15 13:00:00+05:30,239.23,239.23,239.23,239.23,0,0
2026-06-15 13:15:00+05:30,239.23,239.23,239.23,239.23,0,0
2026-06-15 13:30:00+05:30,239.23,239.23,239.23,239.23,0,0
2026-06-15 13:45:00+05:30,239.23,240.8,236.52,240.02,800,0
2026-06-15 14:00:00+05:30,239.51,240.0,239.5,239.5,325,0
2026-06-15 14:15:00+05:30,239.5,240.8,239.0,240.8,1389,0
2026-06-15 14:30:00+05:30,240.13,241.48,240.0,240.27,549,0
2026-06-15 14:45:00+05:30,240.27,240.27,240.26,240.26,7,0
2026-06-15 15:00:00+05:30,240.26,240.93,240.0,240.93,310,0
2026-06-15 15:15:00+05:30,240.04,241.0,240.0,240.0,749,0
2026-06-16 09:15:00+05:30,239.0,239.29,238.01,238.33,377,0
2026-06-16 09:30:00+05:30,238.33,239.18,238.0,238.0,245,0
2026-06-16 09:45:00+05:30,238.0,238.87,238.0,238.87,18,0
2026-06-16 10:00:00+05:30,238.87,238.98,237.51,237.98,145,0
2026-06-16 10:15:00+05:30,237.98,238.79,237.98,238.79,109,0
2026-06-16 10:30:00+05:30,238.79,238.79,238.0,238.39,149,0
2026-06-16 10:45:00+05:30,238.39,238.39,237.8,238.37,142,0
2026-06-16 11:00:00+05:30,238.37,238.99,238.37,238.55,31,0
2026-06-16 11:15:00+05:30,238.55,238.55,238.55,238.55,0,0
2026-06-16 11:30:00+05:30,238.55,239.98,238.35,239.98,195,0
2026-06-16 11:45:00+05:30,239.98,239.98,239.98,239.98,0,0
2026-06-16 12:00:00+05:30,239.98,239.98,238.0,238.19,167,0
2026-06-16 12:15:00+05:30,238.19,238.19,238.0,238.0,124,0
2026-06-16 12:30:00+05:30,238.0,238.07,238.0,238.07,37,0
2026-06-16 12:45:00+05:30,238.07,238.96,237.9,238.18,513,0
2026-06-16 13:00:00+05:30,238.18,238.92,237.96,238.92,57,0
2026-06-16 13:15:00+05:30,238.92,239.5,238.92,239.5,23,0
2026-06-16 13:30:00+05:30,238.27,239.8,237.9,238.5,564,0
2026-06-16 13:45:00+05:30,238.27,238.99,237.9,238.99,130,0
2026-06-16 14:00:00+05:30,238.99,238.99,238.99,238.99,0,0
2026-06-16 14:15:00+05:30,238.99,238.99,233.99,238.0,3196,0
2026-06-16 14:30:00+05:30,238.0,239.48,238.0,238.01,79,0
2026-06-16 14:45:00+05:30,238.01,239.0,238.01,238.45,456,0
2026-06-16 15:00:00+05:30,238.45,240.0,238.45,239.45,1352,0
2026-06-16 15:15:00+05:30,239.32,240.31,238.0,238.0,948,0
2026-06-17 09:15:00+05:30,240.8,241.49,240.51,241.49,143,0
2026-06-17 09:30:00+05:30,241.0,241.0,239.68,240.67,496,0
2026-06-17 09:45:00+05:30,240.67,241.46,240.67,241.46,70,0
2026-06-17 10:00:00+05:30,241.46,241.49,241.34,241.49,60,0
2026-06-17 10:15:00+05:30,241.49,241.99,241.49,241.97,298,0
2026-06-17 10:30:00+05:30,241.97,246.6,241.97,245.11,1621,0
2026-06-17 10:45:00+05:30,245.1,249.98,245.0,248.88,2781,0
2026-06-17 11:00:00+05:30,248.88,249.36,247.27,249.35,961,0
2026-06-17 11:15:00+05:30,249.02,249.36,247.51,248.41,499,0
2026-06-17 11:30:00+05:30,247.55,248.95,246.47,248.9,1122,0
2026-06-17 11:45:00+05:30,246.72,248.0,246.5,247.61,1631,0
2026-06-17 12:00:00+05:30,247.61,247.73,246.0,247.16,517,0
2026-06-17 12:15:00+05:30,247.16,247.48,246.01,246.01,55,0
2026-06-17 12:30:00+05:30,246.01,247.29,245.74,245.74,112,0
2026-06-17 12:45:00+05:30,245.42,246.06,244.27,244.27,448,0
2026-06-17 13:00:00+05:30,244.82,245.4,243.9,244.83,352,0
2026-06-17 13:15:00+05:30,244.83,246.39,244.83,245.67,169,0
2026-06-17 13:30:00+05:30,244.86,246.48,244.83,246.48,661,0
2026-06-17 13:45:00+05:30,246.48,246.48,243.6,243.6,208,0
2026-06-17 14:00:00+05:30,243.75,245.16,243.75,245.16,11,0
2026-06-17 14:15:00+05:30,245.16,246.49,243.75,244.4,444,0
2026-06-17 14:30:00+05:30,244.4,244.4,244.4,244.4,0,0
2026-06-17 14:45:00+05:30,244.4,245.24,243.37,245.24,169,0
2026-06-17 15:00:00+05:30,245.24,245.68,243.38,245.68,467,0
2026-06-17 15:15:00+05:30,245.68,245.68,243.0,244.0,1278,0
2026-06-18 09:15:00+05:30,241.0,245.98,241.0,244.69,1086,0
2026-06-18 09:30:00+05:30,244.69,244.69,240.51,241.02,689,0
2026-06-18 09:45:00+05:30,243.38,243.38,241.5,242.08,301,0
2026-06-18 10:00:00+05:30,242.03,243.49,241.46,242.64,529,0
2026-06-18 10:15:00+05:30,242.64,243.42,241.86,241.86,92,0
2026-06-18 10:30:00+05:30,241.82,243.28,241.47,243.28,112,0
2026-06-18 10:45:00+05:30,243.28,243.28,241.6,242.49,38,0
2026-06-18 11:00:00+05:30,242.49,242.49,241.93,241.93,9,0
2026-06-18 11:15:00+05:30,241.93,241.93,240.0,240.0,112,0
2026-06-18 11:30:00+05:30,240.0,241.98,240.0,241.23,166,0
2026-06-18 11:45:00+05:30,241.23,241.23,241.0,241.0,222,0
2026-06-18 12:00:00+05:30,241.0,241.42,240.93,241.42,19,0
2026-06-18 12:15:00+05:30,241.42,241.42,240.0,241.42,537,0
2026-06-18 12:30:00+05:30,241.42,241.42,239.0,239.0,1542,0
2026-06-18 12:45:00+05:30,239.0,239.99,238.0,238.82,2836,0
2026-06-18 13:00:00+05:30,238.82,239.13,238.82,239.0,16,0
2026-06-18 13:15:00+05:30,239.0,239.54,238.63,239.47,133,0
2026-06-18 13:30:00+05:30,239.47,239.47,237.28,237.28,99,0
2026-06-18 13:45:00+05:30,236.6,237.92,232.35,234.7,2272,0
2026-06-18 14:00:00+05:30,235.5,237.49,235.5,236.81,137,0
2026-06-18 14:15:00+05:30,237.12,238.3,236.0,238.27,465,0
2026-06-18 14:30:00+05:30,238.27,238.27,237.52,237.52,57,0
2026-06-18 14:45:00+05:30,237.52,238.32,237.0,237.75,296,0
2026-06-18 15:00:00+05:30,237.75,239.48,237.0,237.31,861,0
2026-06-18 15:15:00+05:30,237.32,239.5,237.0,239.5,1071,0
2026-06-19 09:15:00+05:30,239.24,240.0,234.0,236.38,1832,0
2026-06-19 09:30:00+05:30,235.67,239.0,235.67,239.0,195,0
2026-06-19 09:45:00+05:30,239.0,239.0,238.88,238.89,22,0
2026-06-19 10:00:00+05:30,238.89,239.87,238.0,239.87,599,0
2026-06-19 10:15:00+05:30,239.87,239.87,236.44,237.0,251,0
2026-06-19 10:30:00+05:30,236.43,238.79,235.83,238.2,628,0
2026-06-19 10:45:00+05:30,238.2,238.39,237.97,238.39,23,0
2026-06-19 11:00:00+05:30,238.39,238.39,235.36,236.62,2078,0
2026-06-19 11:15:00+05:30,236.72,237.9,236.72,237.05,41,0
2026-06-19 11:30:00+05:30,237.05,239.0,237.05,239.0,111,0
2026-06-19 11:45:00+05:30,239.39,239.39,234.9,235.93,1991,0
2026-06-19 12:00:00+05:30,235.93,235.97,235.08,235.89,26,0
2026-06-19 12:15:00+05:30,235.89,235.89,235.39,235.39,10,0
2026-06-19 12:30:00+05:30,235.39,236.0,234.41,236.0,2274,0
2026-06-19 12:45:00+05:30,236.0,236.75,235.3,236.51,128,0
2026-06-19 13:00:00+05:30,236.51,237.07,235.87,235.87,566,0
2026-06-19 13:15:00+05:30,235.87,236.7,235.87,236.01,15,0
2026-06-19 13:30:00+05:30,236.01,236.7,236.01,236.7,56,0
2026-06-19 13:45:00+05:30,236.7,236.7,236.7,236.7,0,0
2026-06-19 14:00:00+05:30,237.96,237.96,236.33,236.33,210,0
2026-06-19 14:15:00+05:30,237.08,237.91,236.65,236.65,168,0
2026-06-19 14:30:00+05:30,237.89,237.99,236.65,237.14,52,0
2026-06-19 14:45:00+05:30,237.14,237.14,235.4,235.4,16,0
2026-06-19 15:00:00+05:30,235.61,236.22,235.61,236.22,50,0
2026-06-19 15:15:00+05:30,236.66,239.85,235.0,239.85,1009,0
2026-06-22 09:15:00+05:30,238.26,243.89,238.26,239.51,1684,0
2026-06-22 09:30:00+05:30,239.51,239.9,237.51,239.82,1215,0
2026-06-22 09:45:00+05:30,239.82,239.82,238.63,239.02,25,0
2026-06-22 10:00:00+05:30,239.02,239.02,238.03,238.1,43,0
2026-06-22 10:15:00+05:30,238.34,239.74,238.0,239.74,695,0
2026-06-22 10:30:00+05:30,239.18,241.5,239.0,240.02,3140,0
2026-06-22 10:45:00+05:30,240.02,240.88,239.5,240.71,113,0
2026-06-22 11:00:00+05:30,240.71,242.2,240.71,242.0,1275,0
2026-06-22 11:15:00+05:30,242.04,242.09,241.01,241.01,810,0
2026-06-22 11:30:00+05:30,241.01,242.0,241.01,241.84,164,0
2026-06-22 11:45:00+05:30,241.84,242.0,241.51,241.85,729,0
2026-06-22 12:00:00+05:30,241.85,242.0,241.81,241.84,287,0
2026-06-22 12:15:00+05:30,241.86,241.86,240.51,240.51,279,0
2026-06-22 12:30:00+05:30,240.51,241.49,240.31,240.31,21,0
2026-06-22 12:45:00+05:30,240.31,241.45,240.31,241.45,1,0
2026-06-22 13:00:00+05:30,241.45,244.0,241.45,242.09,1643,0
2026-06-22 13:15:00+05:30,242.09,243.62,241.01,243.49,206,0
2026-06-22 13:30:00+05:30,243.49,243.49,240.53,240.64,29,0
2026-06-22 13:45:00+05:30,240.64,242.99,240.02,242.85,245,0
2026-06-22 14:00:00+05:30,242.85,242.85,240.0,240.0,150,0
2026-06-22 14:15:00+05:30,240.0,242.48,240.0,241.15,171,0
2026-06-22 14:30:00+05:30,240.15,240.15,239.5,239.5,350,0
2026-06-22 14:45:00+05:30,239.5,239.85,239.5,239.5,46,0
2026-06-22 15:00:00+05:30,239.51,240.99,239.5,239.5,77,0
2026-06-22 15:15:00+05:30,241.26,242.5,240.01,242.4,1108,0
2026-06-23 09:15:00+05:30,241.48,252.0,241.48,251.04,7915,0
2026-06-23 09:30:00+05:30,250.91,250.91,243.72,244.94,1916,0
2026-06-23 09:45:00+05:30,244.94,244.94,243.5,243.76,805,0
2026-06-23 10:00:00+05:30,243.76,244.32,243.63,243.63,52,0
2026-06-23 10:15:00+05:30,243.63,243.76,242.0,243.0,297,0
2026-06-23 10:30:00+05:30,242.63,245.51,241.48,244.77,3259,0
2026-06-23 10:45:00+05:30,244.77,244.77,241.9,242.79,746,0
2026-06-23 11:00:00+05:30,242.5,242.5,242.33,242.34,852,0
2026-06-23 11:15:00+05:30,242.34,243.0,241.75,242.02,134,0
2026-06-23 11:30:00+05:30,242.02,242.11,240.26,241.21,379,0
2026-06-23 11:45:00+05:30,241.21,241.21,238.91,238.91,531,0
2026-06-23 12:00:00+05:30,239.18,239.98,238.0,239.98,660,0
2026-06-23 12:15:00+05:30,239.41,239.8,239.04,239.04,54,0
2026-06-23 12:30:00+05:30,239.04,240.0,237.6,239.52,671,0
2026-06-23 12:45:00+05:30,239.52,240.0,238.51,240.0,83626,0
2026-06-23 13:00:00+05:30,240.0,241.75,239.83,241.75,1188,0
2026-06-23 13:15:00+05:30,241.75,241.75,240.03,240.03,553,0
2026-06-23 13:30:00+05:30,240.03,241.52,240.03,241.08,1125,0
2026-06-23 13:45:00+05:30,241.08,243.0,240.61,240.61,591,0
2026-06-23 14:00:00+05:30,240.61,241.06,240.61,241.06,18,0
2026-06-23 14:15:00+05:30,241.06,243.0,241.06,241.93,578,0
2026-06-23 14:30:00+05:30,241.93,242.93,241.31,242.93,246,0
2026-06-23 14:45:00+05:30,242.66,242.66,242.2,242.48,180,0
2026-06-23 15:00:00+05:30,242.24,243.38,241.47,242.55,1999,0
2026-06-23 15:15:00+05:30,242.08,242.08,237.6,237.99,6176,0
2026-06-24 09:15:00+05:30,238.06,238.06,237.0,237.0,561,0
2026-06-24 09:30:00+05:30,237.11,238.52,237.0,237.97,1016,0
2026-06-24 09:45:00+05:30,237.97,238.95,237.0,238.38,1384,0
2026-06-24 10:00:00+05:30,238.38,238.38,237.0,237.01,146,0
2026-06-24 10:15:00+05:30,237.01,238.87,237.01,237.41,273,0
2026-06-24 10:30:00+05:30,237.41,238.02,237.02,237.02,60,0
2026-06-24 10:45:00+05:30,237.02,238.8,237.02,237.14,251,0
2026-06-24 11:00:00+05:30,237.14,239.39,237.14,239.0,1770,0
2026-06-24 11:15:00+05:30,239.4,242.0,239.4,241.26,1037,0
2026-06-24 11:30:00+05:30,241.21,241.21,241.0,241.12,141,0
2026-06-24 11:45:00+05:30,241.12,241.29,241.0,241.0,547,0
2026-06-24 12:00:00+05:30,241.0,241.0,241.0,241.0,11,0
2026-06-24 12:15:00+05:30,241.0,242.49,241.0,242.49,837,0
2026-06-24 12:30:00+05:30,242.49,242.49,238.53,239.03,1782,0
2026-06-24 12:45:00+05:30,239.03,239.99,238.43,239.99,111,0
2026-06-24 13:00:00+05:30,240.01,240.21,239.99,240.21,46,0
2026-06-24 13:15:00+05:30,240.0,241.41,238.99,239.51,83084,0
2026-06-24 13:30:00+05:30,239.97,240.62,238.86,240.49,1365,0
2026-06-24 13:45:00+05:30,240.49,240.49,239.53,239.57,276,0
2026-06-24 14:00:00+05:30,239.19,240.47,239.02,240.47,41,0
2026-06-24 14:15:00+05:30,239.72,240.6,239.12,240.11,471,0
2026-06-24 14:30:00+05:30,240.11,241.48,239.41,240.88,664,0
2026-06-24 14:45:00+05:30,240.88,240.88,239.0,239.66,466,0
2026-06-24 15:00:00+05:30,239.27,240.88,239.27,240.71,312,0
2026-06-24 15:15:00+05:30,240.3,242.0,239.0,239.0,3603,0
2026-06-25 09:15:00+05:30,240.02,245.05,240.02,241.01,566,0
2026-06-25 09:30:00+05:30,241.01,241.01,241.01,241.01,0,0
2026-06-25 09:45:00+05:30,241.01,241.1,240.09,240.09,516,0
2026-06-25 10:00:00+05:30,240.09,242.28,240.09,241.91,929,0
2026-06-25 10:15:00+05:30,242.28,245.98,242.14,245.81,2492,0
2026-06-25 10:30:00+05:30,245.81,246.4,244.01,244.01,762,0
2026-06-25 10:45:00+05:30,244.01,246.75,243.9,245.78,1898,0
2026-06-25 11:00:00+05:30,245.88,256.32,245.88,256.0,32359,0
2026-06-25 11:15:00+05:30,255.0,255.0,251.0,251.1,9299,0
2026-06-25 11:30:00+05:30,251.51,252.52,248.6,250.55,6543,0
2026-06-25 11:45:00+05:30,250.09,251.0,246.6,248.42,3762,0
2026-06-25 12:00:00+05:30,248.0,250.0,247.16,247.78,2049,0
2026-06-25 12:15:00+05:30,247.78,247.78,244.63,245.9,5090,0
2026-06-25 12:30:00+05:30,245.14,248.6,245.1,248.59,2174,0
2026-06-25 12:45:00+05:30,248.15,251.1,248.15,251.0,3225,0
2026-06-25 13:00:00+05:30,251.0,251.0,248.5,248.5,1309,0
2026-06-25 13:15:00+05:30,248.35,249.24,247.6,248.6,200,0
2026-06-25 13:30:00+05:30,248.6,248.6,247.6,247.6,277,0
2026-06-25 13:45:00+05:30,248.1,248.5,245.75,248.5,1026,0
2026-06-25 14:00:00+05:30,248.5,248.59,246.01,246.6,1875,0
2026-06-25 14:15:00+05:30,246.05,246.1,244.6,245.27,1073,0
2026-06-25 14:30:00+05:30,245.54,246.1,245.5,246.0,180,0
2026-06-25 14:45:00+05:30,246.0,247.09,245.54,247.09,3382,0
2026-06-25 15:00:00+05:30,246.99,246.99,245.54,245.58,1330,0
2026-06-25 15:15:00+05:30,246.1,246.6,243.0,243.0,5510,0
2026-06-29 09:15:00+05:30,245.02,267.0,245.02,254.6,59551,0
2026-06-29 09:30:00+05:30,254.36,259.9,251.7,259.9,19111,0
2026-06-29 09:45:00+05:30,257.26,257.61,251.58,253.11,14882,0
2026-06-29 10:00:00+05:30,252.79,255.28,252.76,253.5,5022,0
2026-06-29 10:15:00+05:30,253.68,258.0,253.5,257.0,9468,0
2026-06-29 10:30:00+05:30,257.93,262.0,256.88,258.93,17187,0
2026-06-29 10:45:00+05:30,260.43,264.05,259.01,263.74,10750,0
2026-06-29 11:00:00+05:30,263.66,263.66,258.0,259.63,10751,0
2026-06-29 11:15:00+05:30,259.66,259.96,259.0,259.57,997,0
2026-06-29 11:30:00+05:30,259.49,260.91,259.0,259.45,2987,0
2026-06-29 11:45:00+05:30,259.45,260.75,259.07,259.65,2999,0
2026-06-29 12:00:00+05:30,259.62,260.0,257.01,257.95,1922,0
2026-06-29 12:15:00+05:30,257.95,260.0,257.87,258.92,1449,0
2026-06-29 12:30:00+05:30,258.97,260.0,257.61,259.04,2275,0
2026-06-29 12:45:00+05:30,259.06,259.14,257.01,258.93,983,0
2026-06-29 13:00:00+05:30,258.83,260.0,258.83,259.51,1344,0
2026-06-29 13:15:00+05:30,259.51,259.99,259.16,259.87,403,0
2026-06-29 13:30:00+05:30,259.61,261.5,258.59,261.5,3049,0
2026-06-29 13:45:00+05:30,261.5,261.5,260.0,260.85,2304,0
2026-06-29 14:00:00+05:30,260.85,261.49,260.0,261.49,3952,0
2026-06-29 14:15:00+05:30,261.48,261.48,259.0,259.3,2441,0
2026-06-29 14:30:00+05:30,259.57,260.38,259.0,259.28,499,0
2026-06-29 14:45:00+05:30,259.26,259.52,257.37,259.52,1606,0
2026-06-29 15:00:00+05:30,259.0,260.5,256.2,258.33,9467,0
2026-06-29 15:15:00+05:30,258.33,264.22,258.11,262.0,27519,0
2026-06-30 09:15:00+05:30,264.09,267.0,262.0,264.97,16234,0
2026-06-30 09:30:00+05:30,263.78,269.43,262.0,264.19,19356,0
2026-06-30 09:45:00+05:30,264.19,265.21,262.36,264.2,1725,0
2026-06-30 10:00:00+05:30,264.2,265.59,260.5,262.93,7957,0
2026-06-30 10:15:00+05:30,262.11,263.92,260.81,263.92,2111,0
2026-06-30 10:30:00+05:30,263.92,263.92,262.04,262.05,709,0
2026-06-30 10:45:00+05:30,262.28,264.36,261.99,264.36,1684,0
2026-06-30 11:00:00+05:30,264.36,264.36,262.41,262.95,2538,0
2026-06-30 11:15:00+05:30,262.95,263.49,262.95,263.09,79,0
2026-06-30 11:30:00+05:30,263.09,263.15,262.41,263.15,204,0
2026-06-30 11:45:00+05:30,263.15,264.38,262.7,264.02,1051,0
2026-06-30 12:00:00+05:30,264.0,264.5,262.7,262.7,1680,0
2026-06-30 12:15:00+05:30,262.71,263.26,262.71,262.94,30,0
2026-06-30 12:30:00+05:30,262.94,263.9,262.7,262.7,488,0
2026-06-30 12:45:00+05:30,262.79,262.8,262.7,262.8,59,0
2026-06-30 13:00:00+05:30,262.8,263.15,262.16,262.4,467,0
2026-06-30 13:15:00+05:30,262.4,263.05,261.9,261.9,2141,0
2026-06-30 13:30:00+05:30,261.9,262.07,261.77,261.77,555,0
2026-06-30 13:45:00+05:30,261.77,262.58,261.77,262.58,164,0
2026-06-30 14:00:00+05:30,262.58,262.58,261.83,262.0,236,0
2026-06-30 14:15:00+05:30,262.0,262.02,261.75,261.75,1252,0
2026-06-30 14:30:00+05:30,261.94,269.9,261.5,268.0,29085,0
2026-06-30 14:45:00+05:30,268.25,270.0,267.51,267.68,20651,0
2026-06-30 15:00:00+05:30,268.18,271.9,267.0,271.07,21460,0
2026-06-30 15:15:00+05:30,271.16,272.0,268.0,269.0,16368,0
2026-07-01 09:15:00+05:30,270.1,274.0,265.4,273.0,15907,0
2026-07-01 09:30:00+05:30,273.05,275.0,268.2,268.6,11000,0
2026-07-01 09:45:00+05:30,268.2,270.8,267.3,269.7,4682,0
2026-07-01 10:00:00+05:30,269.5,270.8,268.7,270.8,1681,0
2026-07-01 10:15:00+05:30,270.25,275.0,270.0,272.95,13498,0
2026-07-01 10:30:00+05:30,272.35,274.0,270.7,270.7,4394,0
2026-07-01 10:45:00+05:30,270.75,272.45,270.75,271.35,840,0
2026-07-01 11:00:00+05:30,271.35,272.45,270.7,271.05,1646,0
2026-07-01 11:15:00+05:30,271.05,272.3,270.1,270.35,1938,0
2026-07-01 11:30:00+05:30,270.35,271.75,270.1,270.9,358,0
2026-07-01 11:45:00+05:30,270.9,270.9,268.05,268.8,1620,0
2026-07-01 12:00:00+05:30,268.8,269.0,267.0,267.65,8249,0
2026-07-01 12:15:00+05:30,267.5,267.5,266.0,266.15,2278,0
2026-07-01 12:30:00+05:30,266.15,266.4,265.5,265.6,366,0
2026-07-01 12:45:00+05:30,265.6,267.9,265.6,267.1,1434,0
2026-07-01 13:00:00+05:30,267.15,267.15,266.0,266.05,842,0
2026-07-01 13:15:00+05:30,266.05,267.0,266.05,267.0,2,0
2026-07-01 13:30:00+05:30,267.0,267.0,266.75,267.0,711,0
2026-07-01 13:45:00+05:30,267.0,268.25,267.0,268.25,1266,0
2026-07-01 14:00:00+05:30,267.3,267.3,265.4,265.4,1524,0
2026-07-01 14:15:00+05:30,265.4,266.3,265.0,265.15,676,0
2026-07-01 14:30:00+05:30,265.7,265.7,265.15,265.3,166,0
2026-07-01 14:45:00+05:30,265.3,266.55,265.3,266.0,130,0
2026-07-01 15:00:00+05:30,266.0,267.2,265.0,266.35,3669,0
2026-07-01 15:15:00+05:30,266.4,266.7,264.0,264.9,4390,0
2026-07-02 09:15:00+05:30,268.0,268.95,267.0,267.05,2710,0
2026-07-02 09:30:00+05:30,267.05,267.3,265.2,267.1,3922,0
2026-07-02 09:45:00+05:30,267.1,267.3,265.6,266.7,1690,0
2026-07-02 10:00:00+05:30,266.7,266.7,266.15,266.7,585,0
2026-07-02 10:15:00+05:30,266.7,266.7,265.65,266.7,737,0
2026-07-02 10:30:00+05:30,266.7,271.4,266.25,271.0,7678,0
2026-07-02 10:45:00+05:30,271.0,279.5,271.0,277.7,50056,0
2026-07-02 11:00:00+05:30,277.2,284.6,275.5,283.15,80734,0
2026-07-02 11:15:00+05:30,283.5,287.65,281.0,282.0,96659,0
2026-07-02 11:30:00+05:30,282.55,282.8,278.7,280.0,28050,0
2026-07-02 11:45:00+05:30,279.2,279.2,276.65,278.7,12667,0
2026-07-02 12:00:00+05:30,278.8,280.15,277.1,277.1,7192,0
2026-07-02 12:15:00+05:30,277.1,280.0,277.1,279.7,5693,0
2026-07-02 12:30:00+05:30,278.6,279.7,277.5,278.95,2561,0
2026-07-02 12:45:00+05:30,278.2,280.5,277.5,280.0,10594,0
2026-07-02 13:00:00+05:30,279.75,279.75,277.8,279.75,3375,0
2026-07-02 13:15:00+05:30,279.45,279.55,277.5,277.5,2287,0
2026-07-02 13:30:00+05:30,277.5,279.4,277.0,278.0,2734,0
2026-07-02 13:45:00+05:30,278.3,284.7,278.3,283.65,15506,0
2026-07-02 14:00:00+05:30,283.75,289.9,279.5,283.05,118286,0
2026-07-02 14:15:00+05:30,283.25,285.7,281.95,282.15,14510,0
2026-07-02 14:30:00+05:30,282.3,283.45,279.55,280.0,8527,0
2026-07-02 14:45:00+05:30,280.5,280.75,278.25,279.55,6642,0
2026-07-02 15:00:00+05:30,279.4,279.95,278.0,278.25,7296,0
2026-07-02 15:15:00+05:30,278.45,279.65,276.0,278.0,25845,0
2026-07-03 09:15:00+05:30,277.0,282.05,274.0,277.7,15790,0
2026-07-03 09:30:00+05:30,277.65,278.05,275.8,276.8,2235,0
2026-07-03 09:45:00+05:30,276.8,276.85,274.95,275.5,4201,0
2026-07-03 10:00:00+05:30,275.5,276.6,275.5,276.6,788,0
2026-07-03 10:15:00+05:30,276.7,276.7,275.2,275.5,915,0
2026-07-03 10:30:00+05:30,275.5,276.0,275.05,275.45,728,0
2026-07-03 10:45:00+05:30,275.45,276.0,275.3,275.3,491,0
2026-07-03 11:00:00+05:30,275.3,275.8,275.3,275.3,229,0
2026-07-03 11:15:00+05:30,275.3,275.3,274.0,274.7,1753,0
2026-07-03 11:30:00+05:30,274.7,275.75,274.55,275.15,1154,0
2026-07-03 11:45:00+05:30,275.15,275.25,274.3,275.0,447,0
2026-07-03 12:00:00+05:30,274.35,275.0,274.05,274.05,1343,0
2026-07-03 12:15:00+05:30,274.05,275.15,274.05,274.7,34,0
2026-07-03 12:30:00+05:30,275.5,275.5,274.7,274.7,112,0
2026-07-03 12:45:00+05:30,274.7,274.85,274.25,274.3,163,0
2026-07-03 13:00:00+05:30,274.3,275.15,274.2,274.4,282,0
2026-07-03 13:15:00+05:30,274.4,275.0,274.2,274.4,176,0
2026-07-03 13:30:00+05:30,274.4,275.65,274.2,274.75,1149,0
2026-07-03 13:45:00+05:30,274.75,274.75,274.3,274.3,151,0
2026-07-03 14:00:00+05:30,274.55,275.15,274.0,274.85,2285,0
2026-07-03 14:15:00+05:30,274.85,274.85,274.1,274.15,184,0
2026-07-03 14:30:00+05:30,274.15,274.5,274.0,274.5,851,0
2026-07-03 14:45:00+05:30,274.5,274.55,274.0,274.35,2068,0
2026-07-03 15:00:00+05:30,274.05,274.5,274.0,274.45,903,0
2026-07-03 15:15:00+05:30,274.05,274.1,272.0,273.25,9245,0
2026-07-06 09:15:00+05:30,273.0,300.0,273.0,296.5,131296,0
2026-07-06 09:30:00+05:30,296.05,304.85,292.2,294.05,139932,0
2026-07-06 09:45:00+05:30,294.9,303.0,293.0,298.9,66856,0
2026-07-06 10:00:00+05:30,298.5,298.95,293.0,295.1,25279,0
2026-07-06 10:15:00+05:30,295.45,299.9,294.6,294.65,18519,0
2026-07-06 10:30:00+05:30,294.65,297.25,291.6,295.55,21505,0
2026-07-06 10:45:00+05:30,295.95,296.9,292.3,294.55,4993,0
2026-07-06 11:00:00+05:30,294.05,294.15,286.9,292.0,38088,0
2026-07-06 11:15:00+05:30,292.5,293.0,289.6,291.3,13314,0
2026-07-06 11:30:00+05:30,290.75,291.3,290.5,290.65,838,0
2026-07-06 11:45:00+05:30,290.65,291.4,290.0,291.4,4207,0
2026-07-06 12:00:00+05:30,291.4,291.4,290.0,291.2,6474,0
2026-07-06 12:15:00+05:30,290.85,292.8,290.1,292.75,25900,0
2026-07-06 12:30:00+05:30,292.8,293.9,290.8,291.55,4514,0
2026-07-06 12:45:00+05:30,292.1,293.9,291.4,293.9,1411,0
2026-07-06 13:00:00+05:30,293.55,293.75,292.05,293.05,1203,0
2026-07-06 13:15:00+05:30,293.05,294.35,292.55,293.0,5437,0
2026-07-06 13:30:00+05:30,293.2,294.15,292.55,293.05,1260,0
2026-07-06 13:45:00+05:30,293.05,294.55,292.55,293.25,2749,0
2026-07-06 14:00:00+05:30,293.25,293.45,290.85,291.85,2270,0
2026-07-06 14:15:00+05:30,291.9,292.3,290.0,290.4,5415,0
2026-07-06 14:30:00+05:30,290.2,291.65,290.0,290.05,3037,0
2026-07-06 14:45:00+05:30,290.4,290.8,288.5,288.95,9279,0
2026-07-06 15:00:00+05:30,288.95,291.0,288.15,290.45,16883,0
2026-07-06 15:15:00+05:30,290.65,301.95,288.2,299.5,66684,0
2026-07-07 09:15:00+05:30,297.0,301.95,290.15,292.5,22335,0
2026-07-07 09:30:00+05:30,292.45,292.9,290.8,291.35,1774,0
2026-07-07 09:45:00+05:30,291.25,291.8,290.0,290.95,3152,0
2026-07-07 10:00:00+05:30,290.7,294.6,290.1,294.4,3416,0
2026-07-07 10:15:00+05:30,294.4,295.2,292.65,294.0,3746,0
2026-07-07 10:30:00+05:30,294.0,294.0,291.6,292.4,629,0
2026-07-07 10:45:00+05:30,292.4,295.35,292.4,293.2,1864,0
2026-07-07 11:00:00+05:30,293.2,293.25,292.1,292.1,292,0
2026-07-07 11:15:00+05:30,292.1,294.0,291.55,291.55,2032,0
2026-07-07 11:30:00+05:30,291.55,294.5,291.55,294.5,573,0
2026-07-07 11:45:00+05:30,294.45,294.5,291.85,291.85,627,0
2026-07-07 12:00:00+05:30,291.85,292.25,291.6,291.75,274,0
2026-07-07 12:15:00+05:30,291.75,291.85,291.75,291.85,206,0
2026-07-07 12:30:00+05:30,291.85,293.2,291.75,292.2,1102,0
2026-07-07 12:45:00+05:30,292.1,292.1,291.8,291.85,306,0
2026-07-07 13:00:00+05:30,292.0,292.0,291.0,291.0,931,0
2026-07-07 13:15:00+05:30,291.0,292.0,290.4,291.95,2777,0
2026-07-07 13:30:00+05:30,291.6,292.05,291.6,292.0,482,0
2026-07-07 13:45:00+05:30,292.0,292.85,292.0,292.4,236,0
2026-07-07 14:00:00+05:30,292.65,292.65,292.4,292.55,159,0
2026-07-07 14:15:00+05:30,292.55,292.9,292.0,292.0,1231,0
2026-07-07 14:30:00+05:30,292.0,292.35,291.15,292.35,732,0
2026-07-07 14:45:00+05:30,292.4,292.85,292.4,292.75,38,0
2026-07-07 15:00:00+05:30,292.4,295.3,292.4,293.3,6514,0
2026-07-07 15:15:00+05:30,293.45,293.65,290.15,293.6,9832,0
2026-07-08 09:15:00+05:30,290.0,290.0,281.3,284.6,17414,0
2026-07-08 09:30:00+05:30,284.6,288.3,284.6,288.2,12667,0
2026-07-08 09:45:00+05:30,288.2,288.45,287.0,287.8,2100,0
2026-07-08 10:00:00+05:30,287.8,295.7,287.8,294.5,8541,0
2026-07-08 10:15:00+05:30,294.15,294.15,290.95,290.95,1258,0
2026-07-08 10:30:00+05:30,291.1,293.5,290.35,290.65,2874,0
2026-07-08 10:45:00+05:30,290.15,290.95,289.3,290.6,1267,0
2026-07-08 11:00:00+05:30,290.6,290.6,289.0,289.15,1918,0
2026-07-08 11:15:00+05:30,289.15,290.4,289.15,290.4,137,0
2026-07-08 11:30:00+05:30,289.75,290.2,288.0,288.4,556,0
2026-07-08 11:45:00+05:30,288.4,288.8,287.3,288.15,711,0
2026-07-08 12:00:00+05:30,288.15,288.3,287.75,287.75,230,0
2026-07-08 12:15:00+05:30,287.55,287.55,287.55,287.55,16,0
2026-07-08 12:30:00+05:30,287.55,287.7,287.0,287.1,962,0
2026-07-08 12:45:00+05:30,287.1,289.7,287.05,289.35,1234,0
2026-07-08 13:00:00+05:30,289.35,293.0,288.8,290.4,4614,0
2026-07-08 13:15:00+05:30,290.4,292.95,290.4,292.0,693,0
2026-07-08 13:30:00+05:30,292.0,292.0,291.1,291.15,333,0
2026-07-08 13:45:00+05:30,290.4,291.45,286.05,286.65,3244,0
2026-07-08 14:00:00+05:30,286.15,286.15,281.45,282.5,15898,0
2026-07-08 14:15:00+05:30,282.5,283.15,281.0,281.7,2993,0
2026-07-08 14:30:00+05:30,281.65,282.95,279.0,279.1,5357,0
2026-07-08 14:45:00+05:30,279.2,279.95,277.0,278.2,7041,0
2026-07-08 15:00:00+05:30,278.75,281.35,277.9,281.0,8422,0
2026-07-08 15:15:00+05:30,281.15,282.0,280.0,281.0,4228,0
2026-07-09 09:15:00+05:30,281.0,286.4,281.0,284.65,8225,0
2026-07-09 09:30:00+05:30,284.65,284.65,281.95,283.9,1732,0
2026-07-09 09:45:00+05:30,283.7,284.9,281.75,282.5,546,0
2026-07-09 10:00:00+05:30,282.5,291.45,282.5,288.0,13892,0
2026-07-09 10:15:00+05:30,288.0,288.0,287.0,287.1,394,0
2026-07-09 10:30:00+05:30,287.1,287.85,284.6,286.85,1865,0
2026-07-09 10:45:00+05:30,286.35,286.65,285.9,286.65,1168,0
2026-07-09 11:00:00+05:30,285.85,286.05,285.15,285.15,242,0
2026-07-09 11:15:00+05:30,285.15,285.9,285.15,285.8,305,0
2026-07-09 11:30:00+05:30,285.8,291.35,285.8,290.25,6873,0
2026-07-09 11:45:00+05:30,290.25,295.0,289.4,293.2,11707,0
2026-07-09 12:00:00+05:30,293.55,294.0,292.4,293.4,1346,0
2026-07-09 12:15:00+05:30,293.5,299.4,292.55,298.5,12887,0
2026-07-09 12:30:00+05:30,298.95,300.0,295.0,297.15,21645,0
2026-07-09 12:45:00+05:30,297.0,299.45,295.0,297.9,4290,0
2026-07-09 13:00:00+05:30,297.8,299.5,295.35,297.55,6730,0
2026-07-09 13:15:00+05:30,297.55,297.55,295.55,295.55,569,0
2026-07-09 13:30:00+05:30,295.55,297.2,295.1,296.55,1947,0
2026-07-09 13:45:00+05:30,296.55,296.65,295.05,295.85,2854,0
2026-07-09 14:00:00+05:30,295.85,296.95,295.85,296.1,307,0
2026-07-09 14:15:00+05:30,296.3,296.45,295.05,295.55,674,0
2026-07-09 14:30:00+05:30,295.55,296.1,295.4,295.65,335,0
2026-07-09 14:45:00+05:30,295.55,295.55,293.55,294.85,1857,0
2026-07-09 15:00:00+05:30,294.25,295.15,293.95,294.7,1820,0
2026-07-09 15:15:00+05:30,294.3,297.0,294.3,295.0,5015,0
2026-07-10 09:15:00+05:30,295.65,299.5,295.65,297.75,7438,0
2026-07-10 09:30:00+05:30,297.75,298.5,297.0,297.2,549,0
2026-07-10 09:45:00+05:30,297.2,297.2,296.3,296.95,4933,0
2026-07-10 10:00:00+05:30,296.6,298.0,296.35,297.0,1365,0
2026-07-10 10:15:00+05:30,297.0,297.2,296.0,296.6,2054,0
2026-07-10 10:30:00+05:30,296.6,297.6,296.6,297.6,505,0
2026-07-10 10:45:00+05:30,297.0,297.3,296.15,297.3,447,0
2026-07-10 11:00:00+05:30,297.3,297.3,296.0,296.05,1352,0
2026-07-10 11:15:00+05:30,296.55,296.85,296.3,296.85,76,0
2026-07-10 11:30:00+05:30,296.85,296.95,296.2,296.6,260,0
2026-07-10 11:45:00+05:30,296.6,296.6,296.1,296.1,445,0
2026-07-10 12:00:00+05:30,296.1,296.7,296.0,296.0,485,0
2026-07-10 12:15:00+05:30,296.0,296.75,296.0,296.75,150,0
2026-07-10 12:30:00+05:30,296.0,296.0,295.0,295.0,2710,0
2026-07-10 12:45:00+05:30,295.0,295.1,295.0,295.0,200,0
2026-07-10 13:00:00+05:30,295.0,295.4,295.0,295.4,427,0
2026-07-10 13:15:00+05:30,295.4,295.4,294.6,295.35,2162,0
2026-07-10 13:30:00+05:30,295.35,296.0,295.35,296.0,2470,0
2026-07-10 13:45:00+05:30,296.55,296.95,296.5,296.95,220,0
2026-07-10 14:00:00+05:30,296.95,297.0,295.45,295.45,1710,0
2026-07-10 14:15:00+05:30,295.45,295.5,295.0,295.0,873,0
2026-07-10 14:30:00+05:30,295.0,295.0,293.5,293.85,1262,0
2026-07-10 14:45:00+05:30,293.85,293.95,292.1,292.65,756,0
2026-07-10 15:00:00+05:30,293.3,295.75,292.6,294.2,3454,0
2026-07-10 15:15:00+05:30,295.5,295.65,290.35,293.95,3601,0
2026-07-13 09:15:00+05:30,292.7,305.0,285.0,303.4,25506,0
2026-07-13 09:30:00+05:30,303.85,304.0,299.2,300.2,2857,0
2026-07-13 09:45:00+05:30,300.55,303.05,300.55,302.05,3085,0
2026-07-13 10:00:00+05:30,302.05,302.05,300.6,301.0,426,0
2026-07-13 10:15:00+05:30,301.0,307.05,300.65,305.75,17045,0
2026-07-13 10:30:00+05:30,305.9,306.85,303.65,304.8,1927,0
2026-07-13 10:45:00+05:30,304.8,306.9,304.05,305.3,5403,0
2026-07-13 11:00:00+05:30,305.0,309.4,302.8,309.0,13282,0
2026-07-13 11:15:00+05:30,309.55,321.0,309.4,319.0,81039,0
2026-07-13 11:30:00+05:30,319.85,321.9,318.0,318.8,44401,0
2026-07-13 11:45:00+05:30,318.6,326.5,316.2,324.8,87502,0
2026-07-13 12:00:00+05:30,325.35,326.8,322.0,322.0,79293,0
2026-07-13 12:15:00+05:30,322.2,322.9,314.6,317.3,48927,0
2026-07-13 12:30:00+05:30,316.65,320.15,315.3,318.75,24645,0
2026-07-13 12:45:00+05:30,318.75,319.0,316.2,319.0,7491,0
2026-07-13 13:00:00+05:30,319.0,321.0,315.1,315.4,10333,0
2026-07-13 13:15:00+05:30,316.0,316.1,312.35,313.8,21344,0
2026-07-13 13:30:00+05:30,313.8,316.2,313.05,314.3,4460,0
2026-07-13 13:45:00+05:30,314.1,315.45,313.3,315.25,3853,0
2026-07-13 14:00:00+05:30,315.1,317.65,314.5,316.9,7626,0
2026-07-13 14:15:00+05:30,316.9,316.9,312.0,313.1,6124,0
2026-07-13 14:30:00+05:30,313.0,316.45,312.0,313.4,17858,0
2026-07-13 14:45:00+05:30,313.4,315.3,312.55,314.55,3150,0
2026-07-13 15:00:00+05:30,314.35,317.9,314.1,314.85,14570,0
2026-07-13 15:15:00+05:30,315.25,318.0,312.0,317.95,22934,0
2026-07-14 09:15:00+05:30,315.1,317.0,312.5,314.7,6718,0
2026-07-14 09:30:00+05:30,314.95,315.9,312.65,312.65,1951,0
2026-07-14 09:45:00+05:30,312.6,313.55,308.85,308.9,7032,0
2026-07-14 10:00:00+05:30,308.95,309.9,308.35,309.85,3883,0
2026-07-14 10:15:00+05:30,309.85,311.95,309.35,309.65,5239,0
2026-07-14 10:30:00+05:30,309.2,310.4,306.0,309.25,6396,0
2026-07-14 10:45:00+05:30,309.3,310.05,308.55,309.25,629,0
2026-07-14 11:00:00+05:30,309.25,309.3,306.75,307.0,2237,0
2026-07-14 11:15:00+05:30,307.0,310.05,307.0,309.45,2165,0
2026-07-14 11:30:00+05:30,309.95,314.7,309.95,314.7,6671,0
2026-07-14 11:45:00+05:30,313.95,330.0,313.95,329.9,55457,0
2026-07-14 12:00:00+05:30,328.95,340.0,326.8,332.0,173942,0
2026-07-14 12:15:00+05:30,331.75,336.95,329.05,333.4,62420,0
2026-07-14 12:30:00+05:30,333.4,335.2,326.6,329.3,41172,0
2026-07-14 12:45:00+05:30,329.25,330.1,325.2,326.85,26113,0
2026-07-14 13:00:00+05:30,326.9,327.35,324.0,326.25,21536,0
2026-07-14 13:15:00+05:30,326.0,326.95,321.05,324.1,6959,0
2026-07-14 13:30:00+05:30,324.1,324.65,320.25,322.0,11045,0
2026-07-14 13:45:00+05:30,321.45,323.45,321.25,322.7,4049,0
2026-07-14 14:00:00+05:30,322.15,323.9,320.3,323.8,2967,0
2026-07-14 14:15:00+05:30,323.85,325.9,323.0,325.9,5643,0
2026-07-14 14:30:00+05:30,325.5,326.35,323.3,323.3,2111,0
2026-07-14 14:45:00+05:30,323.6,324.45,323.1,324.0,791,0
2026-07-14 15:00:00+05:30,323.8,324.0,315.75,319.0,18927,0
2026-07-14 15:15:00+05:30,318.8,319.45,315.1,318.65,23651,0
2026-07-15 09:15:00+05:30,319.7,325.15,318.7,324.6,24593,0
2026-07-15 09:30:00+05:30,323.8,327.9,322.85,326.6,17345,0
2026-07-15 09:45:00+05:30,327.6,330.0,325.1,326.5,24356,0
2026-07-15 10:00:00+05:30,326.65,329.4,324.75,325.3,10126,0
2026-07-15 10:15:00+05:30,325.25,326.1,323.3,323.55,3659,0
2026-07-15 10:30:00+05:30,323.8,324.25,323.0,323.05,3274,0
2026-07-15 10:45:00+05:30,323.0,323.35,321.5,322.05,2012,0
2026-07-15 11:00:00+05:30,322.05,322.35,321.0,321.25,3983,0
2026-07-15 11:15:00+05:30,321.25,321.25,318.6,319.15,1949,0
2026-07-15 11:30:00+05:30,318.9,319.15,316.3,317.7,3360,0
2026-07-15 11:45:00+05:30,317.7,318.25,315.95,317.15,1632,0
2026-07-15 12:00:00+05:30,317.1,320.0,317.05,318.9,3955,0
2026-07-15 12:15:00+05:30,318.9,319.45,318.3,318.3,165,0
2026-07-15 12:30:00+05:30,318.3,320.5,318.1,319.45,1435,0
2026-07-15 12:45:00+05:30,320.25,322.55,320.25,320.85,4218,0
2026-07-15 13:00:00+05:30,320.9,321.55,320.85,321.5,1723,0
2026-07-15 13:15:00+05:30,321.5,322.4,321.25,321.4,271,0
2026-07-15 13:30:00+05:30,321.4,323.9,321.4,323.0,554,0
2026-07-15 13:45:00+05:30,322.8,323.5,321.85,323.5,1229,0
2026-07-15 14:00:00+05:30,323.45,323.8,322.85,323.4,916,0
2026-07-15 14:15:00+05:30,323.4,324.8,323.4,324.0,1060,0
2026-07-15 14:30:00+05:30,323.8,324.0,323.2,324.0,1377,0
2026-07-15 14:45:00+05:30,324.0,324.75,322.4,322.45,6019,0
2026-07-15 15:00:00+05:30,322.45,325.0,322.25,324.5,6202,0
2026-07-15 15:15:00+05:30,324.5,325.0,322.0,322.0,9596,0
2026-07-16 09:15:00+05:30,324.0,330.0,323.05,323.05,14811,0
2026-07-16 09:30:00+05:30,323.1,326.55,323.1,326.55,2266,0
2026-07-16 09:45:00+05:30,326.0,329.0,326.0,327.9,3682,0
2026-07-16 10:00:00+05:30,327.95,327.95,323.0,324.0,3619,0
2026-07-16 10:15:00+05:30,324.0,325.0,321.35,322.35,1544,0
2026-07-16 10:30:00+05:30,322.0,322.8,320.0,321.75,5249,0
2026-07-16 10:45:00+05:30,321.45,321.6,317.3,319.35,3802,0
2026-07-16 11:00:00+05:30,319.35,321.7,319.35,321.7,1308,0
2026-07-16 11:15:00+05:30,321.7,321.7,320.05,320.05,842,0
2026-07-16 11:30:00+05:30,320.05,320.7,320.05,320.05,509,0
2026-07-16 11:45:00+05:30,320.5,329.4,320.5,328.95,9141,0
2026-07-16 12:00:00+05:30,327.5,328.9,325.3,326.85,2985,0
2026-07-16 12:15:00+05:30,326.85,326.85,325.35,326.15,804,0
2026-07-16 12:30:00+05:30,326.15,327.0,325.0,325.05,1050,0
2026-07-16 12:45:00+05:30,325.05,325.1,325.0,325.0,215,0
2026-07-16 13:00:00+05:30,325.0,325.55,325.0,325.2,210,0
2026-07-16 13:15:00+05:30,325.35,326.15,325.0,325.4,841,0
2026-07-16 13:30:00+05:30,325.4,325.4,325.0,325.0,925,0
2026-07-16 13:45:00+05:30,325.0,325.05,324.85,324.85,595,0
2026-07-16 14:00:00+05:30,325.0,325.75,324.85,325.55,1314,0
2026-07-16 14:15:00+05:30,325.55,325.75,325.55,325.75,360,0
2026-07-16 14:30:00+05:30,325.75,326.45,325.55,325.6,776,0
2026-07-16 14:45:00+05:30,326.0,327.0,325.3,325.3,783,0
2026-07-16 15:00:00+05:30,325.3,332.2,323.05,331.25,14122,0
2026-07-16 15:15:00+05:30,331.45,332.85,330.0,332.0,19278,0
2026-07-17 09:15:00+05:30,334.25,334.25,321.8,323.4,10993,0
2026-07-17 09:30:00+05:30,323.6,325.7,322.6,324.3,2986,0
2026-07-17 09:45:00+05:30,324.3,327.35,321.8,327.15,5000,0
2026-07-17 10:00:00+05:30,327.0,330.8,325.0,329.4,6990,0
2026-07-17 10:15:00+05:30,329.4,339.0,329.0,339.0,38750,0
2026-07-17 10:30:00+05:30,339.0,343.65,336.7,339.1,41509,0
2026-07-17 10:45:00+05:30,339.05,339.65,331.55,332.5,11304,0
2026-07-17 11:00:00+05:30,332.55,335.45,327.25,328.7,13122,0
2026-07-17 11:15:00+05:30,328.65,329.45,325.8,326.0,10588,0
2026-07-17 11:30:00+05:30,326.0,326.2,325.0,325.3,1936,0
2026-07-17 11:45:00+05:30,325.1,326.7,324.0,326.7,2473,0
2026-07-17 12:00:00+05:30,326.5,326.7,324.2,325.8,2785,0
2026-07-17 12:15:00+05:30,325.8,327.15,325.35,327.1,2081,0
2026-07-17 12:30:00+05:30,327.1,328.6,326.8,328.0,3848,0
2026-07-17 12:45:00+05:30,328.05,328.25,325.8,325.8,1496,0
2026-07-17 13:00:00+05:30,325.8,327.45,325.7,326.6,1600,0
2026-07-17 13:15:00+05:30,326.6,327.05,324.4,325.05,1108,0
2026-07-17 13:30:00+05:30,325.5,326.0,324.55,326.0,845,0
2026-07-17 13:45:00+05:30,326.0,326.0,323.05,323.85,2685,0
2026-07-17 14:00:00+05:30,323.8,324.9,323.6,324.75,960,0
2026-07-17 14:15:00+05:30,324.6,325.75,322.35,322.75,4746,0
2026-07-17 14:30:00+05:30,322.4,323.55,321.8,323.2,2020,0
2026-07-17 14:45:00+05:30,323.05,324.2,322.7,324.2,361,0
2026-07-17 15:00:00+05:30,324.2,331.0,323.6,331.0,10458,0
2026-07-17 15:15:00+05:30,331.65,333.05,328.05,331.6,13844,0
2026-07-20 09:15:00+05:30,332.0,332.0,327.7,327.95,6485,0
2026-07-20 09:30:00+05:30,327.15,338.95,327.1,338.95,10311,0
2026-07-20 09:45:00+05:30,338.75,340.0,336.85,339.2,12406,0
2026-07-20 10:00:00+05:30,339.2,339.2,337.0,339.0,5091,0
2026-07-20 10:15:00+05:30,339.0,341.0,338.65,339.8,8235,0
2026-07-20 10:30:00+05:30,339.3,344.6,338.3,339.2,13140,0
2026-07-20 10:45:00+05:30,338.4,350.4,337.55,344.0,68134,0
2026-07-20 11:00:00+05:30,343.7,346.05,341.6,344.2,11774,0
2026-07-20 11:15:00+05:30,343.55,343.55,341.65,342.2,3143,0
2026-07-20 11:30:00+05:30,342.2,343.75,338.55,342.2,14689,0
2026-07-20 11:45:00+05:30,342.2,342.2,340.65,341.75,2329,0
2026-07-20 12:00:00+05:30,341.75,353.5,341.7,353.15,39696,0
2026-07-20 12:15:00+05:30,353.5,353.5,348.45,350.6,42897,0
2026-07-20 12:30:00+05:30,350.4,351.6,347.2,348.1,16678,0
2026-07-20 12:45:00+05:30,347.6,350.8,347.05,349.45,10075,0
2026-07-20 13:00:00+05:30,349.5,351.0,348.1,348.7,6809,0
2026-07-20 13:15:00+05:30,348.9,350.2,348.3,349.0,2675,0
2026-07-20 13:30:00+05:30,348.95,351.0,348.3,349.2,6622,0
2026-07-20 13:45:00+05:30,349.45,351.0,348.2,348.5,6207,0
2026-07-20 14:00:00+05:30,348.5,350.45,348.15,350.2,2369,0
2026-07-20 14:15:00+05:30,350.2,351.4,349.15,350.85,4317,0
2026-07-20 14:30:00+05:30,350.9,350.95,348.6,350.0,6055,0
2026-07-20 14:45:00+05:30,350.1,354.8,348.15,354.8,15209,0
2026-07-20 15:00:00+05:30,354.65,354.75,351.45,351.75,10173,0
2026-07-20 15:15:00+05:30,351.65,355.0,348.65,354.0,30101,0
2026-07-21 09:15:00+05:30,355.45,363.8,348.15,360.2,35655,0
2026-07-21 09:30:00+05:30,359.8,361.05,355.0,355.45,15009,0
2026-07-21 09:45:00+05:30,356.2,363.25,355.45,361.75,17959,0
2026-07-21 10:00:00+05:30,361.75,361.75,355.9,358.35,7844,0
2026-07-21 10:15:00+05:30,358.1,358.65,356.05,356.3,2225,0
2026-07-21 10:30:00+05:30,356.9,357.45,354.0,355.1,5462,0
2026-07-21 10:45:00+05:30,354.95,356.9,354.0,354.0,3037,0
2026-07-21 11:00:00+05:30,353.4,355.55,351.4,353.6,5548,0
2026-07-21 11:15:00+05:30,353.7,355.0,353.25,355.0,1192,0
2026-07-21 11:30:00+05:30,355.0,355.0,353.6,354.85,1357,0
2026-07-21 11:45:00+05:30,354.85,360.0,354.05,359.55,7175,0
2026-07-21 12:00:00+05:30,359.6,359.65,354.0,356.15,2740,0
2026-07-21 12:15:00+05:30,356.75,356.75,351.0,354.5,7083,0
2026-07-21 12:30:00+05:30,354.5,356.0,353.9,356.0,4350,0
2026-07-21 12:45:00+05:30,355.55,358.1,355.3,356.0,3456,0
2026-07-21 13:00:00+05:30,356.5,356.8,354.85,355.85,3115,0
2026-07-21 13:15:00+05:30,355.85,356.7,354.6,356.7,714,0
2026-07-21 13:30:00+05:30,356.7,357.5,354.9,354.9,2643,0
2026-07-21 13:45:00+05:30,355.1,360.0,355.0,358.7,3960,0
2026-07-21 14:00:00+05:30,358.7,360.0,358.0,359.9,10003,0
2026-07-21 14:15:00+05:30,359.55,359.55,357.95,359.0,1739,0
2026-07-21 14:30:00+05:30,359.0,359.6,358.05,358.85,1975,0
2026-07-21 14:45:00+05:30,358.85,359.5,358.3,358.9,3516,0
2026-07-21 15:00:00+05:30,359.0,360.6,358.6,359.0,7384,0
2026-07-21 15:15:00+05:30,359.35,360.0,358.0,359.05,10923,0
2026-07-22 09:15:00+05:30,356.85,358.15,352.8,353.0,6224,0
2026-07-22 09:30:00+05:30,353.0,353.7,349.1,350.2,6608,0
2026-07-22 09:45:00+05:30,350.7,352.2,348.6,348.85,3534,0
2026-07-22 10:00:00+05:30,349.85,352.55,349.1,351.75,1190,0
2026-07-22 10:15:00+05:30,351.75,352.7,350.0,350.0,3540,0
2026-07-22 10:30:00+05:30,350.05,355.15,350.0,354.05,5847,0
2026-07-22 10:45:00+05:30,354.0,356.3,353.3,355.2,1669,0
2026-07-22 11:00:00+05:30,354.55,354.9,353.5,353.75,683,0
2026-07-22 11:15:00+05:30,353.45,354.7,352.95,354.05,2018,0
2026-07-22 11:30:00+05:30,353.65,353.65,352.35,352.5,264,0
2026-07-22 11:45:00+05:30,352.95,352.95,350.2,350.2,2499,0
2026-07-22 12:00:00+05:30,350.2,350.2,345.05,346.15,10595,0
2026-07-22 12:15:00+05:30,346.15,347.0,342.5,344.45,5726,0
2026-07-22 12:30:00+05:30,343.95,345.2,342.4,343.6,5796,0
2026-07-22 12:45:00+05:30,343.75,345.0,340.2,343.2,13633,0
2026-07-22 13:00:00+05:30,342.65,343.2,341.35,343.0,3306,0
2026-07-22 13:15:00+05:30,343.0,343.25,341.0,341.25,2059,0
2026-07-22 13:30:00+05:30,341.5,342.9,341.5,341.5,670,0
2026-07-22 13:45:00+05:30,341.65,342.35,340.65,341.2,5517,0
2026-07-22 14:00:00+05:30,341.05,344.2,340.5,342.5,4768,0
2026-07-22 14:15:00+05:30,342.5,344.55,342.35,342.7,588,0
2026-07-22 14:30:00+05:30,342.8,343.95,342.3,343.1,944,0
2026-07-22 14:45:00+05:30,343.15,344.4,342.55,342.55,2242,0
2026-07-22 15:00:00+05:30,342.55,343.1,340.55,341.35,4713,0
2026-07-22 15:15:00+05:30,341.55,342.65,339.0,339.65,9643,0
2026-07-23 09:15:00+05:30,345.0,351.95,338.2,344.8,12376,0
2026-07-23 09:30:00+05:30,344.8,346.8,342.1,342.15,3551,0
2026-07-23 09:45:00+05:30,342.8,346.6,341.4,345.55,2807,0
2026-07-23 10:00:00+05:30,346.05,348.5,346.05,348.15,1598,0
2026-07-23 10:15:00+05:30,348.15,348.15,345.6,345.6,1167,0
2026-07-23 10:30:00+05:30,345.6,347.2,345.0,347.2,1927,0
2026-07-23 10:45:00+05:30,347.1,348.1,346.4,348.1,1330,0
2026-07-23 11:00:00+05:30,348.0,351.15,348.0,350.25,3154,0
2026-07-23 11:15:00+05:30,350.3,350.65,348.3,348.95,478,0
2026-07-23 11:30:00+05:30,348.4,349.4,348.3,348.7,336,0
2026-07-23 11:45:00+05:30,348.35,348.35,346.0,346.05,1920,0
2026-07-23 12:00:00+05:30,346.75,347.1,346.5,346.5,679,0
2026-07-23 12:15:00+05:30,346.5,347.0,345.6,345.6,1157,0
2026-07-23 12:30:00+05:30,345.6,345.8,343.0,343.0,2638,0
2026-07-23 12:45:00+05:30,343.0,344.95,341.3,344.95,2072,0
2026-07-23 13:00:00+05:30,344.95,344.95,343.0,343.0,1003,0
2026-07-23 13:15:00+05:30,343.0,343.35,341.2,343.35,2230,0
2026-07-23 13:30:00+05:30,343.1,343.45,342.0,343.45,487,0
2026-07-23 13:45:00+05:30,343.45,343.6,342.9,342.9,223,0
2026-07-23 14:00:00+05:30,342.9,343.0,342.85,343.0,304,0
2026-07-23 14:15:00+05:30,343.0,346.35,342.75,345.55,989,0
2026-07-23 14:30:00+05:30,345.55,345.75,342.5,343.4,1805,0
2026-07-23 14:45:00+05:30,343.4,345.15,343.4,344.85,1598,0
2026-07-23 15:00:00+05:30,344.7,351.0,343.8,348.9,9087,0
2026-07-23 15:15:00+05:30,350.05,355.5,349.0,355.0,20228,0
2026-07-24 09:15:00+05:30,353.0,359.75,345.65,356.2,32781,0
2026-07-24 09:30:00+05:30,356.1,358.0,350.45,351.0,12215,0
2026-07-24 09:45:00+05:30,351.0,352.15,348.5,349.9,4819,0
2026-07-24 10:00:00+05:30,349.4,351.9,349.0,349.2,2292,0
2026-07-24 10:15:00+05:30,349.2,350.45,346.1,348.05,7082,0
2026-07-24 10:30:00+05:30,348.05,352.95,348.05,352.75,3902,0
2026-07-24 10:45:00+05:30,352.6,356.4,351.5,353.05,7054,0
2026-07-24 11:00:00+05:30,353.0,353.15,350.85,351.8,445,0
2026-07-24 11:15:00+05:30,351.2,359.1,350.8,356.85,26333,0
2026-07-24 11:30:00+05:30,356.85,361.9,356.3,360.1,12144,0
2026-07-24 11:45:00+05:30,360.2,360.35,358.25,359.0,4465,0
2026-07-24 12:00:00+05:30,359.0,361.5,355.95,361.0,7038,0
2026-07-24 12:15:00+05:30,361.0,361.0,357.3,358.85,3462,0
2026-07-24 12:30:00+05:30,359.55,360.5,358.35,359.75,2598,0
2026-07-24 12:45:00+05:30,359.75,360.3,357.5,359.1,2852,0
2026-07-24 13:00:00+05:30,359.1,360.2,356.3,358.5,3012,0
2026-07-24 13:15:00+05:30,357.85,358.5,357.05,357.55,777,0
2026-07-24 13:30:00+05:30,357.75,358.7,356.6,357.65,1683,0
2026-07-24 13:45:00+05:30,357.65,360.15,357.1,358.45,2135,0
2026-07-24 14:00:00+05:30,358.45,360.45,358.35,360.45,1177,0
2026-07-24 14:15:00+05:30,359.95,368.0,359.55,366.0,21924,0
2026-07-24 14:30:00+05:30,366.4,368.0,365.1,366.05,12854,0
2026-07-24 14:45:00+05:30,366.6,375.0,366.15,371.65,29937,0
2026-07-24 15:00:00+05:30,371.35,379.7,369.0,378.0,63397,0
2026-07-24 15:15:00+05:30,377.95,382.6,375.15,381.9,48508,0
2026-07-27 09:15:00+05:30,392.0,394.1,377.25,388.5,91380,0
2026-07-27 09:30:00+05:30,388.85,401.9,388.8,396.85,93557,0
2026-07-27 09:45:00+05:30,396.85,399.95,393.8,399.45,30664,0
2026-07-27 10:00:00+05:30,399.25,399.5,394.0,397.9,31117,0
2026-07-27 10:15:00+05:30,397.55,407.7,397.35,400.0,78535,0
2026-07-27 10:30:00+05:30,399.35,401.9,396.8,400.7,25170,0
2026-07-27 10:45:00+05:30,401.15,401.2,394.8,397.0,28283,0
2026-07-27 11:00:00+05:30,397.05,398.5,395.3,395.45,5372,0
2026-07-27 11:15:00+05:30,395.2,398.6,394.0,398.6,13387,0
2026-07-27 11:30:00+05:30,398.55,399.95,397.55,398.5,4850,0
2026-07-27 11:45:00+05:30,398.2,401.9,397.25,401.9,11559,0
2026-07-27 12:00:00+05:30,401.9,402.2,400.05,400.15,6932,0
2026-07-27 12:15:00+05:30,400.65,401.0,395.55,397.85,13790,0
2026-07-27 12:30:00+05:30,398.3,399.9,396.95,398.4,5131,0
2026-07-27 12:45:00+05:30,397.75,398.75,395.15,397.1,8554,0
2026-07-27 13:00:00+05:30,397.1,399.9,396.55,399.9,10367,0
2026-07-27 13:15:00+05:30,399.3,399.95,396.55,398.15,4250,0
2026-07-27 13:30:00+05:30,397.85,401.0,397.75,399.8,1978,0
2026-07-27 13:45:00+05:30,400.1,401.9,398.9,399.45,8772,0
2026-07-27 14:00:00+05:30,399.55,400.55,398.1,400.1,4151,0
2026-07-27 14:15:00+05:30,400.4,401.8,400.1,400.85,4468,0
2026-07-27 14:30:00+05:30,400.85,400.85,398.95,400.15,6558,0
2026-07-27 14:45:00+05:30,400.05,405.0,400.05,401.95,27957,0
2026-07-27 15:00:00+05:30,402.05,405.0,401.45,402.4,19158,0
2026-07-27 15:15:00+05:30,402.1,408.0,401.5,407.0,39144,0
2026-07-28 09:15:00+05:30,405.2,405.2,397.05,398.0,21098,0
2026-07-28 09:30:00+05:30,398.0,398.2,391.0,391.7,16858,0
2026-07-28 09:45:00+05:30,391.0,395.1,390.0,392.0,10239,0
2026-07-28 10:00:00+05:30,392.7,393.85,391.15,392.95,2941,0
2026-07-28 10:15:00+05:30,392.95,398.05,392.2,395.75,7679,0
2026-07-28 10:30:00+05:30,395.35,399.0,394.85,397.85,2955,0
2026-07-28 10:45:00+05:30,398.65,401.5,397.0,399.0,6240,0
2026-07-28 11:00:00+05:30,399.0,399.15,397.05,397.05,1980,0
2026-07-28 11:15:00+05:30,397.95,398.35,396.4,396.8,593,0
2026-07-28 11:30:00+05:30,397.0,397.4,396.0,397.4,1303,0
2026-07-28 11:45:00+05:30,397.95,400.0,397.0,398.6,3341,0
2026-07-28 12:00:00+05:30,398.6,399.4,397.6,398.3,1381,0
2026-07-28 12:15:00+05:30,398.35,399.0,397.4,398.0,1831,0
2026-07-28 12:30:00+05:30,398.0,399.0,397.7,398.8,1080,0
2026-07-28 12:45:00+05:30,398.25,399.0,397.95,399.0,4717,0
2026-07-28 13:00:00+05:30,398.7,399.4,398.0,398.0,509,0
2026-07-28 13:15:00+05:30,397.75,398.65,397.45,397.65,281,0
2026-07-28 13:30:00+05:30,397.65,398.0,397.05,397.5,2038,0
2026-07-28 13:45:00+05:30,397.25,397.85,397.2,397.85,252,0
2026-07-28 14:00:00+05:30,397.3,397.85,395.8,396.05,3701,0
2026-07-28 14:15:00+05:30,396.2,396.6,395.0,396.6,1675,0
2026-07-28 14:30:00+05:30,396.3,401.5,396.05,400.9,12779,0
2026-07-28 14:45:00+05:30,400.5,400.5,398.0,399.1,3150,0
2026-07-28 15:00:00+05:30,398.65,402.0,395.6,399.05,10112,0
2026-07-28 15:15:00+05:30,399.05,405.0,396.1,396.1,13914,0
2026-07-29 09:15:00+05:30,399.2,399.2,384.05,386.7,19065,0
2026-07-29 09:30:00+05:30,385.85,388.0,385.1,386.55,6834,0
2026-07-29 09:45:00+05:30,387.3,387.85,385.65,386.4,3518,0
2026-07-29 10:00:00+05:30,386.5,387.1,385.5,386.2,5148,0
2026-07-29 10:15:00+05:30,386.2,386.2,384.7,385.85,10415,0
2026-07-29 10:30:00+05:30,385.85,387.8,385.85,387.0,2757,0
2026-07-29 10:45:00+05:30,387.0,391.0,387.0,389.85,6359,0
2026-07-29 11:00:00+05:30,389.85,391.95,388.8,391.2,4273,0
2026-07-29 11:15:00+05:30,391.25,392.0,389.85,389.85,2320,0
2026-07-29 11:30:00+05:30,389.85,392.0,389.85,391.65,1495,0
2026-07-29 11:45:00+05:30,391.65,392.0,390.8,390.8,369,0
2026-07-29 12:00:00+05:30,390.4,390.8,389.8,390.75,950,0
2026-07-29 12:15:00+05:30,390.75,390.75,388.1,389.8,5201,0
2026-07-29 12:30:00+05:30,389.45,389.5,388.55,389.25,1297,0
2026-07-29 12:45:00+05:30,388.75,389.25,388.1,388.7,2635,0
2026-07-29 13:00:00+05:30,388.65,388.75,388.1,388.4,512,0
2026-07-29 13:15:00+05:30,388.75,390.15,388.75,389.7,2176,0
2026-07-29 13:30:00+05:30,389.25,389.55,388.65,388.65,484,0
2026-07-29 13:45:00+05:30,388.65,389.4,388.65,389.4,359,0
2026-07-29 14:00:00+05:30,389.05,389.05,387.8,388.05,1653,0
2026-07-29 14:15:00+05:30,388.05,389.45,388.05,388.35,553,0
2026-07-29 14:30:00+05:30,388.85,389.3,388.35,388.35,429,0
2026-07-29 14:45:00+05:30,388.35,389.9,388.0,389.4,2394,0
2026-07-29 15:00:00+05:30,389.4,391.35,389.1,391.0,2469,0
2026-07-29 15:15:00+05:30,391.05,393.0,388.2,388.4,14165,0
2026-07-30 09:15:00+05:30,390.15,390.15,379.0,379.0,15028,0
2026-07-30 09:30:00+05:30,379.0,382.25,373.15,375.5,18137,0
2026-07-30 09:45:00+05:30,375.45,377.5,373.75,375.0,10143,0
2026-07-30 10:00:00+05:30,375.0,379.55,375.0,376.75,3653,0
2026-07-30 10:15:00+05:30,376.0,377.95,375.35,377.0,4531,0
2026-07-30 10:30:00+05:30,376.6,378.0,376.2,377.95,1191,0
2026-07-30 10:45:00+05:30,377.9,378.5,377.0,377.1,2279,0
2026-07-30 11:00:00+05:30,377.1,379.0,377.1,378.15,4128,0
2026-07-30 11:15:00+05:30,378.4,379.45,378.3,379.45,1437,0
2026-07-30 11:30:00+05:30,379.45,379.8,377.65,377.65,3771,0
2026-07-30 11:45:00+05:30,378.1,378.1,374.05,375.0,3248,0
2026-07-30 12:00:00+05:30,374.8,375.4,373.0,374.65,2768,0
2026-07-30 12:15:00+05:30,374.65,374.65,370.8,372.35,7814,0
2026-07-30 12:30:00+05:30,372.15,373.0,370.0,373.0,3007,0
2026-07-30 12:45:00+05:30,373.0,374.5,372.2,372.25,2761,0
2026-07-30 13:00:00+05:30,372.25,372.9,369.55,371.1,2277,0
2026-07-30 13:15:00+05:30,371.25,371.55,368.6,371.5,2647,0
2026-07-30 13:30:00+05:30,371.5,377.0,370.0,375.4,4133,0
2026-07-30 13:45:00+05:30,375.4,377.0,372.4,375.75,3597,0
2026-07-30 14:00:00+05:30,375.75,375.75,370.7,372.1,4815,0
2026-07-30 14:15:00+05:30,372.1,377.5,372.1,376.5,20083,0
2026-07-30 14:30:00+05:30,377.2,378.65,375.3,376.2,2560,0
2026-07-30 14:45:00+05:30,375.75,376.85,374.9,376.15,814,0
2026-07-30 15:00:00+05:30,376.15,381.0,360.5,373.95,99039,0
2026-07-30 15:15:00+05:30,374.0,374.1,350.05,356.0,96094,0
2026-07-31 09:15:00+05:30,358.0,370.7,357.5,357.85,43550,0
2026-07-31 09:30:00+05:30,358.7,365.35,358.3,363.2,14954,0
2026-07-31 09:45:00+05:30,363.85,374.4,363.0,372.5,28757,0
2026-07-31 10:00:00+05:30,372.0,377.9,371.9,376.6,24447,0
2026-07-31 10:15:00+05:30,376.6,380.95,375.2,380.0,18155,0
2026-07-31 10:30:00+05:30,379.7,382.05,377.25,377.75,15455,0
2026-07-31 10:45:00+05:30,378.35,379.0,376.0,376.15,1812,0
2026-07-31 11:00:00+05:30,376.75,377.2,375.8,375.8,1331,0
2026-07-31 11:15:00+05:30,376.85,379.8,376.85,379.05,2519,0
2026-07-31 11:30:00+05:30,378.9,385.3,376.9,382.95,18082,0
2026-07-31 11:45:00+05:30,382.9,382.95,380.4,380.5,1487,0
2026-07-31 12:00:00+05:30,380.5,381.4,380.4,380.85,848,0
2026-07-31 12:15:00+05:30,380.85,383.65,380.7,383.65,3852,0
2026-07-31 12:30:00+05:30,383.0,383.95,382.3,382.3,5801,0
2026-07-31 12:45:00+05:30,382.95,383.65,382.2,382.2,2915,0
2026-07-31 13:00:00+05:30,382.2,383.8,381.1,381.95,1489,0
2026-07-31 13:15:00+05:30,381.1,382.0,380.45,382.0,2129,0
2026-07-31 13:30:00+05:30,382.0,382.25,381.15,381.2,600,0
2026-07-31 13:45:00+05:30,381.2,382.0,381.15,382.0,981,0
2026-07-31 14:00:00+05:30,381.35,384.7,381.0,383.2,6771,0
2026-07-31 14:15:00+05:30,383.2,402.8,383.2,401.65,64487,0
2026-07-31 14:30:00+05:30,402.0,402.35,394.4,397.15,52766,0
2026-07-31 14:45:00+05:30,396.75,396.85,393.0,393.0,17855,0
2026-07-31 15:00:00+05:30,393.5,396.45,393.5,395.5,16244,0
2026-07-31 15:15:00+05:30,395.55,397.45,392.0,397.45,22957,0
2026-08-03 09:15:00+05:30,401.0,403.2,395.0,399.65,29123,0
2026-08-03 09:30:00+05:30,400.3,409.0,400.0,405.2,18030,0
2026-08-03 09:45:00+05:30,405.1,416.95,404.4,413.95,48008,0
2026-08-03 10:00:00+05:30,414.0,415.0,410.75,412.0,17795,0
2026-08-03 10:15:00+05:30,412.0,423.45,412.0,416.95,78916,0
2026-08-03 10:30:00+05:30,416.35,421.0,415.95,419.55,12524,0
2026-08-03 10:45:00+05:30,420.3,427.5,419.8,426.6,49138,0
2026-08-03 11:00:00+05:30,426.5,426.7,417.0,419.45,36292,0
2026-08-03 11:15:00+05:30,419.0,420.45,417.1,420.05,6814,0
2026-08-03 11:30:00+05:30,420.8,447.95,420.8,436.6,255538,0
2026-08-03 11:45:00+05:30,436.3,437.35,428.55,430.05,73433,0
2026-08-03 12:00:00+05:30,430.15,431.1,427.45,429.5,18827,0
2026-08-03 12:15:00+05:30,429.2,431.95,425.0,428.75,23206,0
2026-08-03 12:30:00+05:30,428.7,428.7,420.4,420.4,36132,0
2026-08-03 12:45:00+05:30,420.55,420.8,416.35,417.85,43050,0
2026-08-03 13:00:00+05:30,417.9,420.75,417.6,419.95,16783,0
2026-08-03 13:15:00+05:30,419.95,421.3,418.3,419.65,21530,0
2026-08-03 13:30:00+05:30,419.8,420.5,419.0,419.8,9592,0
2026-08-03 13:45:00+05:30,419.8,420.95,418.4,418.6,8006,0
2026-08-03 14:00:00+05:30,418.6,420.0,417.95,419.15,7269,0
2026-08-03 14:15:00+05:30,419.05,419.8,418.05,419.4,3663,0
2026-08-03 14:30:00+05:30,419.4,420.5,418.5,420.0,14875,0
2026-08-03 14:45:00+05:30,419.9,420.2,417.0,417.6,6991,0
2026-08-03 15:00:00+05:30,417.65,420.4,416.4,419.15,16378,0
2026-08-03 15:15:00+05:30,419.2,420.0,416.0,419.0,21512,0
2026-08-04 09:15:00+05:30,419.05,424.0,413.05,420.0,38299,0
2026-08-04 09:30:00+05:30,420.0,420.0,416.0,416.05,5813,0
2026-08-04 09:45:00+05:30,416.0,420.0,414.0,419.0,19965,0
2026-08-04 10:00:00+05:30,418.25,418.45,416.05,416.8,2257,0
2026-08-04 10:15:00+05:30,416.8,417.75,416.3,417.1,506,0
2026-08-04 10:30:00+05:30,417.05,417.35,415.0,416.55,1854,0
2026-08-04 10:45:00+05:30,416.5,420.55,415.9,419.55,8577,0
2026-08-04 11:00:00+05:30,419.7,422.05,418.9,419.0,4193,0
2026-08-04 11:15:00+05:30,419.0,419.9,417.05,418.1,1193,0
2026-08-04 11:30:00+05:30,418.1,418.6,416.85,417.5,602,0
2026-08-04 11:45:00+05:30,417.5,419.3,417.3,419.1,783,0
2026-08-04 12:00:00+05:30,419.0,419.1,417.0,417.55,3344,0
2026-08-04 12:15:00+05:30,417.55,417.55,417.05,417.05,234,0
2026-08-04 12:30:00+05:30,417.45,417.45,417.1,417.1,264,0
2026-08-04 12:45:00+05:30,417.2,417.25,415.0,416.5,2999,0
2026-08-04 13:00:00+05:30,416.5,416.6,416.0,416.0,460,0
2026-08-04 13:15:00+05:30,416.0,416.35,415.6,416.3,670,0
2026-08-04 13:30:00+05:30,416.3,417.0,415.25,415.25,720,0
2026-08-04 13:45:00+05:30,415.25,415.3,410.4,413.4,8246,0
2026-08-04 14:00:00+05:30,413.4,415.0,412.5,415.0,868,0
2026-08-04 14:15:00+05:30,414.4,414.6,412.8,412.8,2405,0
2026-08-04 14:30:00+05:30,412.8,412.8,410.0,410.2,5215,0
2026-08-04 14:45:00+05:30,410.2,413.55,410.2,413.35,1470,0
2026-08-04 15:00:00+05:30,412.7,415.15,411.25,414.65,2304,0
2026-08-04 15:15:00+05:30,413.95,415.0,410.25,410.25,5516,0
2026-08-05 09:15:00+05:30,415.0,440.0,415.0,435.15,108619,0
2026-08-05 09:30:00+05:30,434.05,439.05,434.05,435.95,28349,0
2026-08-05 09:45:00+05:30,435.75,437.55,430.55,431.95,18538,0
2026-08-05 10:00:00+05:30,431.8,435.0,430.5,434.2,10741,0
2026-08-05 10:15:00+05:30,434.2,436.95,432.8,434.0,12601,0
2026-08-05 10:30:00+05:30,434.05,439.7,432.7,437.0,47097,0
2026-08-05 10:45:00+05:30,437.05,437.45,433.0,434.55,13731,0
2026-08-05 11:00:00+05:30,434.45,439.15,434.45,438.95,47648,0
2026-08-05 11:15:00+05:30,438.9,439.1,436.35,438.1,14897,0
2026-08-05 11:30:00+05:30,438.3,439.25,437.15,439.15,10165,0
2026-08-05 11:45:00+05:30,439.15,439.75,438.05,439.15,10596,0
2026-08-05 12:00:00+05:30,439.0,444.25,438.15,441.95,153539,0
2026-08-05 12:15:00+05:30,441.1,442.0,438.5,440.2,38529,0
2026-08-05 12:30:00+05:30,440.85,445.95,438.4,444.95,137986,0
2026-08-05 12:45:00+05:30,444.25,447.45,442.8,443.4,35630,0
2026-08-05 13:00:00+05:30,443.4,445.25,440.6,444.7,14958,0
2026-08-05 13:15:00+05:30,445.0,445.0,442.85,444.45,5848,0
2026-08-05 13:30:00+05:30,444.85,444.9,442.35,442.35,2620,0
2026-08-05 13:45:00+05:30,442.5,446.25,442.5,445.2,14959,0
2026-08-05 14:00:00+05:30,445.5,447.0,445.1,446.35,22196,0
2026-08-05 14:15:00+05:30,446.0,448.0,445.55,447.25,12458,0
2026-08-05 14:30:00+05:30,447.25,450.0,441.65,442.0,49888,0
2026-08-05 14:45:00+05:30,442.0,448.9,436.6,448.05,56579,0
2026-08-05 15:00:00+05:30,448.05,455.45,444.65,454.55,90988,0
2026-08-05 15:15:00+05:30,454.9,460.5,450.1,456.9,62212,0
2026-08-06 09:15:00+05:30,457.0,473.9,452.85,464.1,307880,0
2026-08-06 09:30:00+05:30,464.65,471.6,462.5,470.2,92376,0
2026-08-06 09:45:00+05:30,470.25,472.0,465.0,471.8,42065,0
2026-08-06 10:00:00+05:30,471.05,477.9,470.6,474.95,76148,0
2026-08-06 10:15:00+05:30,474.9,475.85,470.0,470.6,31472,0
2026-08-06 10:30:00+05:30,471.2,476.6,468.1,475.8,51971,0
2026-08-06 10:45:00+05:30,476.0,480.1,476.0,479.4,79560,0
2026-08-06 11:00:00+05:30,479.55,484.85,477.0,484.0,60390,0
2026-08-06 11:15:00+05:30,483.95,483.95,476.55,480.5,41778,0
2026-08-06 11:30:00+05:30,480.65,481.75,475.3,476.0,32215,0
2026-08-06 11:45:00+05:30,475.8,477.9,468.4,469.1,25547,0
2026-08-06 12:00:00+05:30,469.0,469.35,466.25,468.35,12987,0
2026-08-06 12:15:00+05:30,468.6,471.55,468.5,470.65,10970,0
2026-08-06 12:30:00+05:30,470.6,473.05,469.85,470.1,8251,0
2026-08-06 12:45:00+05:30,470.0,471.35,468.05,470.55,8819,0
2026-08-06 13:00:00+05:30,470.55,470.75,468.3,469.6,5496,0
2026-08-06 13:15:00+05:30,470.25,474.9,469.55,471.35,8321,0
2026-08-06 13:30:00+05:30,471.35,473.05,470.05,472.05,4923,0
2026-08-06 13:45:00+05:30,472.0,472.0,470.1,470.3,3668,0
2026-08-06 14:00:00+05:30,470.95,476.5,469.55,474.95,18482,0
2026-08-06 14:15:00+05:30,475.7,475.85,470.0,475.5,18259,0
2026-08-06 14:30:00+05:30,475.95,481.85,475.8,477.7,28061,0
2026-08-06 14:45:00+05:30,478.55,485.45,478.55,482.0,59321,0
2026-08-06 15:00:00+05:30,482.0,482.8,473.15,475.45,41716,0
2026-08-06 15:15:00+05:30,475.3,480.0,470.55,472.7,30628,0
2026-08-07 09:15:00+05:30,472.0,482.8,468.25,468.35,69138,0
2026-08-07 09:30:00+05:30,468.4,469.4,459.0,461.0,35685,0
2026-08-07 09:45:00+05:30,461.0,464.3,460.0,463.05,20681,0
2026-08-07 10:00:00+05:30,463.1,465.0,460.5,464.75,14972,0
2026-08-07 10:15:00+05:30,466.35,467.65,463.25,466.9,8692,0
2026-08-07 10:30:00+05:30,466.6,470.0,466.15,467.9,5799,0
2026-08-07 10:45:00+05:30,468.35,473.25,468.35,473.25,19064,0
2026-08-07 11:00:00+05:30,473.2,473.2,466.2,466.85,21332,0
2026-08-07 11:15:00+05:30,466.75,468.3,466.05,467.15,5629,0
2026-08-07 11:30:00+05:30,466.6,467.95,465.0,465.05,4731,0
2026-08-07 11:45:00+05:30,465.0,465.0,461.15,461.95,17472,0
2026-08-07 12:00:00+05:30,461.95,462.65,461.0,462.45,2148,0
2026-08-07 12:15:00+05:30,462.45,462.9,461.5,462.9,1112,0
2026-08-07 12:30:00+05:30,462.9,463.75,461.55,463.1,2165,0
2026-08-07 12:45:00+05:30,462.65,463.65,460.6,460.6,2406,0
2026-08-07 13:00:00+05:30,461.65,462.45,460.65,460.75,1411,0
2026-08-07 13:15:00+05:30,462.45,466.65,462.3,466.6,13161,0
2026-08-07 13:30:00+05:30,466.4,468.75,466.4,467.4,15284,0
2026-08-07 13:45:00+05:30,471.0,472.45,468.15,468.75,23164,0
2026-08-07 14:00:00+05:30,468.95,470.0,466.4,466.5,3482,0
2026-08-07 14:15:00+05:30,466.7,469.2,466.7,468.95,4077,0
2026-08-07 14:30:00+05:30,469.3,472.0,469.0,470.8,7276,0
2026-08-07 14:45:00+05:30,470.35,473.15,455.2,455.5,152588,0
2026-08-07 15:00:00+05:30,452.45,454.0,439.5,454.0,280866,0
2026-08-07 15:15:00+05:30,453.55,458.45,450.2,452.0,77209,0
2026-08-10 09:15:00+05:30,445.0,462.25,433.35,462.25,57854,0
2026-08-10 09:30:00+05:30,462.25,481.4,456.6,480.2,70323,0
2026-08-10 09:45:00+05:30,481.35,495.0,480.0,494.9,230722,0
2026-08-10 10:00:00+05:30,494.95,498.8,484.6,485.5,132884,0
2026-08-10 10:15:00+05:30,485.55,489.9,483.0,484.5,43679,0
2026-08-10 10:30:00+05:30,484.55,489.7,483.7,489.35,25376,0
2026-08-10 10:45:00+05:30,489.35,489.95,486.5,487.25,24065,0
2026-08-10 11:00:00+05:30,487.25,498.0,487.1,497.4,73489,0
2026-08-10 11:15:00+05:30,496.65,508.9,491.45,506.5,160381,0
2026-08-10 11:30:00+05:30,506.7,508.0,495.3,502.0,146001,0
2026-08-10 11:45:00+05:30,501.85,503.55,498.1,498.75,55608,0
2026-08-10 12:00:00+05:30,498.6,499.4,493.25,496.5,54670,0
2026-08-10 12:15:00+05:30,496.6,497.45,491.9,492.65,30846,0
2026-08-10 12:30:00+05:30,493.35,500.95,492.65,495.85,55822,0
2026-08-10 12:45:00+05:30,495.8,503.95,495.8,503.35,50884,0
2026-08-10 13:00:00+05:30,503.15,503.9,501.5,501.75,23960,0
2026-08-10 13:15:00+05:30,502.35,504.8,501.05,502.8,36997,0
2026-08-10 13:30:00+05:30,502.9,503.4,497.3,501.25,47765,0
2026-08-10 13:45:00+05:30,501.6,501.85,498.3,500.35,34036,0
2026-08-10 14:00:00+05:30,500.55,501.0,499.4,499.5,12469,0
2026-08-10 14:15:00+05:30,499.5,508.0,499.45,501.8,93741,0
2026-08-10 14:30:00+05:30,503.0,504.25,498.1,501.2,33424,0
2026-08-10 14:45:00+05:30,501.65,514.9,500.8,511.45,131357,0
2026-08-10 15:00:00+05:30,511.45,518.5,500.1,509.2,264829,0
2026-08-10 15:15:00+05:30,510.0,519.0,507.05,510.0,194319,0
2026-08-11 09:15:00+05:30,503.75,517.35,492.05,507.25,85690,0
2026-08-11 09:30:00+05:30,507.6,517.0,502.0,512.65,70174,0
2026-08-11 09:45:00+05:30,512.7,514.45,505.1,508.8,20081,0
2026-08-11 10:00:00+05:30,509.0,516.0,508.85,515.7,18565,0
2026-08-11 10:15:00+05:30,515.7,521.8,513.2,518.2,38515,0
2026-08-11 10:30:00+05:30,518.2,518.3,512.55,513.2,11149,0
2026-08-11 10:45:00+05:30,513.85,519.8,512.05,519.8,12359,0
2026-08-11 11:00:00+05:30,519.0,519.0,515.55,516.75,3259,0
2026-08-11 11:15:00+05:30,516.75,518.7,515.55,517.0,5793,0
2026-08-11 11:30:00+05:30,516.9,518.45,514.05,515.6,5901,0
2026-08-11 11:45:00+05:30,515.6,515.6,512.15,513.55,5301,0
2026-08-11 12:00:00+05:30,514.3,516.95,513.7,514.5,4261,0
2026-08-11 12:15:00+05:30,514.3,523.8,514.3,520.3,34698,0
2026-08-11 12:30:00+05:30,519.85,520.25,515.15,516.05,12474,0
2026-08-11 12:45:00+05:30,516.3,516.9,515.0,515.0,5549,0
2026-08-11 13:00:00+05:30,515.0,517.15,514.0,516.95,3432,0
2026-08-11 13:15:00+05:30,516.95,517.8,514.0,514.0,3907,0
2026-08-11 13:30:00+05:30,514.15,514.6,512.15,512.2,4365,0
2026-08-11 13:45:00+05:30,513.1,514.5,512.1,512.85,3214,0
2026-08-11 14:00:00+05:30,512.25,513.6,507.0,512.0,13918,0
2026-08-11 14:15:00+05:30,511.9,511.9,509.5,510.8,13111,0
2026-08-11 14:30:00+05:30,510.7,511.3,509.0,509.0,8986,0
2026-08-11 14:45:00+05:30,509.3,511.4,507.5,508.65,8153,0
2026-08-11 15:00:00+05:30,508.6,510.65,507.45,507.5,11414,0
2026-08-11 15:15:00+05:30,507.5,512.0,505.8,511.0,27521,0
2026-08-12 09:15:00+05:30,505.0,515.45,505.0,508.6,26393,0
2026-08-12 09:30:00+05:30,509.35,516.85,508.0,513.75,21469,0
2026-08-12 09:45:00+05:30,513.75,514.9,511.05,511.8,4455,0
2026-08-12 10:00:00+05:30,511.8,511.9,506.1,506.6,12748,0
2026-08-12 10:15:00+05:30,506.2,508.25,504.05,506.0,5581,0
2026-08-12 10:30:00+05:30,505.6,507.05,505.0,505.65,5090,0
2026-08-12 10:45:00+05:30,505.65,506.6,505.0,505.65,3985,0
2026-08-12 11:00:00+05:30,506.95,508.4,505.55,507.0,5159,0
2026-08-12 11:15:00+05:30,506.45,507.0,505.3,505.8,1356,0
2026-08-12 11:30:00+05:30,505.8,507.0,505.35,507.0,1908,0
2026-08-12 11:45:00+05:30,507.0,507.0,505.15,505.15,446,0
2026-08-12 12:00:00+05:30,505.1,508.95,505.1,507.05,3109,0
2026-08-12 12:15:00+05:30,507.0,511.0,506.0,507.2,11174,0
2026-08-12 12:30:00+05:30,507.8,508.1,503.55,504.4,9383,0
2026-08-12 12:45:00+05:30,504.4,506.0,503.35,505.0,5398,0
2026-08-12 13:00:00+05:30,504.35,506.95,504.3,506.25,1442,0
2026-08-12 13:15:00+05:30,506.15,507.9,506.15,506.65,1240,0
2026-08-12 13:30:00+05:30,506.65,506.8,504.2,504.6,1292,0
2026-08-12 13:45:00+05:30,504.6,505.0,503.1,503.15,4404,0
2026-08-12 14:00:00+05:30,504.95,505.95,504.35,505.0,2785,0
2026-08-12 14:15:00+05:30,504.25,504.25,502.05,502.05,2454,0
2026-08-12 14:30:00+05:30,502.05,503.2,502.0,503.05,2214,0
2026-08-12 14:45:00+05:30,502.5,503.1,496.9,497.75,8134,0
2026-08-12 15:00:00+05:30,498.3,500.0,495.0,495.0,12974,0
2026-08-12 15:15:00+05:30,495.85,496.25,488.8,494.8,16024,0
2026-08-13 09:15:00+05:30,499.9,499.9,487.55,489.5,11488,0
2026-08-13 09:30:00+05:30,489.5,490.45,480.55,485.1,23434,0
2026-08-13 09:45:00+05:30,484.3,487.95,483.55,485.4,10918,0
2026-08-13 10:00:00+05:30,485.4,490.0,485.1,485.45,7996,0
2026-08-13 10:15:00+05:30,486.05,486.65,482.55,482.85,2950,0
2026-08-13 10:30:00+05:30,483.4,483.4,480.9,480.9,13101,0
2026-08-13 10:45:00+05:30,480.9,484.4,478.65,483.75,2717,0
2026-08-13 11:00:00+05:30,483.5,483.55,479.15,480.6,4293,0
2026-08-13 11:15:00+05:30,480.6,483.0,478.55,479.25,6355,0
2026-08-13 11:30:00+05:30,479.75,481.95,479.05,480.9,2272,0
2026-08-13 11:45:00+05:30,481.15,481.7,479.05,480.05,5860,0
2026-08-13 12:00:00+05:30,480.0,481.25,480.0,480.35,634,0
2026-08-13 12:15:00+05:30,480.55,482.0,480.1,482.0,3776,0
2026-08-13 12:30:00+05:30,482.0,483.45,480.8,482.7,1261,0
2026-08-13 12:45:00+05:30,482.7,483.15,482.7,482.7,1689,0
2026-08-13 13:00:00+05:30,482.7,482.8,481.9,482.2,282,0
2026-08-13 13:15:00+05:30,482.2,482.55,480.0,480.0,1771,0
2026-08-13 13:30:00+05:30,480.25,481.95,480.0,481.75,1369,0
2026-08-13 13:45:00+05:30,481.2,482.15,480.55,482.0,1017,0
2026-08-13 14:00:00+05:30,482.0,482.05,480.6,481.35,671,0
2026-08-13 14:15:00+05:30,481.35,481.85,480.05,481.85,999,0
2026-08-13 14:30:00+05:30,481.85,481.85,480.25,480.25,2145,0
2026-08-13 14:45:00+05:30,480.55,481.8,480.25,481.4,5417,0
2026-08-13 15:00:00+05:30,481.35,486.1,478.0,485.05,19457,0
2026-08-13 15:15:00+05:30,485.75,490.5,485.75,487.5,8744,0
2026-08-14 09:15:00+05:30,486.2,507.65,486.2,505.0,29398,0
2026-08-14 09:30:00+05:30,504.9,508.45,497.0,501.45,19859,0
2026-08-14 09:45:00+05:30,500.7,501.95,497.55,501.75,8100,0
2026-08-14 10:00:00+05:30,501.65,501.95,498.15,498.15,4919,0
2026-08-14 10:15:00+05:30,498.35,501.0,497.1,499.35,5101,0
2026-08-14 10:30:00+05:30,499.2,502.0,498.25,501.95,4676,0
2026-08-14 10:45:00+05:30,501.95,514.0,501.5,512.8,41037,0
2026-08-14 11:00:00+05:30,512.75,513.15,505.05,506.45,11705,0
2026-08-14 11:15:00+05:30,506.55,518.95,505.4,517.1,45065,0
2026-08-14 11:30:00+05:30,517.6,519.95,513.1,515.55,46538,0
2026-08-14 11:45:00+05:30,515.75,516.8,506.05,508.5,30880,0
2026-08-14 12:00:00+05:30,508.5,509.4,505.4,507.5,10610,0
2026-08-14 12:15:00+05:30,507.75,509.35,507.1,507.35,2399,0
2026-08-14 12:30:00+05:30,507.95,509.0,507.3,508.35,5474,0
2026-08-14 12:45:00+05:30,508.3,514.4,508.0,514.4,8144,0
2026-08-14 13:00:00+05:30,514.5,515.0,510.85,511.5,8143,0
2026-08-14 13:15:00+05:30,511.85,516.0,510.0,515.8,17592,0
2026-08-14 13:30:00+05:30,515.9,519.9,513.05,514.75,28194,0
2026-08-14 13:45:00+05:30,514.8,517.05,513.55,515.45,3754,0
2026-08-14 14:00:00+05:30,515.4,515.6,510.9,512.5,7501,0
2026-08-14 14:15:00+05:30,512.55,514.0,511.05,513.65,6779,0
2026-08-14 14:30:00+05:30,513.6,517.5,512.85,515.0,10024,0
2026-08-14 14:45:00+05:30,515.1,518.0,507.95,517.05,40362,0
2026-08-14 15:00:00+05:30,517.05,520.0,515.0,518.4,23173,0
2026-08-14 15:15:00+05:30,518.5,521.4,513.0,513.0,65357,0
2026-08-17 09:15:00+05:30,519.0,519.0,508.05,510.95,13807,0
2026-08-17 09:30:00+05:30,510.95,512.9,510.1,511.9,3186,0
2026-08-17 09:45:00+05:30,512.0,515.0,505.0,511.65,21758,0
2026-08-17 10:00:00+05:30,510.95,511.55,509.05,509.15,2743,0
2026-08-17 10:15:00+05:30,508.8,512.2,508.3,510.2,3125,0
2026-08-17 10:30:00+05:30,510.5,519.5,510.4,512.7,25229,0
2026-08-17 10:45:00+05:30,511.7,520.5,511.6,518.6,12321,0
2026-08-17 11:00:00+05:30,517.9,517.95,516.1,517.95,3621,0
2026-08-17 11:15:00+05:30,517.6,517.95,515.25,515.25,2212,0
2026-08-17 11:30:00+05:30,515.2,517.3,515.2,517.3,2159,0
2026-08-17 11:45:00+05:30,516.55,523.0,515.55,521.0,16511,0
2026-08-17 12:00:00+05:30,520.75,523.0,519.0,519.0,8232,0
2026-08-17 12:15:00+05:30,519.1,521.75,519.0,520.95,4065,0
2026-08-17 12:30:00+05:30,520.95,522.0,520.0,521.4,4023,0
2026-08-17 12:45:00+05:30,521.45,524.0,520.0,522.55,12459,0
2026-08-17 13:00:00+05:30,523.0,524.7,522.0,522.0,5517,0
2026-08-17 13:15:00+05:30,522.0,523.35,521.05,521.2,2321,0
2026-08-17 13:30:00+05:30,522.0,522.4,520.0,521.35,1307,0
2026-08-17 13:45:00+05:30,522.05,522.05,518.95,520.0,2171,0
2026-08-17 14:00:00+05:30,520.0,521.25,519.4,519.75,642,0
2026-08-17 14:15:00+05:30,519.35,520.8,519.05,520.0,693,0
2026-08-17 14:30:00+05:30,520.9,521.0,517.25,517.35,5532,0
2026-08-17 14:45:00+05:30,518.3,518.8,516.5,517.7,4042,0
2026-08-17 15:00:00+05:30,517.7,521.65,515.35,518.65,10943,0
2026-08-17 15:15:00+05:30,519.6,523.0,518.45,522.2,19012,0
2026-08-18 09:15:00+05:30,522.95,522.95,512.1,513.4,10779,0
2026-08-18 09:30:00+05:30,513.4,514.8,511.0,513.5,9014,0
2026-08-18 09:45:00+05:30,513.5,513.5,509.4,511.4,6682,0
2026-08-18 10:00:00+05:30,511.4,511.4,510.3,510.3,663,0
2026-08-18 10:15:00+05:30,510.35,510.95,507.6,509.45,3465,0
2026-08-18 10:30:00+05:30,509.45,509.45,508.0,508.6,1931,0
2026-08-18 10:45:00+05:30,508.6,509.5,506.35,506.5,7611,0
2026-08-18 11:00:00+05:30,507.0,507.0,504.25,505.6,4271,0
2026-08-18 11:15:00+05:30,505.5,507.45,504.65,507.3,3719,0
2026-08-18 11:30:00+05:30,507.05,508.2,505.5,505.5,3367,0
2026-08-18 11:45:00+05:30,505.5,508.85,505.5,508.85,2972,0
2026-08-18 12:00:00+05:30,508.6,508.6,507.35,507.55,1490,0
2026-08-18 12:15:00+05:30,508.0,508.0,507.0,507.4,1705,0
2026-08-18 12:30:00+05:30,507.0,507.9,506.0,506.8,2724,0
2026-08-18 12:45:00+05:30,506.8,517.4,506.8,516.0,18732,0
2026-08-18 13:00:00+05:30,516.0,519.8,514.5,518.3,6157,0
2026-08-18 13:15:00+05:30,517.55,519.45,514.3,516.3,6996,0
2026-08-18 13:30:00+05:30,516.3,519.0,514.95,517.0,5929,0
2026-08-18 13:45:00+05:30,517.15,518.0,516.85,517.25,1519,0
2026-08-18 14:00:00+05:30,517.25,517.25,512.65,514.2,6521,0
2026-08-18 14:15:00+05:30,514.2,514.95,512.05,514.0,2227,0
2026-08-18 14:30:00+05:30,513.85,516.45,513.5,513.5,2523,0
2026-08-18 14:45:00+05:30,513.5,514.1,512.3,514.1,796,0
2026-08-18 15:00:00+05:30,513.85,514.2,512.0,513.65,5693,0
2026-08-18 15:15:00+05:30,513.8,515.0,509.0,509.0,6521,0
2026-08-19 09:15:00+05:30,509.2,512.5,506.55,510.25,5953,0
2026-08-19 09:30:00+05:30,509.35,518.95,508.75,512.05,33368,0
2026-08-19 09:45:00+05:30,512.1,514.85,512.05,513.45,8879,0
2026-08-19 10:00:00+05:30,513.5,514.45,507.5,507.5,14441,0
2026-08-19 10:15:00+05:30,507.5,508.8,507.4,508.0,4797,0
2026-08-19 10:30:00+05:30,507.9,508.75,502.85,506.0,9022,0
2026-08-19 10:45:00+05:30,506.0,507.95,505.05,507.0,2267,0
2026-08-19 11:00:00+05:30,507.25,508.0,507.0,507.3,1265,0
2026-08-19 11:15:00+05:30,507.3,510.0,507.3,510.0,2941,0
2026-08-19 11:30:00+05:30,508.7,509.55,507.2,507.7,1192,0
2026-08-19 11:45:00+05:30,508.05,509.0,507.05,508.5,1316,0
2026-08-19 12:00:00+05:30,508.6,509.9,508.5,509.3,475,0
2026-08-19 12:15:00+05:30,509.3,510.6,505.55,507.05,5230,0
2026-08-19 12:30:00+05:30,507.5,508.25,506.8,508.25,2807,0
2026-08-19 12:45:00+05:30,507.5,508.8,506.8,506.8,1456,0
2026-08-19 13:00:00+05:30,506.8,507.45,505.05,505.7,3823,0
2026-08-19 13:15:00+05:30,505.7,505.7,502.0,505.4,4014,0
2026-08-19 13:30:00+05:30,504.75,504.75,503.0,503.55,619,0
2026-08-19 13:45:00+05:30,503.55,504.2,502.0,502.05,3343,0
2026-08-19 14:00:00+05:30,502.15,504.45,500.25,500.6,7106,0
2026-08-19 14:15:00+05:30,500.6,501.3,494.0,500.8,18552,0
2026-08-19 14:30:00+05:30,500.8,502.95,500.0,502.4,9205,0
2026-08-19 14:45:00+05:30,501.8,503.55,501.8,503.2,3908,0
2026-08-19 15:00:00+05:30,503.2,503.2,500.0,500.9,6703,0
2026-08-19 15:15:00+05:30,500.9,503.0,500.0,503.0,13651,0
2026-08-20 09:15:00+05:30,506.1,534.4,506.1,530.7,135000,0
2026-08-20 09:30:00+05:30,530.4,541.0,529.2,532.5,124934,0
2026-08-20 09:45:00+05:30,532.54,535.29,530.7,533.6,15374,0
2026-08-20 10:00:00+05:30,533.35,533.35,525.0,527.9,36448,0
2026-08-20 10:15:00+05:30,528.75,528.95,525.15,527.65,6972,0
2026-08-20 10:30:00+05:30,527.75,536.5,526.0,534.6,24700,0
2026-08-20 10:45:00+05:30,534.35,534.54,529.9,531.65,3409,0
2026-08-20 11:00:00+05:30,531.0,532.15,528.0,529.7,4965,0
2026-08-20 11:15:00+05:30,529.7,531.45,528.6,530.85,4353,0
2026-08-20 11:30:00+05:30,530.85,530.95,529.6,530.85,2208,0
2026-08-20 11:45:00+05:30,530.2,533.95,530.2,532.5,8267,0
2026-08-20 12:00:00+05:30,532.5,532.7,530.95,531.79,3118,0
2026-08-20 12:15:00+05:30,531.79,531.79,527.0,528.65,5999,0
2026-08-20 12:30:00+05:30,529.0,529.54,525.0,527.7,7888,0
2026-08-20 12:45:00+05:30,528.2,528.45,525.0,525.0,2680,0
2026-08-20 13:00:00+05:30,525.0,526.95,525.0,526.4,3519,0
2026-08-20 13:15:00+05:30,526.35,529.45,526.35,527.2,2956,0
2026-08-20 13:30:00+05:30,527.2,527.2,525.6,526.7,1502,0
2026-08-20 13:45:00+05:30,526.75,528.04,526.75,526.79,1386,0
2026-08-20 14:00:00+05:30,526.95,527.6,526.95,527.54,691,0
2026-08-20 14:15:00+05:30,527.45,533.5,527.29,531.0,21703,0
2026-08-20 14:30:00+05:30,530.95,533.75,527.7,527.79,12116,0
2026-08-20 14:45:00+05:30,528.0,530.5,526.45,530.04,6883,0
2026-08-20 15:00:00+05:30,530.04,530.9,525.0,530.9,21886,0
2026-08-20 15:15:00+05:30,530.5,532.0,526.35,529.54,32067,0
2026-08-21 09:15:00+05:30,530.05,531.0,521.55,529.65,21662,0
2026-08-21 09:30:00+05:30,529.75,534.8,528.0,528.9,11526,0
2026-08-21 09:45:00+05:30,528.45,535.0,528.05,531.85,6451,0
2026-08-21 10:00:00+05:30,531.8,546.8,531.55,543.75,54473,0
2026-08-21 10:15:00+05:30,543.1,546.95,542.9,544.25,11077,0
2026-08-21 10:30:00+05:30,544.9,545.1,542.0,542.7,4741,0
2026-08-21 10:45:00+05:30,542.9,543.25,540.0,543.05,8244,0
2026-08-21 11:00:00+05:30,543.5,544.8,541.0,542.4,10977,0
2026-08-21 11:15:00+05:30,542.25,544.95,541.6,543.0,4877,0
2026-08-21 11:30:00+05:30,543.1,546.0,543.0,543.65,7021,0
2026-08-21 11:45:00+05:30,544.3,548.0,543.05,547.4,12365,0
2026-08-21 12:00:00+05:30,547.0,548.0,545.0,546.25,8230,0
2026-08-21 12:15:00+05:30,546.3,548.4,545.85,548.0,6105,0
2026-08-21 12:30:00+05:30,548.0,564.9,548.0,561.0,81479,0
2026-08-21 12:45:00+05:30,561.0,574.95,560.4,572.95,71388,0
2026-08-21 13:00:00+05:30,572.8,574.95,562.0,563.55,55400,0
2026-08-21 13:15:00+05:30,564.0,566.45,562.1,563.9,15057,0
2026-08-21 13:30:00+05:30,563.55,565.0,562.1,562.55,14063,0
2026-08-21 13:45:00+05:30,562.6,566.55,562.5,565.7,6136,0
2026-08-21 14:00:00+05:30,565.8,571.0,563.65,563.65,37343,0
2026-08-21 14:15:00+05:30,564.7,571.0,564.35,569.15,28460,0
2026-08-21 14:30:00+05:30,569.0,570.95,564.6,566.15,15997,0
2026-08-21 14:45:00+05:30,566.6,567.45,564.3,566.5,18380,0
2026-08-21 15:00:00+05:30,566.7,569.9,562.2,568.25,27246,0
2026-08-21 15:15:00+05:30,567.95,568.75,560.1,560.3,26754,0
2026-08-24 09:15:00+05:30,567.0,582.45,567.0,582.45,183802,0
2026-08-24 09:30:00+05:30,582.0,594.0,580.7,586.5,126987,0
2026-08-24 09:45:00+05:30,586.1,590.15,583.05,588.0,24751,0
2026-08-24 10:00:00+05:30,587.4,590.95,586.05,589.5,14764,0
2026-08-24 10:15:00+05:30,589.05,590.35,587.05,588.0,7112,0
2026-08-24 10:30:00+05:30,588.0,601.95,586.05,600.3,115517,0
2026-08-24 10:45:00+05:30,599.55,625.15,599.0,618.0,146235,0
2026-08-24 11:00:00+05:30,618.05,625.0,614.4,615.05,80479,0
2026-08-24 11:15:00+05:30,615.8,619.8,612.5,617.15,41923,0
2026-08-24 11:30:00+05:30,616.5,619.9,612.5,619.75,26666,0
2026-08-24 11:45:00+05:30,619.0,622.0,617.0,618.1,31045,0
2026-08-24 12:00:00+05:30,618.75,619.55,610.0,610.9,28467,0
2026-08-24 12:15:00+05:30,611.55,615.0,610.05,612.35,13264,0
2026-08-24 12:30:00+05:30,611.8,611.8,607.05,608.55,20049,0
2026-08-24 12:45:00+05:30,608.35,610.4,601.35,604.6,29471,0
2026-08-24 13:00:00+05:30,604.55,608.65,604.1,608.65,17631,0
2026-08-24 13:15:00+05:30,609.0,612.95,607.25,612.15,8449,0
2026-08-24 13:30:00+05:30,612.15,612.7,608.0,610.95,11658,0
2026-08-24 13:45:00+05:30,610.95,614.75,608.25,611.8,12608,0
2026-08-24 14:00:00+05:30,611.35,613.95,609.9,613.7,6695,0
2026-08-24 14:15:00+05:30,613.7,613.75,610.0,611.0,5241,0
2026-08-24 14:30:00+05:30,610.4,618.0,609.1,616.5,21634,0
2026-08-24 14:45:00+05:30,616.1,620.0,614.9,618.85,19870,0
2026-08-24 15:00:00+05:30,618.3,618.9,604.25,605.9,55209,0
2026-08-24 15:15:00+05:30,605.95,617.0,605.65,611.95,43696,0
2026-08-25 09:15:00+05:30,611.95,616.45,598.1,600.5,51900,0
2026-08-25 09:30:00+05:30,600.9,607.2,597.0,600.9,28476,0
2026-08-25 09:45:00+05:30,600.8,611.0,600.0,604.05,33094,0
2026-08-25 10:00:00+05:30,604.2,604.2,597.0,603.0,14479,0
2026-08-25 10:15:00+05:30,602.5,602.5,591.55,595.25,14947,0
2026-08-25 10:30:00+05:30,595.3,597.05,595.25,595.8,3214,0
2026-08-25 10:45:00+05:30,596.0,596.0,592.75,594.0,5113,0
2026-08-25 11:00:00+05:30,593.9,597.8,593.55,597.25,3882,0
2026-08-25 11:15:00+05:30,597.05,598.05,595.85,596.65,1934,0
2026-08-25 11:30:00+05:30,596.65,597.0,595.1,595.1,3905,0
2026-08-25 11:45:00+05:30,595.1,596.0,594.8,594.8,2341,0
2026-08-25 12:00:00+05:30,594.8,595.0,592.05,593.95,3575,0
2026-08-25 12:15:00+05:30,594.05,596.0,591.7,595.85,3537,0
2026-08-25 12:30:00+05:30,595.6,595.6,594.05,594.9,752,0
2026-08-25 12:45:00+05:30,595.0,598.45,595.0,596.05,3163,0
2026-08-25 13:00:00+05:30,596.5,596.6,594.55,595.0,871,0
2026-08-25 13:15:00+05:30,594.55,594.9,591.25,593.4,4585,0
2026-08-25 13:30:00+05:30,592.85,596.95,592.3,594.95,4942,0
2026-08-25 13:45:00+05:30,594.6,606.25,593.85,605.6,10375,0
2026-08-25 14:00:00+05:30,605.6,611.55,603.1,605.45,16392,0
2026-08-25 14:15:00+05:30,605.65,610.55,604.2,610.55,10124,0
2026-08-25 14:30:00+05:30,610.25,610.8,607.25,608.0,3779,0
2026-08-25 14:45:00+05:30,608.0,608.5,607.0,608.15,4322,0
2026-08-25 15:00:00+05:30,608.15,611.0,604.0,608.8,19656,0
2026-08-25 15:15:00+05:30,608.9,612.0,607.0,612.0,20768,0
2026-08-26 09:15:00+05:30,613.0,613.0,600.0,600.05,13237,0
2026-08-26 09:30:00+05:30,600.15,605.15,599.0,605.0,8643,0
2026-08-26 09:45:00+05:30,605.15,605.15,600.55,603.45,3524,0
2026-08-26 10:00:00+05:30,603.45,605.0,600.0,603.7,11912,0
2026-08-26 10:15:00+05:30,603.7,604.95,601.1,601.35,3311,0
2026-08-26 10:30:00+05:30,601.35,602.6,600.35,601.25,1967,0
2026-08-26 10:45:00+05:30,601.25,603.35,600.55,601.0,4026,0
2026-08-26 11:00:00+05:30,601.0,603.0,600.05,603.0,6114,0
2026-08-26 11:15:00+05:30,603.0,603.0,600.8,601.3,2140,0
2026-08-26 11:30:00+05:30,601.3,602.6,600.3,601.05,1930,0
2026-08-26 11:45:00+05:30,601.5,601.5,600.05,600.05,1170,0
2026-08-26 12:00:00+05:30,600.05,601.2,600.0,600.0,3792,0
2026-08-26 12:15:00+05:30,600.0,604.8,600.0,604.0,11087,0
2026-08-26 12:30:00+05:30,604.0,607.45,602.45,606.6,15628,0
2026-08-26 12:45:00+05:30,607.55,608.8,606.8,607.4,1331,0
2026-08-26 13:00:00+05:30,607.9,611.25,606.6,608.4,11954,0
2026-08-26 13:15:00+05:30,608.95,612.5,607.75,609.05,15813,0
2026-08-26 13:30:00+05:30,609.3,609.75,607.2,607.2,1562,0
2026-08-26 13:45:00+05:30,607.95,608.55,606.9,606.95,1789,0
2026-08-26 14:00:00+05:30,606.6,608.4,606.2,608.25,663,0
2026-08-26 14:15:00+05:30,607.55,607.55,605.2,605.3,1280,0
2026-08-26 14:30:00+05:30,605.45,606.0,603.0,603.0,5790,0
2026-08-26 14:45:00+05:30,603.6,605.35,601.9,603.0,4970,0
2026-08-26 15:00:00+05:30,603.4,604.1,600.0,601.8,5829,0
2026-08-26 15:15:00+05:30,601.5,603.05,600.0,602.8,7282,0
2026-08-27 09:15:00+05:30,602.85,609.8,601.65,608.0,18816,0
2026-08-27 09:30:00+05:30,608.05,609.8,605.0,606.9,12002,0
2026-08-27 09:45:00+05:30,606.5,609.8,605.65,606.55,6937,0
2026-08-27 10:00:00+05:30,606.4,607.15,605.05,606.4,1670,0
2026-08-27 10:15:00+05:30,605.9,607.0,605.0,606.25,7501,0
2026-08-27 10:30:00+05:30,606.9,609.45,606.5,606.55,4526,0
2026-08-27 10:45:00+05:30,606.55,608.25,606.55,607.15,767,0
2026-08-27 11:00:00+05:30,607.15,607.85,602.35,603.0,5182,0
2026-08-27 11:15:00+05:30,603.0,604.9,600.05,602.4,2361,0
2026-08-27 11:30:00+05:30,601.85,604.6,601.1,602.15,2522,0
2026-08-27 11:45:00+05:30,602.15,602.15,600.05,601.75,1938,0
2026-08-27 12:00:00+05:30,601.75,601.75,597.2,597.25,3143,0
2026-08-27 12:15:00+05:30,597.35,598.0,593.15,593.45,3810,0
2026-08-27 12:30:00+05:30,594.1,597.7,593.95,596.6,2504,0
2026-08-27 12:45:00+05:30,596.55,596.95,594.3,595.0,1867,0
2026-08-27 13:00:00+05:30,595.0,595.2,592.35,592.55,1997,0
2026-08-27 13:15:00+05:30,592.5,594.1,592.05,592.2,1612,0
2026-08-27 13:30:00+05:30,592.2,594.4,592.2,593.05,586,0
2026-08-27 13:45:00+05:30,593.45,595.6,587.35,589.05,14742,0
2026-08-27 14:00:00+05:30,589.0,589.95,588.6,589.5,947,0
2026-08-27 14:15:00+05:30,590.0,591.35,589.8,590.4,14801,0
2026-08-27 14:30:00+05:30,590.5,592.0,588.1,591.35,7103,0
2026-08-27 14:45:00+05:30,592.0,593.35,591.15,591.25,1629,0
2026-08-27 15:00:00+05:30,591.8,593.2,588.5,590.0,4114,0
2026-08-27 15:15:00+05:30,589.65,590.0,587.0,590.0,6493,0
2026-08-28 09:15:00+05:30,590.0,593.0,585.55,591.85,11570,0
2026-08-28 09:30:00+05:30,591.7,596.95,589.1,591.5,11101,0
2026-08-28 09:45:00+05:30,591.5,591.5,580.05,580.9,6269,0
2026-08-28 10:00:00+05:30,580.85,584.35,578.3,583.4,7481,0
2026-08-28 10:15:00+05:30,583.2,588.3,582.65,586.05,4176,0
2026-08-28 10:30:00+05:30,586.45,586.95,581.55,582.75,6164,0
2026-08-28 10:45:00+05:30,583.1,585.75,582.6,585.0,2541,0
2026-08-28 11:00:00+05:30,585.85,587.45,582.4,585.05,8330,0
2026-08-28 11:15:00+05:30,585.35,588.95,585.05,588.95,1255,0
2026-08-28 11:30:00+05:30,588.05,588.9,586.5,588.2,3931,0
2026-08-28 11:45:00+05:30,588.35,588.35,586.5,587.05,873,0
2026-08-28 12:00:00+05:30,586.5,587.35,585.4,586.1,1385,0
2026-08-28 12:15:00+05:30,586.6,591.0,586.3,589.6,3136,0
2026-08-28 12:30:00+05:30,590.3,593.45,589.95,593.25,3028,0
2026-08-28 12:45:00+05:30,593.25,593.25,592.0,592.0,905,0
2026-08-28 13:00:00+05:30,592.0,592.1,590.5,591.0,1017,0
2026-08-28 13:15:00+05:30,591.0,591.0,588.05,589.5,2664,0
2026-08-28 13:30:00+05:30,588.25,591.9,586.2,586.45,2987,0
2026-08-28 13:45:00+05:30,586.45,587.2,585.0,587.15,1151,0
2026-08-28 14:00:00+05:30,587.15,592.5,585.25,591.0,6658,0
2026-08-28 14:15:00+05:30,591.4,599.8,589.5,597.75,17669,0
2026-08-28 14:30:00+05:30,598.45,612.15,594.3,597.05,67087,0
2026-08-28 14:45:00+05:30,597.95,611.95,595.9,604.0,55878,0
2026-08-28 15:00:00+05:30,603.7,606.0,600.75,604.0,19568,0
2026-08-28 15:15:00+05:30,604.0,605.0,598.8,601.7,31296,0
2026-08-31 09:15:00+05:30,606.8,608.9,593.5,595.9,36228,0
2026-08-31 09:30:00+05:30,595.3,595.85,585.0,588.25,19139,0
2026-08-31 09:45:00+05:30,588.25,605.0,587.35,602.35,24745,0
2026-08-31 10:00:00+05:30,602.5,603.8,595.7,598.0,8335,0
2026-08-31 10:15:00+05:30,597.85,602.0,596.0,601.2,11619,0
2026-08-31 10:30:00+05:30,600.45,607.0,593.45,596.15,24471,0
2026-08-31 10:45:00+05:30,596.65,597.85,593.8,594.75,4359,0
2026-08-31 11:00:00+05:30,594.85,601.85,592.0,599.7,12824,0
2026-08-31 11:15:00+05:30,600.7,602.95,598.0,598.5,9439,0
2026-08-31 11:30:00+05:30,598.5,598.5,596.3,597.95,5542,0
2026-08-31 11:45:00+05:30,598.75,598.9,597.6,598.2,1957,0
2026-08-31 12:00:00+05:30,598.25,599.75,597.4,599.0,2515,0
2026-08-31 12:15:00+05:30,598.65,601.0,597.55,599.0,2761,0
2026-08-31 12:30:00+05:30,599.0,600.0,598.0,599.8,2233,0
2026-08-31 12:45:00+05:30,599.65,600.0,596.5,598.2,4472,0
2026-08-31 13:00:00+05:30,598.2,599.65,596.05,597.0,2195,0
2026-08-31 13:15:00+05:30,597.0,597.75,596.05,596.65,538,0
2026-08-31 13:30:00+05:30,596.65,598.3,595.4,596.5,3494,0
2026-08-31 13:45:00+05:30,596.45,598.75,595.35,595.35,841,0
2026-08-31 14:00:00+05:30,595.85,596.25,593.5,595.5,1248,0
2026-08-31 14:15:00+05:30,595.5,598.25,595.0,596.3,2338,0
2026-08-31 14:30:00+05:30,596.3,599.95,596.3,599.3,3047,0
2026-08-31 14:45:00+05:30,599.3,602.75,599.3,602.75,8997,0
2026-08-31 15:00:00+05:30,602.45,603.0,596.3,601.55,7299,0
2026-08-31 15:15:00+05:30,600.9,602.0,596.3,602.0,7687,0
2026-09-01 09:15:00+05:30,603.3,605.35,592.75,592.95,13870,0
2026-09-01 09:30:00+05:30,593.0,595.7,590.25,591.3,7289,0
2026-09-01 09:45:00+05:30,592.0,592.8,582.5,584.7,13524,0
2026-09-01 10:00:00+05:30,585.4,587.4,583.1,586.4,4239,0
2026-09-01 10:15:00+05:30,586.4,587.45,586.0,586.05,1397,0
2026-09-01 10:30:00+05:30,586.05,586.1,580.0,585.2,6297,0
2026-09-01 10:45:00+05:30,585.2,588.85,582.0,587.95,3864,0
2026-09-01 11:00:00+05:30,587.8,588.8,586.0,588.1,2513,0
2026-09-01 11:15:00+05:30,588.9,593.85,588.55,589.3,7395,0
2026-09-01 11:30:00+05:30,589.75,598.8,589.0,593.6,6844,0
2026-09-01 11:45:00+05:30,595.1,595.8,592.15,593.2,5490,0
2026-09-01 12:00:00+05:30,592.6,594.5,590.7,593.45,1724,0
2026-09-01 12:15:00+05:30,593.0,593.1,587.0,588.0,6491,0
2026-09-01 12:30:00+05:30,588.0,590.6,587.75,589.75,2625,0
2026-09-01 12:45:00+05:30,589.0,589.9,587.4,588.95,1798,0
2026-09-01 13:00:00+05:30,589.85,589.85,587.0,587.0,2278,0
2026-09-01 13:15:00+05:30,587.0,588.9,582.0,583.0,10197,0
2026-09-01 13:30:00+05:30,583.0,583.95,580.0,580.25,5943,0
2026-09-01 13:45:00+05:30,580.05,580.65,574.25,575.2,10019,0
2026-09-01 14:00:00+05:30,575.75,580.6,572.0,574.55,9102,0
2026-09-01 14:15:00+05:30,574.0,579.95,572.05,576.25,13573,0
2026-09-01 14:30:00+05:30,575.65,578.6,574.55,577.95,1303,0
2026-09-01 14:45:00+05:30,578.0,581.35,578.0,579.5,18947,0
2026-09-01 15:00:00+05:30,579.4,585.0,578.0,583.0,16162,0
2026-09-01 15:15:00+05:30,583.0,583.4,572.35,575.0,19847,0
2026-09-02 09:15:00+05:30,567.35,580.0,552.35,569.25,31957,0
2026-09-02 09:30:00+05:30,569.85,573.2,567.6,569.2,5523,0
2026-09-02 09:45:00+05:30,568.6,570.0,560.0,562.15,36275,0
2026-09-02 10:00:00+05:30,561.9,564.8,560.5,563.95,4359,0
2026-09-02 10:15:00+05:30,564.2,566.95,560.65,566.1,6655,0
2026-09-02 10:30:00+05:30,566.15,568.0,562.6,564.85,10833,0
2026-09-02 10:45:00+05:30,564.4,564.4,557.8,558.5,5686,0
2026-09-02 11:00:00+05:30,559.1,560.35,553.35,555.1,14630,0
2026-09-02 11:15:00+05:30,554.5,569.85,554.5,569.85,11041,0
2026-09-02 11:30:00+05:30,570.0,572.5,565.1,567.55,6141,0
2026-09-02 11:45:00+05:30,567.55,572.0,567.55,571.8,3698,0
2026-09-02 12:00:00+05:30,571.8,571.95,568.3,569.0,1227,0
2026-09-02 12:15:00+05:30,568.95,573.9,568.0,568.1,5917,0
2026-09-02 12:30:00+05:30,568.15,571.25,567.0,570.1,11206,0
2026-09-02 12:45:00+05:30,570.25,576.0,570.05,571.0,25913,0
2026-09-02 13:00:00+05:30,570.95,571.4,565.5,566.0,16331,0
2026-09-02 13:15:00+05:30,566.1,569.95,564.0,565.0,19284,0
2026-09-02 13:30:00+05:30,564.95,565.0,562.6,563.0,4792,0
2026-09-02 13:45:00+05:30,562.6,562.85,560.0,561.95,12406,0
2026-09-02 14:00:00+05:30,561.95,562.7,559.1,560.0,12546,0
2026-09-02 14:15:00+05:30,560.75,562.7,559.0,560.15,12651,0
2026-09-02 14:30:00+05:30,560.4,564.65,560.15,564.0,1759,0
2026-09-02 14:45:00+05:30,563.85,566.45,562.0,562.5,5779,0
2026-09-02 15:00:00+05:30,562.3,563.3,559.0,559.2,26559,0
2026-09-02 15:15:00+05:30,559.45,561.0,558.9,561.0,22732,0
2026-09-03 09:15:00+05:30,570.0,591.75,570.0,577.55,46364,0
2026-09-03 09:30:00+05:30,578.3,586.0,577.35,582.0,31601,0
2026-09-03 09:45:00+05:30,581.8,583.9,580.25,582.15,6784,0
2026-09-03 10:00:00+05:30,582.15,583.0,580.0,581.15,4942,0
2026-09-03 10:15:00+05:30,580.5,582.3,578.7,580.25,6555,0
2026-09-03 10:30:00+05:30,580.0,585.0,580.0,580.1,8384,0
2026-09-03 10:45:00+05:30,579.0,580.7,574.5,576.0,4430,0
2026-09-03 11:00:00+05:30,576.0,576.1,567.65,571.6,9016,0
2026-09-03 11:15:00+05:30,570.95,571.95,567.5,568.75,6917,0
2026-09-03 11:30:00+05:30,569.4,574.7,569.4,574.05,2662,0
2026-09-03 11:45:00+05:30,575.0,576.0,574.1,575.1,3079,0
2026-09-03 12:00:00+05:30,575.1,575.8,574.75,574.9,1188,0
2026-09-03 12:15:00+05:30,574.85,574.85,570.35,570.4,2257,0
2026-09-03 12:30:00+05:30,570.0,570.95,568.6,569.6,4626,0
2026-09-03 12:45:00+05:30,570.4,570.8,567.9,568.4,1603,0
2026-09-03 13:00:00+05:30,568.4,569.55,567.65,568.0,1168,0
2026-09-03 13:15:00+05:30,568.7,570.0,568.0,570.0,1841,0
2026-09-03 13:30:00+05:30,570.0,570.0,567.6,567.7,7549,0
2026-09-03 13:45:00+05:30,567.7,568.0,567.0,567.0,944,0
2026-09-03 14:00:00+05:30,566.9,566.9,561.0,565.15,5631,0
2026-09-03 14:15:00+05:30,565.45,565.85,564.5,565.0,1705,0
2026-09-03 14:30:00+05:30,565.05,565.75,563.7,563.7,1568,0
2026-09-03 14:45:00+05:30,563.7,564.75,563.35,564.45,5235,0
2026-09-03 15:00:00+05:30,564.5,565.8,562.05,565.15,11927,0
2026-09-03 15:15:00+05:30,565.4,567.95,563.8,564.95,7620,0
