timestamp,open,high,low,close,volume,oi
2026-05-22 09:15:00+05:30,367.8,370.75,361.85,361.85,89,0
2026-05-22 09:30:00+05:30,361.95,370.8,361.4,361.4,329,0
2026-05-22 09:45:00+05:30,361.4,373.0,361.4,369.05,1814,0
2026-05-22 10:00:00+05:30,363.55,365.0,363.55,365.0,5,0
2026-05-22 10:15:00+05:30,365.0,378.05,361.05,372.85,2333,0
2026-05-22 10:30:00+05:30,371.95,401.45,369.9,395.0,9457,0
2026-05-22 10:45:00+05:30,395.0,397.2,386.55,390.55,860,0
2026-05-22 11:00:00+05:30,391.5,398.75,390.05,391.9,486,0
2026-05-22 11:15:00+05:30,392.0,392.1,390.0,390.0,2717,0
2026-05-22 11:30:00+05:30,390.0,393.95,388.35,393.8,531,0
2026-05-22 11:45:00+05:30,389.95,399.0,388.7,390.2,1233,0
2026-05-22 12:00:00+05:30,390.6,400.0,383.0,389.0,8485,0
2026-05-22 12:15:00+05:30,389.85,390.0,385.25,390.0,5096,0
2026-05-22 12:30:00+05:30,390.0,390.0,386.3,390.0,481,0
2026-05-22 12:45:00+05:30,386.15,389.7,385.15,389.7,267,0
2026-05-22 13:00:00+05:30,389.7,390.0,380.35,385.3,866,0
2026-05-22 13:15:00+05:30,387.95,387.95,375.0,383.0,1338,0
2026-05-22 13:30:00+05:30,383.0,384.85,382.1,382.8,15,0
2026-05-22 13:45:00+05:30,382.8,385.65,380.1,385.05,106,0
2026-05-22 14:00:00+05:30,385.05,385.05,380.2,385.0,433,0
2026-05-22 14:15:00+05:30,383.45,384.85,380.25,382.2,297,0
2026-05-22 14:30:00+05:30,380.95,383.05,380.3,383.05,155,0
2026-05-22 14:45:00+05:30,383.75,390.0,382.7,387.95,4462,0
2026-05-22 15:00:00+05:30,387.95,390.0,387.95,390.0,51,0
2026-05-22 15:15:00+05:30,390.0,392.0,389.0,389.0,2936,0
2026-05-25 09:15:00+05:30,409.0,418.25,392.45,399.75,13563,0
2026-05-25 09:30:00+05:30,399.75,399.75,394.15,395.0,3653,0
2026-05-25 09:45:00+05:30,393.45,396.0,389.9,389.9,4583,0
2026-05-25 10:00:00+05:30,390.0,390.0,369.6,372.0,16004,0
2026-05-25 10:15:00+05:30,372.0,376.4,370.6,373.55,400,0
2026-05-25 10:30:00+05:30,374.45,379.9,374.45,375.3,1276,0
2026-05-25 10:45:00+05:30,375.9,375.9,371.9,372.05,662,0
2026-05-25 11:00:00+05:30,374.0,377.45,372.45,375.45,807,0
2026-05-25 11:15:00+05:30,376.15,376.85,373.2,373.7,270,0
2026-05-25 11:30:00+05:30,373.7,375.9,373.7,375.9,119,0
2026-05-25 11:45:00+05:30,375.85,375.85,373.15,374.0,83,0
2026-05-25 12:00:00+05:30,374.0,376.85,373.15,373.6,612,0
2026-05-25 12:15:00+05:30,373.25,378.9,373.2,374.0,673,0
2026-05-25 12:30:00+05:30,374.0,380.0,370.8,378.95,1456,0
2026-05-25 12:45:00+05:30,378.2,381.2,377.45,380.0,489,0
2026-05-25 13:00:00+05:30,380.0,391.0,380.0,390.0,11968,0
2026-05-25 13:15:00+05:30,390.0,391.0,390.0,390.0,2484,0
2026-05-25 13:30:00+05:30,390.25,391.0,390.0,391.0,339,0
2026-05-25 13:45:00+05:30,391.0,391.0,390.0,390.05,131,0
2026-05-25 14:00:00+05:30,390.05,391.65,390.0,390.25,158,0
2026-05-25 14:15:00+05:30,390.25,390.35,390.0,390.3,186,0
2026-05-25 14:30:00+05:30,390.3,390.35,388.4,390.0,5419,0
2026-05-25 14:45:00+05:30,390.0,391.6,390.0,391.6,781,0
2026-05-25 15:00:00+05:30,391.6,391.6,387.9,390.0,11289,0
2026-05-25 15:15:00+05:30,389.9,390.0,380.0,390.0,7033,0
2026-05-26 09:15:00+05:30,390.0,396.5,387.1,390.15,803,0
2026-05-26 09:30:00+05:30,391.95,398.95,386.15,386.15,451,0
2026-05-26 09:45:00+05:30,386.15,390.0,386.15,390.0,100,0
2026-05-26 10:00:00+05:30,390.0,390.0,385.05,385.55,262,0
2026-05-26 10:15:00+05:30,385.2,385.2,378.0,383.25,3677,0
2026-05-26 10:30:00+05:30,383.25,383.25,380.0,380.2,640,0
2026-05-26 10:45:00+05:30,380.2,382.9,380.2,380.8,250,0
2026-05-26 11:00:00+05:30,380.8,384.95,380.8,384.95,219,0
2026-05-26 11:15:00+05:30,384.95,385.0,384.5,384.5,1900,0
2026-05-26 11:30:00+05:30,384.5,384.55,384.5,384.55,91,0
2026-05-26 11:45:00+05:30,384.55,385.0,384.55,385.0,37,0
2026-05-26 12:00:00+05:30,386.45,386.5,386.45,386.5,29,0
2026-05-26 12:15:00+05:30,386.5,386.5,386.5,386.5,0,0
2026-05-26 12:30:00+05:30,386.5,386.5,386.35,386.35,4,0
2026-05-26 12:45:00+05:30,386.35,386.35,386.15,386.15,3,0
2026-05-26 13:00:00+05:30,386.15,386.15,384.7,385.8,49,0
2026-05-26 13:15:00+05:30,385.8,385.8,382.95,382.95,1559,0
2026-05-26 13:30:00+05:30,380.75,381.1,378.0,379.5,1114,0
2026-05-26 13:45:00+05:30,379.3,380.15,375.95,379.75,1095,0
2026-05-26 14:00:00+05:30,379.75,379.75,378.1,378.1,4,0
2026-05-26 14:15:00+05:30,378.1,378.1,376.45,377.45,21,0
2026-05-26 14:30:00+05:30,377.45,378.45,377.45,378.45,6,0
2026-05-26 14:45:00+05:30,378.45,379.0,377.0,377.0,92,0
2026-05-26 15:00:00+05:30,377.0,378.85,375.0,376.9,1835,0
2026-05-26 15:15:00+05:30,376.9,379.0,375.0,379.0,732,0
2026-05-27 09:15:00+05:30,380.0,380.0,375.0,376.5,11743,0
2026-05-27 09:30:00+05:30,376.5,376.5,375.05,375.9,92,0
2026-05-27 09:45:00+05:30,375.9,378.6,375.75,378.6,162,0
2026-05-27 10:00:00+05:30,378.6,386.2,378.6,382.3,2660,0
2026-05-27 10:15:00+05:30,382.3,387.6,382.3,385.45,779,0
2026-05-27 10:30:00+05:30,385.45,388.3,385.05,388.3,104,0
2026-05-27 10:45:00+05:30,388.3,388.65,388.3,388.5,253,0
2026-05-27 11:00:00+05:30,388.5,390.9,388.5,390.1,1441,0
2026-05-27 11:15:00+05:30,390.8,396.9,387.4,387.4,3170,0
2026-05-27 11:30:00+05:30,386.3,386.3,383.35,384.2,1271,0
2026-05-27 11:45:00+05:30,384.2,384.8,381.75,381.75,342,0
2026-05-27 12:00:00+05:30,381.75,384.7,381.75,384.7,137,0
2026-05-27 12:15:00+05:30,384.6,384.6,383.75,383.75,78,0
2026-05-27 12:30:00+05:30,383.75,383.75,383.2,383.2,44,0
2026-05-27 12:45:00+05:30,383.2,385.25,383.2,385.15,163,0
2026-05-27 13:00:00+05:30,385.15,385.4,381.8,384.8,864,0
2026-05-27 13:15:00+05:30,384.4,385.4,384.3,385.0,457,0
2026-05-27 13:30:00+05:30,385.0,385.0,378.85,383.2,2415,0
2026-05-27 13:45:00+05:30,383.2,383.2,381.85,382.6,933,0
2026-05-27 14:00:00+05:30,382.6,382.6,378.6,380.75,693,0
2026-05-27 14:15:00+05:30,380.75,381.0,377.85,379.35,1977,0
2026-05-27 14:30:00+05:30,379.4,380.95,379.2,379.25,1298,0
2026-05-27 14:45:00+05:30,379.25,379.3,379.25,379.3,1,0
2026-05-27 15:00:00+05:30,379.3,380.0,378.7,379.0,1019,0
2026-05-27 15:15:00+05:30,378.45,388.0,378.0,378.0,210,0
2026-05-29 09:15:00+05:30,390.0,390.0,380.0,380.0,385,0
2026-05-29 09:30:00+05:30,380.0,384.95,380.0,384.95,133,0
2026-05-29 09:45:00+05:30,384.95,385.0,380.65,380.65,1130,0
2026-05-29 10:00:00+05:30,380.65,380.65,380.35,380.35,1,0
2026-05-29 10:15:00+05:30,380.35,382.25,380.35,382.05,16,0
2026-05-29 10:30:00+05:30,382.05,382.05,382.05,382.05,0,0
2026-05-29 10:45:00+05:30,382.05,382.05,382.05,382.05,0,0
2026-05-29 11:00:00+05:30,382.05,382.05,378.0,378.0,727,0
2026-05-29 11:15:00+05:30,377.9,378.0,377.9,378.0,50,0
2026-05-29 11:30:00+05:30,378.0,378.0,377.9,377.9,16,0
2026-05-29 11:45:00+05:30,377.9,377.95,376.7,376.7,182,0
2026-05-29 12:00:00+05:30,376.7,376.7,376.7,376.7,0,0
2026-05-29 12:15:00+05:30,376.7,378.0,374.2,374.3,902,0
2026-05-29 12:30:00+05:30,374.3,376.4,374.3,376.25,66,0
2026-05-29 12:45:00+05:30,376.25,377.95,376.25,377.95,15,0
2026-05-29 13:00:00+05:30,377.95,377.95,377.95,377.95,0,0
2026-05-29 13:15:00+05:30,377.95,377.95,373.5,373.8,2484,0
2026-05-29 13:30:00+05:30,373.8,374.9,373.8,374.9,40,0
2026-05-29 13:45:00+05:30,374.9,375.0,374.75,375.0,59,0
2026-05-29 14:00:00+05:30,375.0,375.0,375.0,375.0,0,0
2026-05-29 14:15:00+05:30,373.8,374.85,373.75,374.85,147,0
2026-05-29 14:30:00+05:30,374.7,375.65,374.7,375.0,450,0
2026-05-29 14:45:00+05:30,374.8,375.0,374.8,375.0,90,0
2026-05-29 15:00:00+05:30,375.0,375.0,369.85,370.0,1156,0
2026-05-29 15:15:00+05:30,370.0,370.1,369.05,370.0,2020,0
2026-06-01 09:15:00+05:30,369.2,380.6,368.95,379.9,396,0
2026-06-01 09:30:00+05:30,379.9,383.3,379.8,383.3,1514,0
2026-06-01 09:45:00+05:30,383.3,384.0,381.7,383.3,760,0
2026-06-01 10:00:00+05:30,383.3,383.3,379.45,379.55,1259,0
2026-06-01 10:15:00+05:30,379.55,379.55,377.45,377.45,29,0
2026-06-01 10:30:00+05:30,377.45,377.45,377.45,377.45,0,0
2026-06-01 10:45:00+05:30,377.45,387.4,377.45,387.4,1082,0
2026-06-01 11:00:00+05:30,387.4,387.4,384.1,385.0,145,0
2026-06-01 11:15:00+05:30,385.0,385.4,385.0,385.4,1,0
2026-06-01 11:30:00+05:30,385.4,385.4,385.4,385.4,0,0
2026-06-01 11:45:00+05:30,385.4,385.4,385.35,385.4,392,0
2026-06-01 12:00:00+05:30,385.4,385.4,385.2,385.2,10,0
2026-06-01 12:15:00+05:30,385.2,385.2,385.0,385.0,1,0
2026-06-01 12:30:00+05:30,385.0,385.0,384.9,385.0,9,0
2026-06-01 12:45:00+05:30,385.0,385.0,379.4,379.9,801,0
2026-06-01 13:00:00+05:30,379.9,379.9,376.8,376.8,1,0
2026-06-01 13:15:00+05:30,376.8,377.15,376.8,377.15,15,0
2026-06-01 13:30:00+05:30,377.15,380.0,377.15,379.0,206,0
2026-06-01 13:45:00+05:30,379.0,380.0,379.0,379.95,110,0
2026-06-01 14:00:00+05:30,379.95,379.95,379.95,379.95,0,0
2026-06-01 14:15:00+05:30,379.95,379.95,379.9,379.95,288,0
2026-06-01 14:30:00+05:30,379.95,379.95,379.5,379.5,53,0
2026-06-01 14:45:00+05:30,379.5,380.0,379.5,380.0,664,0
2026-06-01 15:00:00+05:30,380.0,380.0,377.3,380.0,12495,0
2026-06-01 15:15:00+05:30,380.0,380.0,377.3,380.0,716,0
2026-06-02 09:30:00+05:30,379.85,379.85,374.0,374.0,113,0
2026-06-02 09:45:00+05:30,374.0,374.65,374.0,374.65,33,0
2026-06-02 10:00:00+05:30,374.65,376.2,374.65,376.1,19,0
2026-06-02 10:15:00+05:30,376.1,376.1,376.1,376.1,0,0
2026-06-02 10:30:00+05:30,376.1,376.45,372.05,375.75,786,0
2026-06-02 10:45:00+05:30,375.75,375.75,375.5,375.5,3,0
2026-06-02 11:00:00+05:30,375.35,375.35,373.2,373.2,171,0
2026-06-02 11:15:00+05:30,373.2,373.4,373.2,373.2,50,0
2026-06-02 11:30:00+05:30,373.2,374.8,373.2,373.25,149,0
2026-06-02 11:45:00+05:30,373.25,381.9,373.25,376.7,20734,0
2026-06-02 12:00:00+05:30,376.7,379.6,376.7,379.45,32,0
2026-06-02 12:15:00+05:30,379.45,379.9,379.45,379.9,10,0
2026-06-02 12:30:00+05:30,378.5,378.5,377.7,377.7,307,0
2026-06-02 12:45:00+05:30,377.7,379.9,377.7,379.9,200,0
2026-06-02 13:00:00+05:30,379.9,379.9,379.1,379.1,4,0
2026-06-02 13:15:00+05:30,379.1,379.1,379.1,379.1,0,0
2026-06-02 13:30:00+05:30,379.1,379.1,379.1,379.1,0,0
2026-06-02 13:45:00+05:30,379.1,379.1,379.1,379.1,0,0
2026-06-02 14:00:00+05:30,379.1,379.1,377.1,377.25,41,0
2026-06-02 14:15:00+05:30,377.25,377.35,377.25,377.35,13,0
2026-06-02 14:30:00+05:30,377.35,377.35,377.35,377.35,0,0
2026-06-02 14:45:00+05:30,377.35,377.35,376.9,376.9,84,0
2026-06-02 15:00:00+05:30,376.9,377.0,373.1,377.0,301,0
2026-06-02 15:15:00+05:30,377.0,377.35,372.5,377.35,336,0
2026-06-03 09:15:00+05:30,376.15,376.15,375.05,375.05,47,0
2026-06-03 09:30:00+05:30,377.1,377.2,373.05,373.05,118,0
2026-06-03 09:45:00+05:30,373.05,373.05,370.05,370.05,181,0
2026-06-03 10:00:00+05:30,370.1,370.1,370.1,370.1,15,0
2026-06-03 10:15:00+05:30,372.75,373.0,370.0,373.0,1306,0
2026-06-03 10:30:00+05:30,373.0,373.0,373.0,373.0,0,0
2026-06-03 10:45:00+05:30,373.0,373.0,373.0,373.0,0,0
2026-06-03 11:00:00+05:30,372.8,373.0,368.85,369.35,1457,0
2026-06-03 11:15:00+05:30,369.35,369.35,368.0,368.75,60,0
2026-06-03 11:30:00+05:30,368.75,368.75,368.75,368.75,0,0
2026-06-03 11:45:00+05:30,368.75,368.75,366.3,366.3,50,0
2026-06-03 12:00:00+05:30,366.3,366.3,366.3,366.3,0,0
2026-06-03 12:15:00+05:30,366.3,366.4,365.0,365.0,685,0
2026-06-03 12:30:00+05:30,365.0,365.0,363.2,363.2,1,0
2026-06-03 12:45:00+05:30,363.2,367.75,363.2,367.75,1,0
2026-06-03 13:00:00+05:30,367.75,367.95,367.75,367.95,50,0
2026-06-03 13:15:00+05:30,367.95,367.95,367.35,367.95,38,0
2026-06-03 13:30:00+05:30,367.95,367.95,364.05,364.05,115,0
2026-06-03 13:45:00+05:30,364.05,370.0,364.05,370.0,5463,0
2026-06-03 14:00:00+05:30,370.0,370.0,367.55,370.0,4214,0
2026-06-03 14:15:00+05:30,370.0,370.0,368.85,370.0,200,0
2026-06-03 14:30:00+05:30,370.0,370.0,368.0,368.05,92,0
2026-06-03 14:45:00+05:30,368.1,368.15,368.1,368.1,36,0
2026-06-03 15:00:00+05:30,368.1,368.1,367.3,368.0,7,0
2026-06-03 15:15:00+05:30,368.0,370.0,367.95,370.0,716,0
2026-06-04 09:15:00+05:30,370.1,373.0,370.0,370.25,65,0
2026-06-04 09:30:00+05:30,370.25,370.25,370.05,370.05,30,0
2026-06-04 09:45:00+05:30,370.05,370.15,369.9,369.9,344,0
2026-06-04 10:00:00+05:30,369.9,370.0,368.0,369.8,202,0
2026-06-04 10:15:00+05:30,369.8,369.8,369.8,369.8,6,0
2026-06-04 10:30:00+05:30,369.8,369.8,369.8,369.8,0,0
2026-06-04 10:45:00+05:30,369.8,369.8,368.0,368.0,166,0
2026-06-04 11:00:00+05:30,367.75,367.75,365.1,365.1,112,0
2026-06-04 11:15:00+05:30,365.1,365.1,365.1,365.1,0,0
2026-06-04 11:30:00+05:30,365.1,365.95,364.75,365.95,108,0
2026-06-04 11:45:00+05:30,365.95,365.95,365.95,365.95,0,0
2026-06-04 12:00:00+05:30,365.95,365.95,365.95,365.95,0,0
2026-06-04 12:15:00+05:30,365.95,365.95,365.95,365.95,0,0
2026-06-04 12:30:00+05:30,365.95,366.25,365.8,366.25,107,0
2026-06-04 12:45:00+05:30,366.25,366.25,366.1,366.25,20,0
2026-06-04 13:00:00+05:30,366.25,368.0,366.25,368.0,200,0
2026-06-04 13:15:00+05:30,368.0,368.0,364.1,367.7,254,0
2026-06-04 13:30:00+05:30,367.7,367.7,367.7,367.7,0,0
2026-06-04 13:45:00+05:30,366.7,367.95,366.7,367.95,99,0
2026-06-04 14:00:00+05:30,367.95,367.95,367.95,367.95,0,0
2026-06-04 14:15:00+05:30,367.95,367.95,367.8,367.8,371,0
2026-06-04 14:30:00+05:30,367.8,367.8,367.75,367.75,1,0
2026-06-04 14:45:00+05:30,367.75,368.0,367.5,368.0,129,0
2026-06-04 15:00:00+05:30,368.0,368.0,367.95,367.95,1,0
2026-06-04 15:15:00+05:30,367.95,368.0,366.35,368.0,339,0
2026-06-05 09:15:00+05:30,363.7,367.75,363.1,364.3,414,0
2026-06-05 09:30:00+05:30,364.3,366.3,364.3,366.3,3,0
2026-06-05 09:45:00+05:30,366.45,366.45,365.0,365.45,25,0
2026-06-05 10:00:00+05:30,365.45,365.95,365.45,365.95,106,0
2026-06-05 10:15:00+05:30,364.15,366.9,363.2,363.2,629,0
2026-06-05 10:30:00+05:30,363.2,367.0,363.2,366.55,72,0
2026-06-05 10:45:00+05:30,366.55,367.0,366.3,367.0,29,0
2026-06-05 11:00:00+05:30,367.0,367.0,367.0,367.0,0,0
2026-06-05 11:15:00+05:30,367.0,367.25,367.0,367.25,2,0
2026-06-05 11:30:00+05:30,367.25,367.5,367.25,367.5,5,0
2026-06-05 11:45:00+05:30,367.5,367.8,367.0,367.8,16,0
2026-06-05 12:00:00+05:30,367.8,367.8,367.65,367.75,6,0
2026-06-05 12:15:00+05:30,367.75,367.75,367.0,367.0,2,0
2026-06-05 12:30:00+05:30,367.0,367.65,367.0,367.65,10,0
2026-06-05 12:45:00+05:30,367.65,367.65,365.0,366.0,283,0
2026-06-05 13:00:00+05:30,366.0,366.0,366.0,366.0,185,0
2026-06-05 13:15:00+05:30,366.0,366.0,366.0,366.0,0,0
2026-06-05 13:30:00+05:30,366.0,367.5,366.0,367.5,41,0
2026-06-05 13:45:00+05:30,367.5,367.5,367.5,367.5,0,0
2026-06-05 14:00:00+05:30,367.65,367.65,367.65,367.65,1,0
2026-06-05 14:15:00+05:30,367.65,367.65,367.65,367.65,0,0
2026-06-05 14:30:00+05:30,367.65,367.65,363.2,365.95,171,0
2026-06-05 14:45:00+05:30,365.95,365.95,365.85,365.85,1,0
2026-06-05 15:00:00+05:30,365.85,365.85,365.85,365.85,0,0
2026-06-05 15:15:00+05:30,365.85,365.85,361.4,361.55,247,0
2026-06-08 09:15:00+05:30,364.15,364.15,363.05,363.05,100,0
2026-06-08 09:30:00+05:30,363.05,365.5,361.85,365.5,100,0
2026-06-08 09:45:00+05:30,365.5,365.6,362.9,362.9,46,0
2026-06-08 10:00:00+05:30,362.9,362.9,362.9,362.9,0,0
2026-06-08 10:15:00+05:30,362.9,365.5,362.9,362.95,24,0
2026-06-08 10:30:00+05:30,362.95,362.95,362.95,362.95,0,0
2026-06-08 10:45:00+05:30,362.95,366.85,362.95,364.7,656,0
2026-06-08 11:00:00+05:30,364.7,364.75,364.7,364.75,54,0
2026-06-08 11:15:00+05:30,364.75,364.75,364.75,364.75,0,0
2026-06-08 11:30:00+05:30,364.75,366.4,364.05,364.5,670,0
2026-06-08 11:45:00+05:30,364.5,364.5,364.5,364.5,0,0
2026-06-08 12:00:00+05:30,364.5,364.5,364.5,364.5,0,0
2026-06-08 12:15:00+05:30,364.5,365.9,364.5,364.5,109,0
2026-06-08 12:30:00+05:30,364.3,366.7,364.3,364.5,418,0
2026-06-08 12:45:00+05:30,364.5,364.5,364.5,364.5,0,0
2026-06-08 13:00:00+05:30,364.5,365.5,364.35,364.35,511,0
2026-06-08 13:15:00+05:30,364.35,365.6,364.35,364.4,13,0
2026-06-08 13:30:00+05:30,364.4,364.4,364.4,364.4,0,0
2026-06-08 13:45:00+05:30,364.4,364.4,364.35,364.35,197,0
2026-06-08 14:00:00+05:30,364.35,366.1,364.35,366.1,431,0
2026-06-08 14:15:00+05:30,366.1,366.1,366.0,366.0,75,0
2026-06-08 14:30:00+05:30,366.0,366.9,364.85,366.0,193,0
2026-06-08 14:45:00+05:30,366.0,366.1,366.0,366.1,8,0
2026-06-08 15:00:00+05:30,365.65,366.95,365.65,366.95,256,0
2026-06-08 15:15:00+05:30,366.95,367.4,364.4,367.4,651,0
2026-06-09 09:45:00+05:30,369.0,372.0,365.8,369.1,599,0
2026-06-09 10:00:00+05:30,369.1,369.5,369.1,369.5,6,0
2026-06-09 10:15:00+05:30,369.5,369.5,369.5,369.5,0,0
2026-06-09 10:30:00+05:30,369.5,369.5,369.5,369.5,0,0
2026-06-09 10:45:00+05:30,369.5,369.5,369.5,369.5,0,0
2026-06-09 11:00:00+05:30,369.5,369.5,369.5,369.5,0,0
2026-06-09 11:15:00+05:30,369.5,370.45,369.5,370.45,65,0
2026-06-09 11:30:00+05:30,370.45,370.45,370.45,370.45,0,0
2026-06-09 11:45:00+05:30,370.45,372.8,370.45,372.5,3,0
2026-06-09 12:00:00+05:30,372.5,372.65,372.5,372.65,77,0
2026-06-09 12:15:00+05:30,372.65,372.8,372.6,372.8,40,0
2026-06-09 12:30:00+05:30,372.3,372.3,370.55,370.55,67,0
2026-06-09 12:45:00+05:30,370.55,371.8,368.3,368.3,746,0
2026-06-09 13:00:00+05:30,368.3,370.75,367.75,367.75,110,0
2026-06-09 13:15:00+05:30,368.65,370.0,367.7,367.8,276,0
2026-06-09 13:30:00+05:30,367.8,367.8,367.8,367.8,0,0
2026-06-09 13:45:00+05:30,367.8,369.1,367.8,369.1,50,0
2026-06-09 14:00:00+05:30,369.1,371.1,369.05,371.1,65,0
2026-06-09 14:15:00+05:30,371.1,371.1,369.0,369.0,470,0
2026-06-09 14:30:00+05:30,369.0,371.2,369.0,369.45,82,0
2026-06-09 14:45:00+05:30,369.45,369.45,369.45,369.45,0,0
2026-06-09 15:00:00+05:30,369.45,369.45,369.45,369.45,0,0
2026-06-09 15:15:00+05:30,369.45,371.3,367.7,368.0,688,0
2026-06-10 11:00:00+05:30,373.0,374.35,369.9,370.0,86,0
2026-06-10 11:15:00+05:30,370.0,370.0,369.4,369.8,165,0
2026-06-10 11:30:00+05:30,369.8,369.8,369.45,369.5,20,0
2026-06-10 11:45:00+05:30,369.5,369.5,369.5,369.5,0,0
2026-06-10 12:00:00+05:30,369.5,369.5,369.45,369.45,1,0
2026-06-10 12:15:00+05:30,369.45,369.7,369.45,369.7,4,0
2026-06-10 12:30:00+05:30,369.7,369.7,369.7,369.7,6,0
2026-06-10 12:45:00+05:30,369.7,370.0,369.3,369.9,47,0
2026-06-10 13:00:00+05:30,369.9,369.9,369.9,369.9,0,0
2026-06-10 13:15:00+05:30,369.9,369.9,369.15,369.15,6,0
2026-06-10 13:30:00+05:30,369.15,369.15,369.15,369.15,0,0
2026-06-10 13:45:00+05:30,369.15,369.3,369.15,369.3,30,0
2026-06-10 14:00:00+05:30,369.3,369.3,369.3,369.3,0,0
2026-06-10 14:15:00+05:30,369.3,369.3,369.0,369.1,46,0
2026-06-10 14:30:00+05:30,369.1,369.1,369.1,369.1,0,0
2026-06-10 14:45:00+05:30,369.1,369.2,369.0,369.0,114,0
2026-06-10 15:00:00+05:30,369.0,369.0,367.9,369.0,105,0
2026-06-10 15:15:00+05:30,369.0,374.0,365.0,374.0,191,0
2026-06-11 09:30:00+05:30,373.0,373.0,370.05,371.55,94,0
2026-06-11 09:45:00+05:30,371.55,371.55,365.2,367.95,219,0
2026-06-11 10:00:00+05:30,366.5,368.95,366.4,367.9,215,0
2026-06-11 10:15:00+05:30,367.9,367.9,367.9,367.9,0,0
2026-06-11 10:30:00+05:30,367.9,367.9,367.8,367.9,20,0
2026-06-11 10:45:00+05:30,365.5,370.5,365.05,370.1,233,0
2026-06-11 11:00:00+05:30,370.1,370.1,369.0,369.0,136,0
2026-06-11 11:15:00+05:30,368.95,368.95,368.6,368.6,4,0
2026-06-11 11:30:00+05:30,368.6,368.6,368.6,368.6,0,0
2026-06-11 11:45:00+05:30,368.6,368.6,368.6,368.6,0,0
2026-06-11 12:00:00+05:30,368.6,368.6,368.05,368.05,2,0
2026-06-11 12:15:00+05:30,368.05,368.05,368.05,368.05,0,0
2026-06-11 12:30:00+05:30,368.05,368.05,368.05,368.05,1,0
2026-06-11 12:45:00+05:30,368.05,368.05,368.05,368.05,0,0
2026-06-11 13:00:00+05:30,368.05,368.05,368.05,368.05,0,0
2026-06-11 13:15:00+05:30,368.05,368.05,368.05,368.05,0,0
2026-06-11 13:30:00+05:30,368.05,368.05,368.05,368.05,0,0
2026-06-11 13:45:00+05:30,368.05,368.05,368.05,368.05,0,0
2026-06-11 14:00:00+05:30,368.05,368.05,366.0,366.0,111,0
2026-06-11 14:15:00+05:30,366.0,366.15,364.5,364.5,102,0
2026-06-11 14:30:00+05:30,364.5,365.95,356.0,359.8,2278,0
2026-06-11 14:45:00+05:30,359.9,360.0,357.05,357.05,331,0
2026-06-11 15:00:00+05:30,357.75,357.75,357.05,357.05,8,0
2026-06-11 15:15:00+05:30,357.6,360.0,355.25,355.25,552,0
2026-06-12 09:15:00+05:30,369.95,369.95,358.15,360.0,584,0
2026-06-12 09:30:00+05:30,360.0,360.0,360.0,360.0,0,0
2026-06-12 09:45:00+05:30,360.0,360.0,360.0,360.0,0,0
2026-06-12 10:00:00+05:30,360.0,360.0,359.85,360.0,50,0
2026-06-12 10:15:00+05:30,360.0,360.0,360.0,360.0,0,0
2026-06-12 10:30:00+05:30,360.0,360.0,360.0,360.0,0,0
2026-06-12 10:45:00+05:30,360.0,360.0,360.0,360.0,0,0
2026-06-12 11:00:00+05:30,360.0,360.0,359.85,360.0,80,0
2026-06-12 11:15:00+05:30,360.0,360.0,358.1,358.7,69,0
2026-06-12 11:30:00+05:30,358.7,358.7,358.5,358.5,101,0
2026-06-12 11:45:00+05:30,358.5,358.65,358.5,358.65,6,0
2026-06-12 12:00:00+05:30,358.65,358.95,358.6,358.95,50,0
2026-06-12 12:15:00+05:30,358.95,358.95,358.95,358.95,0,0
2026-06-12 12:30:00+05:30,358.95,358.95,358.95,358.95,0,0
2026-06-12 12:45:00+05:30,358.95,358.95,358.95,358.95,0,0
2026-06-12 13:00:00+05:30,358.95,358.95,358.95,358.95,0,0
2026-06-12 13:15:00+05:30,358.95,358.95,358.95,358.95,0,0
2026-06-12 13:30:00+05:30,358.95,359.6,357.6,358.15,242,0
2026-06-12 13:45:00+05:30,358.05,358.6,357.0,357.0,231,0
2026-06-12 14:00:00+05:30,357.0,357.0,356.9,357.0,263,0
2026-06-12 14:15:00+05:30,357.0,357.0,356.75,356.75,75,0
2026-06-12 14:30:00+05:30,356.75,356.75,356.75,356.75,0,0
2026-06-12 14:45:00+05:30,356.75,356.85,356.75,356.85,158,0
2026-06-12 15:00:00+05:30,356.85,356.85,356.0,356.0,55,0
2026-06-12 15:15:00+05:30,356.0,357.0,356.0,356.3,320,0
2026-06-15 09:15:00+05:30,369.3,369.3,364.55,364.55,568,0
2026-06-15 09:30:00+05:30,364.0,369.0,364.0,367.55,186,0
2026-06-15 09:45:00+05:30,364.75,364.75,359.0,359.9,2195,0
2026-06-15 10:00:00+05:30,359.85,360.0,357.65,359.2,2199,0
2026-06-15 10:15:00+05:30,359.2,359.2,357.1,358.2,10,0
2026-06-15 10:30:00+05:30,358.2,358.2,357.85,358.0,120,0
2026-06-15 10:45:00+05:30,358.0,358.0,356.9,356.9,765,0
2026-06-15 11:00:00+05:30,356.9,356.9,354.8,356.0,736,0
2026-06-15 11:15:00+05:30,356.0,356.0,354.9,354.95,30,0
2026-06-15 11:30:00+05:30,354.95,356.0,354.7,355.0,300,0
2026-06-15 11:45:00+05:30,355.0,355.0,352.1,354.95,327,0
2026-06-15 12:00:00+05:30,354.95,354.95,347.95,351.8,3067,0
2026-06-15 12:15:00+05:30,350.05,350.95,349.0,350.85,453,0
2026-06-15 12:30:00+05:30,350.85,351.65,350.85,351.65,6,0
2026-06-15 12:45:00+05:30,351.65,351.65,351.65,351.65,0,0
2026-06-15 13:00:00+05:30,351.65,351.65,342.1,350.5,2240,0
2026-06-15 13:15:00+05:30,350.5,350.9,349.6,350.05,325,0
2026-06-15 13:30:00+05:30,350.05,350.05,350.05,350.05,0,0
2026-06-15 13:45:00+05:30,350.05,350.85,350.05,350.85,20,0
2026-06-15 14:00:00+05:30,350.85,350.85,345.25,347.8,744,0
2026-06-15 14:15:00+05:30,348.0,348.5,345.0,346.75,872,0
2026-06-15 14:30:00+05:30,346.75,350.55,346.75,346.75,245,0
2026-06-15 14:45:00+05:30,346.75,347.0,346.75,347.0,62,0
2026-06-15 15:00:00+05:30,347.0,349.2,346.95,349.2,299,0
2026-06-15 15:15:00+05:30,349.2,350.5,345.0,350.5,1269,0
2026-06-16 09:15:00+05:30,353.0,356.75,351.75,352.2,563,0
2026-06-16 09:30:00+05:30,352.35,354.4,352.2,354.4,135,0
2026-06-16 09:45:00+05:30,354.4,354.4,354.15,354.15,3,0
2026-06-16 10:00:00+05:30,354.15,354.15,351.9,353.6,158,0
2026-06-16 10:15:00+05:30,353.6,353.6,353.6,353.6,0,0
2026-06-16 10:30:00+05:30,353.6,353.6,350.0,350.0,644,0
2026-06-16 10:45:00+05:30,350.0,350.0,350.0,350.0,0,0
2026-06-16 11:00:00+05:30,350.0,350.0,349.85,349.85,10,0
2026-06-16 11:15:00+05:30,349.85,349.95,349.05,349.05,11,0
2026-06-16 11:30:00+05:30,349.05,349.95,349.05,349.95,30,0
2026-06-16 11:45:00+05:30,349.95,349.95,349.95,349.95,0,0
2026-06-16 12:00:00+05:30,349.95,350.0,348.0,348.1,1238,0
2026-06-16 12:15:00+05:30,348.1,349.95,348.1,349.95,142,0
2026-06-16 12:30:00+05:30,349.95,349.95,349.95,349.95,0,0
2026-06-16 12:45:00+05:30,349.95,350.0,349.8,350.0,185,0
2026-06-16 13:00:00+05:30,350.0,350.0,350.0,350.0,0,0
2026-06-16 13:15:00+05:30,350.0,350.0,349.85,349.85,1,0
2026-06-16 13:30:00+05:30,349.85,349.85,349.85,349.85,32,0
2026-06-16 13:45:00+05:30,349.85,350.0,349.85,350.0,500,0
2026-06-16 14:00:00+05:30,350.0,350.0,350.0,350.0,0,0
2026-06-16 14:15:00+05:30,350.0,350.0,349.75,349.75,50,0
2026-06-16 14:30:00+05:30,349.75,349.85,349.75,349.85,10,0
2026-06-16 14:45:00+05:30,349.3,349.3,348.0,348.0,200,0
2026-06-16 15:00:00+05:30,348.0,348.0,348.0,348.0,0,0
2026-06-16 15:15:00+05:30,349.8,350.0,348.0,348.0,435,0
2026-06-17 09:15:00+05:30,355.0,357.0,340.25,350.0,286,0
2026-06-17 09:30:00+05:30,350.0,350.0,348.6,349.85,5250,0
2026-06-17 09:45:00+05:30,349.85,349.85,348.0,348.0,101,0
2026-06-17 10:00:00+05:30,348.0,348.2,348.0,348.2,31,0
2026-06-17 10:15:00+05:30,347.95,348.35,347.5,347.5,43,0
2026-06-17 10:30:00+05:30,348.2,348.5,348.15,348.15,247,0
2026-06-17 10:45:00+05:30,348.15,348.15,348.15,348.15,0,0
2026-06-17 11:00:00+05:30,348.15,348.15,348.15,348.15,0,0
2026-06-17 11:15:00+05:30,348.15,348.15,347.95,347.95,1,0
2026-06-17 11:30:00+05:30,347.95,348.4,347.55,347.55,165,0
2026-06-17 11:45:00+05:30,347.55,349.4,347.55,349.35,116,0
2026-06-17 12:00:00+05:30,349.35,349.7,348.45,349.7,140,0
2026-06-17 12:15:00+05:30,349.7,349.7,349.7,349.7,0,0
2026-06-17 12:30:00+05:30,349.7,349.7,349.7,349.7,0,0
2026-06-17 12:45:00+05:30,349.7,349.7,347.55,347.55,711,0
2026-06-17 13:00:00+05:30,347.55,349.7,347.55,348.65,1722,0
2026-06-17 13:15:00+05:30,348.65,348.65,348.65,348.65,0,0
2026-06-17 13:30:00+05:30,348.65,348.9,347.55,348.5,244,0
2026-06-17 13:45:00+05:30,348.5,348.5,348.5,348.5,0,0
2026-06-17 14:00:00+05:30,348.5,348.5,348.5,348.5,0,0
2026-06-17 14:15:00+05:30,348.5,349.45,348.5,349.45,185,0
2026-06-17 14:30:00+05:30,349.45,349.45,348.5,348.5,225,0
2026-06-17 14:45:00+05:30,348.5,349.6,348.5,349.6,100,0
2026-06-17 15:00:00+05:30,349.6,349.6,349.6,349.6,140,0
2026-06-17 15:15:00+05:30,349.6,350.0,349.05,350.0,1406,0
2026-06-18 09:30:00+05:30,348.85,349.0,348.8,348.8,315,0
2026-06-18 09:45:00+05:30,348.8,349.0,348.1,349.0,1000,0
2026-06-18 10:00:00+05:30,349.0,349.0,349.0,349.0,0,0
2026-06-18 10:15:00+05:30,349.0,349.0,347.8,349.0,272,0
2026-06-18 10:30:00+05:30,349.0,349.0,349.0,349.0,0,0
2026-06-18 10:45:00+05:30,349.0,349.0,348.8,348.8,76,0
2026-06-18 11:00:00+05:30,348.8,348.8,348.8,348.8,0,0
2026-06-18 11:15:00+05:30,348.8,348.8,348.0,348.0,29,0
2026-06-18 11:30:00+05:30,348.0,348.0,348.0,348.0,0,0
2026-06-18 11:45:00+05:30,347.9,347.9,346.55,346.55,57,0
2026-06-18 12:00:00+05:30,346.55,346.55,346.25,346.25,685,0
2026-06-18 12:15:00+05:30,346.25,349.0,346.25,349.0,1909,0
2026-06-18 12:30:00+05:30,349.0,349.0,349.0,349.0,0,0
2026-06-18 12:45:00+05:30,349.0,349.0,348.9,348.95,2,0
2026-06-18 13:00:00+05:30,348.95,348.95,348.95,348.95,0,0
2026-06-18 13:15:00+05:30,348.95,348.95,345.0,345.0,447,0
2026-06-18 13:30:00+05:30,345.0,345.0,345.0,345.0,0,0
2026-06-18 13:45:00+05:30,345.0,346.0,344.95,346.0,16,0
2026-06-18 14:00:00+05:30,346.0,346.0,346.0,346.0,1,0
2026-06-18 14:15:00+05:30,346.0,346.0,345.8,345.8,86,0
2026-06-18 14:30:00+05:30,345.8,345.8,345.5,345.7,40,0
2026-06-18 14:45:00+05:30,345.7,345.7,345.6,345.7,11537,0
2026-06-18 15:00:00+05:30,345.7,347.0,345.7,346.65,233,0
2026-06-18 15:15:00+05:30,345.65,349.0,345.35,349.0,274,0
2026-06-19 09:15:00+05:30,346.0,350.35,342.35,348.95,954,0
2026-06-19 09:30:00+05:30,348.95,349.0,348.55,349.0,35,0
2026-06-19 09:45:00+05:30,349.0,349.0,349.0,349.0,0,0
2026-06-19 10:00:00+05:30,349.0,349.0,347.55,347.55,50,0
2026-06-19 10:15:00+05:30,347.55,347.55,347.35,347.35,10,0
2026-06-19 10:30:00+05:30,347.35,350.0,347.35,350.0,2000,0
2026-06-19 10:45:00+05:30,350.0,350.0,349.8,349.9,65,0
2026-06-19 11:00:00+05:30,349.9,349.9,349.9,349.9,0,0
2026-06-19 11:15:00+05:30,349.9,349.9,349.65,349.65,6,0
2026-06-19 11:30:00+05:30,349.65,349.65,347.75,347.8,416,0
2026-06-19 11:45:00+05:30,347.05,347.05,343.05,343.05,773,0
2026-06-19 12:00:00+05:30,343.05,346.0,343.05,346.0,202,0
2026-06-19 12:15:00+05:30,346.0,346.4,344.0,344.0,156,0
2026-06-19 12:30:00+05:30,344.0,344.0,344.0,344.0,0,0
2026-06-19 12:45:00+05:30,344.0,344.0,344.0,344.0,0,0
2026-06-19 13:00:00+05:30,344.0,344.1,344.0,344.0,88,0
2026-06-19 13:15:00+05:30,344.0,344.0,344.0,344.0,0,0
2026-06-19 13:30:00+05:30,344.0,344.0,344.0,344.0,0,0
2026-06-19 13:45:00+05:30,344.0,346.9,344.0,346.9,196,0
2026-06-19 14:00:00+05:30,346.9,347.9,346.85,347.9,148,0
2026-06-19 14:15:00+05:30,347.9,347.9,347.85,347.85,1,0
2026-06-19 14:30:00+05:30,347.85,347.9,347.85,347.9,112,0
2026-06-19 14:45:00+05:30,347.9,348.0,345.55,345.55,420,0
2026-06-19 15:00:00+05:30,345.55,345.55,345.55,345.55,0,0
2026-06-19 15:15:00+05:30,345.55,348.0,343.0,347.4,829,0
2026-06-22 09:15:00+05:30,355.0,375.05,347.95,348.15,4643,0
2026-06-22 09:30:00+05:30,348.15,350.0,344.55,348.0,3411,0
2026-06-22 09:45:00+05:30,347.65,347.65,347.65,347.65,1,0
2026-06-22 10:00:00+05:30,347.65,347.65,347.65,347.65,0,0
2026-06-22 10:15:00+05:30,347.1,347.2,347.1,347.2,57,0
2026-06-22 10:30:00+05:30,347.2,347.2,347.2,347.2,0,0
2026-06-22 10:45:00+05:30,347.2,347.2,345.85,346.1,92,0
2026-06-22 11:00:00+05:30,346.1,346.95,344.75,345.0,598,0
2026-06-22 11:15:00+05:30,345.0,345.2,344.75,345.2,302,0
2026-06-22 11:30:00+05:30,345.2,345.2,345.0,345.0,62,0
2026-06-22 11:45:00+05:30,345.0,345.0,345.0,345.0,0,0
2026-06-22 12:00:00+05:30,345.0,345.0,344.2,344.2,364,0
2026-06-22 12:15:00+05:30,344.2,344.45,341.05,344.45,1524,0
2026-06-22 12:30:00+05:30,344.45,344.45,343.35,344.15,69,0
2026-06-22 12:45:00+05:30,344.15,344.15,344.15,344.15,0,0
2026-06-22 13:00:00+05:30,346.0,346.0,345.65,345.65,1386,0
2026-06-22 13:15:00+05:30,345.65,345.65,345.65,345.65,0,0
2026-06-22 13:30:00+05:30,345.65,345.65,345.65,345.65,0,0
2026-06-22 13:45:00+05:30,345.65,345.65,345.65,345.65,0,0
2026-06-22 14:00:00+05:30,345.65,345.65,345.65,345.65,0,0
2026-06-22 14:15:00+05:30,345.65,345.65,345.65,345.65,0,0
2026-06-22 14:30:00+05:30,345.65,345.65,343.65,343.65,459,0
2026-06-22 14:45:00+05:30,344.85,344.9,344.85,344.9,40,0
2026-06-22 15:00:00+05:30,344.9,344.9,344.65,344.7,50,0
2026-06-22 15:15:00+05:30,344.65,344.65,334.0,339.8,4265,0
2026-06-23 09:15:00+05:30,333.0,349.05,333.0,341.95,1383,0
2026-06-23 09:30:00+05:30,340.1,340.95,333.2,337.85,1419,0
2026-06-23 09:45:00+05:30,336.0,336.9,329.0,329.1,2893,0
2026-06-23 10:00:00+05:30,329.2,329.95,326.75,329.1,860,0
2026-06-23 10:15:00+05:30,329.1,330.45,327.75,328.95,1439,0
2026-06-23 10:30:00+05:30,328.95,333.45,327.95,330.6,4784,0
2026-06-23 10:45:00+05:30,330.6,334.0,327.1,329.2,1248,0
2026-06-23 11:00:00+05:30,330.6,332.4,330.6,331.25,326,0
2026-06-23 11:15:00+05:30,330.95,332.5,330.95,331.2,401,0
2026-06-23 11:30:00+05:30,331.8,332.95,331.45,331.45,520,0
2026-06-23 11:45:00+05:30,331.45,331.45,329.2,329.2,56,0
2026-06-23 12:00:00+05:30,329.2,330.95,327.8,329.05,1254,0
2026-06-23 12:15:00+05:30,329.55,330.25,329.55,329.95,58,0
2026-06-23 12:30:00+05:30,329.95,329.95,329.05,329.25,308,0
2026-06-23 12:45:00+05:30,329.25,329.25,328.6,329.0,36,0
2026-06-23 13:00:00+05:30,329.0,329.0,329.0,329.0,1,0
2026-06-23 13:15:00+05:30,328.65,328.65,328.55,328.55,2,0
2026-06-23 13:30:00+05:30,328.55,328.55,328.4,328.5,116,0
2026-06-23 13:45:00+05:30,328.5,329.0,328.5,329.0,305,0
2026-06-23 14:00:00+05:30,329.0,329.0,329.0,329.0,41,0
2026-06-23 14:15:00+05:30,329.0,329.95,329.0,329.95,140,0
2026-06-23 14:30:00+05:30,329.95,329.95,329.95,329.95,0,0
2026-06-23 14:45:00+05:30,329.95,331.95,329.95,331.95,1500,0
2026-06-23 15:00:00+05:30,331.95,332.0,331.25,332.0,7,0
2026-06-23 15:15:00+05:30,332.0,332.25,329.6,332.25,453,0
2026-06-24 09:30:00+05:30,331.9,332.45,330.55,330.55,239,0
2026-06-24 09:45:00+05:30,330.55,330.55,330.15,330.15,20,0
2026-06-24 10:00:00+05:30,330.15,331.95,330.15,331.2,12,0
2026-06-24 10:15:00+05:30,331.2,332.45,331.2,332.45,3,0
2026-06-24 10:30:00+05:30,332.45,332.45,332.45,332.45,0,0
2026-06-24 10:45:00+05:30,332.45,332.75,331.55,331.55,107,0
2026-06-24 11:00:00+05:30,331.55,335.0,331.55,333.05,2226,0
2026-06-24 11:15:00+05:30,333.05,333.7,333.05,333.7,45,0
2026-06-24 11:30:00+05:30,333.7,333.7,331.8,331.8,383,0
2026-06-24 11:45:00+05:30,331.8,331.85,329.05,329.9,1370,0
2026-06-24 12:00:00+05:30,329.9,329.9,329.9,329.9,0,0
2026-06-24 12:15:00+05:30,329.9,329.9,329.9,329.9,0,0
2026-06-24 12:30:00+05:30,329.9,329.9,329.9,329.9,0,0
2026-06-24 12:45:00+05:30,329.9,332.75,329.9,332.75,10,0
2026-06-24 13:00:00+05:30,332.75,337.4,331.55,332.15,1214,0
2026-06-24 13:15:00+05:30,332.15,332.95,330.0,330.0,1098,0
2026-06-24 13:30:00+05:30,330.05,330.05,330.05,330.05,10,0
2026-06-24 13:45:00+05:30,330.05,330.05,330.05,330.05,0,0
2026-06-24 14:00:00+05:30,330.05,332.8,330.05,332.8,733,0
2026-06-24 14:15:00+05:30,331.45,333.85,331.45,333.85,211,0
2026-06-24 14:30:00+05:30,333.85,335.0,333.3,334.0,1151,0
2026-06-24 14:45:00+05:30,334.0,335.0,334.0,334.05,423,0
2026-06-24 15:00:00+05:30,334.05,334.05,334.0,334.0,156,0
2026-06-24 15:15:00+05:30,334.0,335.0,330.0,330.0,659,0
2026-06-25 09:15:00+05:30,336.85,339.4,336.85,338.0,571,0
2026-06-25 09:30:00+05:30,338.0,338.0,333.55,335.45,348,0
2026-06-25 09:45:00+05:30,335.45,335.5,332.6,335.5,320,0
2026-06-25 10:00:00+05:30,335.5,335.5,333.0,333.6,207,0
2026-06-25 10:15:00+05:30,333.6,333.6,333.6,333.6,0,0
2026-06-25 10:30:00+05:30,333.6,333.6,333.25,333.25,50,0
2026-06-25 10:45:00+05:30,333.25,333.25,333.25,333.25,0,0
2026-06-25 11:00:00+05:30,333.25,333.85,333.05,333.85,107,0
2026-06-25 11:15:00+05:30,333.85,334.5,333.85,334.5,250,0
2026-06-25 11:30:00+05:30,334.5,334.5,334.05,334.05,1,0
2026-06-25 11:45:00+05:30,334.05,334.05,334.05,334.05,0,0
2026-06-25 12:00:00+05:30,334.05,334.5,334.0,334.0,195,0
2026-06-25 12:15:00+05:30,334.0,334.0,334.0,334.0,0,0
2026-06-25 12:30:00+05:30,334.0,334.0,330.7,330.9,586,0
2026-06-25 12:45:00+05:30,330.9,331.0,330.9,331.0,1,0
2026-06-25 13:00:00+05:30,331.45,331.9,331.3,331.7,56,0
2026-06-25 13:15:00+05:30,331.7,331.7,331.7,331.7,0,0
2026-06-25 13:30:00+05:30,331.7,331.7,331.0,331.0,318,0
2026-06-25 13:45:00+05:30,331.0,331.0,331.0,331.0,26,0
2026-06-25 14:00:00+05:30,331.0,332.0,330.9,330.9,1249,0
2026-06-25 14:15:00+05:30,330.9,330.9,330.9,330.9,0,0
2026-06-25 14:30:00+05:30,330.9,330.9,330.9,330.9,0,0
2026-06-25 14:45:00+05:30,330.9,331.0,330.9,331.0,74,0
2026-06-25 15:00:00+05:30,331.0,333.0,330.0,330.05,963,0
2026-06-25 15:15:00+05:30,330.05,330.35,324.8,325.0,4012,0
2026-06-29 09:15:00+05:30,329.85,337.8,329.85,335.55,457,0
2026-06-29 09:30:00+05:30,335.7,335.7,332.0,335.0,111,0
2026-06-29 09:45:00+05:30,335.0,335.0,335.0,335.0,5,0
2026-06-29 10:00:00+05:30,335.0,335.0,333.05,334.8,71,0
2026-06-29 10:15:00+05:30,334.8,335.45,334.5,335.45,7,0
2026-06-29 10:30:00+05:30,335.45,335.45,335.45,335.45,1,0
2026-06-29 10:45:00+05:30,335.45,335.45,335.45,335.45,0,0
2026-06-29 11:00:00+05:30,335.45,335.45,325.65,325.65,489,0
2026-06-29 11:15:00+05:30,326.0,326.0,326.0,326.0,1,0
2026-06-29 11:30:00+05:30,326.0,326.0,326.0,326.0,0,0
2026-06-29 11:45:00+05:30,326.0,326.0,326.0,326.0,0,0
2026-06-29 12:00:00+05:30,326.0,333.35,326.0,333.35,6,0
2026-06-29 12:15:00+05:30,333.35,333.35,331.4,331.4,50,0
2026-06-29 12:30:00+05:30,331.4,331.4,325.45,325.45,39,0
2026-06-29 12:45:00+05:30,325.45,326.1,325.45,326.1,24,0
2026-06-29 13:00:00+05:30,326.1,326.3,322.25,322.25,269,0
2026-06-29 13:15:00+05:30,322.25,326.1,322.25,326.1,1,0
2026-06-29 13:30:00+05:30,326.1,326.95,320.0,326.95,431,0
2026-06-29 13:45:00+05:30,326.95,326.95,321.1,326.05,51,0
2026-06-29 14:00:00+05:30,326.05,326.05,321.0,321.0,269,0
2026-06-29 14:15:00+05:30,321.0,323.5,321.0,321.0,205,0
2026-06-29 14:30:00+05:30,321.05,323.5,321.0,323.5,158,0
2026-06-29 14:45:00+05:30,322.95,323.0,322.95,323.0,113,0
2026-06-29 15:00:00+05:30,323.0,323.0,323.0,323.0,0,0
2026-06-29 15:15:00+05:30,322.1,323.0,312.1,312.1,3070,0
2026-06-30 09:15:00+05:30,325.15,329.0,323.05,326.3,2101,0
2026-06-30 09:30:00+05:30,326.3,326.3,326.0,326.0,400,0
2026-06-30 09:45:00+05:30,326.0,326.0,324.0,324.0,124,0
2026-06-30 10:00:00+05:30,324.0,325.45,324.0,325.45,125,0
2026-06-30 10:15:00+05:30,325.45,325.45,325.25,325.45,100,0
2026-06-30 10:30:00+05:30,325.45,325.45,322.2,322.2,104,0
2026-06-30 10:45:00+05:30,322.2,322.2,322.2,322.2,0,0
2026-06-30 11:00:00+05:30,322.2,322.2,322.2,322.2,0,0
2026-06-30 11:15:00+05:30,322.2,325.0,322.2,325.0,388,0
2026-06-30 11:30:00+05:30,325.0,325.0,325.0,325.0,0,0
2026-06-30 11:45:00+05:30,325.0,325.0,322.95,323.6,100,0
2026-06-30 12:00:00+05:30,323.6,323.6,323.6,323.6,0,0
2026-06-30 12:15:00+05:30,323.6,323.6,323.6,323.6,0,0
2026-06-30 12:30:00+05:30,323.6,323.6,323.6,323.6,0,0
2026-06-30 12:45:00+05:30,323.6,323.6,323.0,323.15,31,0
2026-06-30 13:00:00+05:30,323.15,323.15,321.8,321.9,176,0
2026-06-30 13:15:00+05:30,321.9,322.0,321.9,322.0,100,0
2026-06-30 13:30:00+05:30,322.0,322.0,321.7,322.0,226,0
2026-06-30 13:45:00+05:30,321.75,322.0,321.2,321.2,508,0
2026-06-30 14:00:00+05:30,321.0,321.0,320.9,321.0,351,0
2026-06-30 14:15:00+05:30,321.05,321.05,316.4,319.9,636,0
2026-06-30 14:30:00+05:30,319.9,322.0,319.9,322.0,147,0
2026-06-30 14:45:00+05:30,322.0,322.0,322.0,322.0,0,0
2026-06-30 15:00:00+05:30,322.0,322.0,321.55,321.6,204,0
2026-06-30 15:15:00+05:30,321.6,322.0,320.0,322.0,1364,0
2026-07-01 09:15:00+05:30,327.9,328.55,324.0,324.55,477,0
2026-07-01 09:30:00+05:30,324.45,325.4,321.35,324.3,324,0
2026-07-01 09:45:00+05:30,324.3,324.3,321.1,321.1,334,0
2026-07-01 10:00:00+05:30,321.0,321.0,319.9,319.9,255,0
2026-07-01 10:15:00+05:30,319.9,319.9,319.8,319.8,6,0
2026-07-01 10:30:00+05:30,319.8,319.8,319.8,319.8,82,0
2026-07-01 10:45:00+05:30,319.8,320.0,316.55,320.0,251,0
2026-07-01 11:00:00+05:30,320.0,320.0,320.0,320.0,0,0
2026-07-01 11:15:00+05:30,320.0,320.0,317.05,317.05,70,0
2026-07-01 11:30:00+05:30,317.05,320.0,316.35,316.5,307,0
2026-07-01 11:45:00+05:30,316.5,318.5,316.5,318.5,1,0
2026-07-01 12:00:00+05:30,318.5,319.2,318.5,319.1,114,0
2026-07-01 12:15:00+05:30,319.95,320.0,319.0,319.0,271,0
2026-07-01 12:30:00+05:30,319.0,319.2,319.0,319.1,14,0
2026-07-01 12:45:00+05:30,319.1,319.9,319.1,319.9,2,0
2026-07-01 13:00:00+05:30,319.9,319.9,318.0,318.0,211,0
2026-07-01 13:15:00+05:30,318.0,318.0,315.0,315.0,1489,0
2026-07-01 13:30:00+05:30,315.0,315.0,307.5,311.2,2133,0
2026-07-01 13:45:00+05:30,311.2,311.7,305.5,311.45,715,0
2026-07-01 14:00:00+05:30,311.45,312.15,310.0,312.15,56,0
2026-07-01 14:15:00+05:30,312.15,313.4,311.4,312.0,228,0
2026-07-01 14:30:00+05:30,312.0,312.0,311.5,311.5,217,0
2026-07-01 14:45:00+05:30,311.5,314.45,310.1,310.5,417,0
2026-07-01 15:00:00+05:30,310.5,312.4,310.0,311.8,599,0
2026-07-01 15:15:00+05:30,311.8,312.45,310.0,312.45,181,0
2026-07-02 09:15:00+05:30,321.3,323.0,316.05,317.1,546,0
2026-07-02 09:30:00+05:30,317.1,318.9,317.1,318.75,90,0
2026-07-02 09:45:00+05:30,318.75,318.75,316.35,316.6,111,0
2026-07-02 10:00:00+05:30,316.8,318.85,316.8,318.75,340,0
2026-07-02 10:15:00+05:30,318.75,318.9,318.0,318.9,73,0
2026-07-02 10:30:00+05:30,318.9,318.9,318.7,318.7,34,0
2026-07-02 10:45:00+05:30,318.7,319.0,318.15,319.0,251,0
2026-07-02 11:00:00+05:30,319.0,319.0,317.45,317.45,2,0
2026-07-02 11:15:00+05:30,317.45,319.0,317.45,318.1,23,0
2026-07-02 11:30:00+05:30,318.05,318.05,318.05,318.05,11,0
2026-07-02 11:45:00+05:30,318.05,319.15,318.05,319.15,30,0
2026-07-02 12:00:00+05:30,318.5,318.6,317.5,318.6,137,0
2026-07-02 12:15:00+05:30,318.6,318.6,317.15,317.6,8,0
2026-07-02 12:30:00+05:30,317.6,317.6,317.6,317.6,0,0
2026-07-02 12:45:00+05:30,317.6,318.45,317.6,318.45,5,0
2026-07-02 13:00:00+05:30,318.45,318.45,318.45,318.45,0,0
2026-07-02 13:15:00+05:30,318.45,319.9,312.05,319.55,1830,0
2026-07-02 13:30:00+05:30,319.55,319.55,318.4,318.4,58,0
2026-07-02 13:45:00+05:30,318.4,318.4,312.15,312.3,435,0
2026-07-02 14:00:00+05:30,312.3,312.3,312.3,312.3,0,0
2026-07-02 14:15:00+05:30,312.3,314.15,312.3,314.15,1,0
2026-07-02 14:30:00+05:30,314.15,314.15,314.05,314.1,19,0
2026-07-02 14:45:00+05:30,314.1,314.15,312.4,312.4,60,0
2026-07-02 15:00:00+05:30,312.4,315.65,312.4,315.65,71,0
2026-07-02 15:15:00+05:30,313.95,313.95,312.55,312.6,426,0
2026-07-03 09:15:00+05:30,318.55,318.55,315.05,316.0,214,0
2026-07-03 09:30:00+05:30,316.0,316.0,314.85,315.6,136,0
2026-07-03 09:45:00+05:30,315.6,317.9,315.6,317.0,359,0
2026-07-03 10:00:00+05:30,317.0,317.0,315.6,315.6,7,0
2026-07-03 10:15:00+05:30,315.6,316.9,315.6,316.8,26,0
2026-07-03 10:30:00+05:30,316.8,317.9,316.8,316.8,108,0
2026-07-03 10:45:00+05:30,316.8,320.0,316.8,319.9,431,0
2026-07-03 11:00:00+05:30,319.9,319.9,319.9,319.9,0,0
2026-07-03 11:15:00+05:30,319.9,319.9,319.8,319.9,10,0
2026-07-03 11:30:00+05:30,319.9,319.9,316.8,316.85,263,0
2026-07-03 11:45:00+05:30,316.85,316.85,316.85,316.85,0,0
2026-07-03 12:00:00+05:30,316.85,317.0,316.05,316.05,84,0
2026-07-03 12:15:00+05:30,316.05,320.0,316.05,320.0,541,0
2026-07-03 12:30:00+05:30,320.0,321.0,320.0,321.0,459,0
2026-07-03 12:45:00+05:30,321.0,321.0,320.75,320.75,1,0
2026-07-03 13:00:00+05:30,320.75,320.75,320.75,320.75,50,0
2026-07-03 13:15:00+05:30,320.75,320.75,320.75,320.75,0,0
2026-07-03 13:30:00+05:30,320.75,320.75,320.75,320.75,0,0
2026-07-03 13:45:00+05:30,320.75,320.75,320.75,320.75,0,0
2026-07-03 14:00:00+05:30,320.75,320.9,320.5,320.9,9,0
2026-07-03 14:15:00+05:30,320.9,320.9,320.65,320.9,10,0
2026-07-03 14:30:00+05:30,320.9,320.9,318.1,319.45,13,0
2026-07-03 14:45:00+05:30,319.45,319.6,319.45,319.6,1,0
2026-07-03 15:00:00+05:30,319.6,325.0,318.75,324.0,1095,0
2026-07-03 15:15:00+05:30,324.0,340.5,324.0,339.8,3346,0
2026-07-06 09:15:00+05:30,349.0,350.0,333.05,335.6,3528,0
2026-07-06 09:30:00+05:30,335.6,342.0,335.6,341.95,2283,0
2026-07-06 09:45:00+05:30,342.0,347.0,342.0,343.05,3604,0
2026-07-06 10:00:00+05:30,343.05,345.0,340.0,341.0,1512,0
2026-07-06 10:15:00+05:30,341.0,344.85,340.5,343.45,165,0
2026-07-06 10:30:00+05:30,343.45,349.45,341.5,343.0,1363,0
2026-07-06 10:45:00+05:30,343.15,347.75,343.0,345.55,34,0
2026-07-06 11:00:00+05:30,345.7,347.75,345.5,347.75,276,0
2026-07-06 11:15:00+05:30,347.75,349.0,347.75,348.3,65,0
2026-07-06 11:30:00+05:30,348.3,349.0,345.35,348.55,1134,0
2026-07-06 11:45:00+05:30,348.35,348.7,345.05,347.95,210,0
2026-07-06 12:00:00+05:30,347.95,348.0,344.15,345.85,75,0
2026-07-06 12:15:00+05:30,347.75,347.95,340.0,344.65,1770,0
2026-07-06 12:30:00+05:30,344.65,344.65,342.9,343.0,54,0
2026-07-06 12:45:00+05:30,343.0,345.7,340.0,343.65,1856,0
2026-07-06 13:00:00+05:30,343.7,346.25,340.1,344.15,510,0
2026-07-06 13:15:00+05:30,344.15,344.15,344.15,344.15,0,0
2026-07-06 13:30:00+05:30,346.3,347.0,344.15,344.3,614,0
2026-07-06 13:45:00+05:30,344.3,344.3,344.3,344.3,74,0
2026-07-06 14:00:00+05:30,344.3,344.3,340.6,342.0,424,0
2026-07-06 14:15:00+05:30,342.0,345.1,342.0,344.35,16,0
2026-07-06 14:30:00+05:30,344.35,345.7,340.0,344.0,600,0
2026-07-06 14:45:00+05:30,344.0,347.95,344.0,347.95,506,0
2026-07-06 15:00:00+05:30,341.3,344.6,340.5,344.05,479,0
2026-07-06 15:15:00+05:30,344.05,347.95,341.2,347.0,448,0
2026-07-07 09:15:00+05:30,340.0,348.0,340.0,347.85,289,0
2026-07-07 09:30:00+05:30,347.7,347.7,345.1,345.3,469,0
2026-07-07 09:45:00+05:30,346.65,347.7,346.65,346.9,81,0
2026-07-07 10:00:00+05:30,346.9,346.9,345.5,345.5,132,0
2026-07-07 10:15:00+05:30,345.5,346.0,336.45,338.2,1317,0
2026-07-07 10:30:00+05:30,339.65,340.2,335.0,337.5,1934,0
2026-07-07 10:45:00+05:30,337.5,338.0,337.5,337.5,60,0
2026-07-07 11:00:00+05:30,337.5,337.5,337.5,337.5,0,0
2026-07-07 11:15:00+05:30,337.5,337.5,337.5,337.5,0,0
2026-07-07 11:30:00+05:30,337.5,339.0,337.5,339.0,125,0
2026-07-07 11:45:00+05:30,339.0,339.0,339.0,339.0,0,0
2026-07-07 12:00:00+05:30,339.0,339.0,339.0,339.0,0,0
2026-07-07 12:15:00+05:30,339.0,340.55,337.5,337.5,547,0
2026-07-07 12:30:00+05:30,337.5,338.35,337.5,337.5,34,0
2026-07-07 12:45:00+05:30,337.5,339.9,337.5,339.9,22,0
2026-07-07 13:00:00+05:30,339.9,339.9,337.3,337.3,947,0
2026-07-07 13:15:00+05:30,337.3,340.05,336.45,340.0,781,0
2026-07-07 13:30:00+05:30,340.0,342.9,340.0,342.9,110,0
2026-07-07 13:45:00+05:30,342.9,342.9,341.85,341.95,26,0
2026-07-07 14:00:00+05:30,341.95,343.9,341.85,343.9,124,0
2026-07-07 14:15:00+05:30,343.9,343.95,341.3,343.95,77,0
2026-07-07 14:30:00+05:30,343.95,347.65,343.95,347.65,150,0
2026-07-07 14:45:00+05:30,347.65,347.65,345.8,346.0,11,0
2026-07-07 15:00:00+05:30,346.0,346.0,340.0,340.95,337,0
2026-07-07 15:15:00+05:30,340.95,346.5,340.0,346.0,907,0
2026-07-08 09:15:00+05:30,341.65,343.4,341.4,342.1,284,0
2026-07-08 09:30:00+05:30,341.55,341.85,338.05,339.0,495,0
2026-07-08 09:45:00+05:30,339.0,343.9,338.95,340.6,189,0
2026-07-08 10:00:00+05:30,340.6,341.6,340.6,341.6,6,0
2026-07-08 10:15:00+05:30,341.6,341.6,341.45,341.45,10,0
2026-07-08 10:30:00+05:30,341.45,341.45,341.45,341.45,0,0
2026-07-08 10:45:00+05:30,341.45,342.95,338.5,338.5,155,0
2026-07-08 11:00:00+05:30,338.5,343.75,338.5,339.95,830,0
2026-07-08 11:15:00+05:30,339.95,339.95,339.95,339.95,0,0
2026-07-08 11:30:00+05:30,339.95,341.9,339.85,339.85,104,0
2026-07-08 11:45:00+05:30,339.85,339.85,339.85,339.85,0,0
2026-07-08 12:00:00+05:30,339.85,340.05,330.05,334.2,453,0
2026-07-08 12:15:00+05:30,332.9,332.9,327.0,328.4,2620,0
2026-07-08 12:30:00+05:30,328.4,328.45,328.4,328.45,2,0
2026-07-08 12:45:00+05:30,328.55,328.55,328.45,328.45,47,0
2026-07-08 13:00:00+05:30,328.45,330.95,328.45,330.95,25,0
2026-07-08 13:15:00+05:30,329.1,330.95,328.75,328.75,143,0
2026-07-08 13:30:00+05:30,328.75,328.8,328.3,328.8,47,0
2026-07-08 13:45:00+05:30,328.8,331.0,328.3,331.0,392,0
2026-07-08 14:00:00+05:30,331.0,331.0,323.75,323.75,263,0
2026-07-08 14:15:00+05:30,323.75,328.95,323.75,325.85,208,0
2026-07-08 14:30:00+05:30,325.85,327.55,325.7,325.7,44,0
2026-07-08 14:45:00+05:30,325.7,326.0,316.65,323.5,471,0
2026-07-08 15:00:00+05:30,323.65,323.95,320.0,322.4,137,0
2026-07-08 15:15:00+05:30,322.55,326.6,322.4,325.0,421,0
2026-07-09 09:15:00+05:30,333.0,333.0,331.05,332.25,353,0
2026-07-09 09:30:00+05:30,332.2,332.9,331.2,332.0,452,0
2026-07-09 09:45:00+05:30,332.0,332.0,331.75,331.75,10,0
2026-07-09 10:00:00+05:30,332.35,333.9,331.85,333.45,225,0
2026-07-09 10:15:00+05:30,333.45,333.9,331.05,332.65,1055,0
2026-07-09 10:30:00+05:30,332.65,333.95,332.65,333.95,2,0
2026-07-09 10:45:00+05:30,333.95,334.0,332.5,332.5,23,0
2026-07-09 11:00:00+05:30,332.5,333.9,331.1,333.9,150,0
2026-07-09 11:15:00+05:30,331.75,333.9,331.75,332.9,110,0
2026-07-09 11:30:00+05:30,332.9,333.0,332.2,333.0,53,0
2026-07-09 11:45:00+05:30,333.0,333.0,332.2,332.2,470,0
2026-07-09 12:00:00+05:30,332.2,332.2,332.05,332.15,23,0
2026-07-09 12:15:00+05:30,333.3,333.3,333.05,333.05,11,0
2026-07-09 12:30:00+05:30,333.05,333.4,333.05,333.4,55,0
2026-07-09 12:45:00+05:30,333.4,333.95,332.9,333.95,307,0
2026-07-09 13:00:00+05:30,333.95,334.3,333.9,334.3,150,0
2026-07-09 13:15:00+05:30,334.3,334.3,334.3,334.3,0,0
2026-07-09 13:30:00+05:30,334.3,334.3,332.75,332.75,11,0
2026-07-09 13:45:00+05:30,332.75,334.1,332.3,332.3,35,0
2026-07-09 14:00:00+05:30,332.3,332.9,332.25,332.9,28,0
2026-07-09 14:15:00+05:30,332.9,333.0,331.6,331.8,198,0
2026-07-09 14:30:00+05:30,331.8,331.8,331.8,331.8,0,0
2026-07-09 14:45:00+05:30,331.9,331.9,328.85,329.9,964,0
2026-07-09 15:00:00+05:30,329.9,329.9,327.35,328.0,913,0
2026-07-09 15:15:00+05:30,327.9,330.0,327.35,327.35,1891,0
2026-07-10 09:15:00+05:30,315.9,334.9,315.9,334.45,177,0
2026-07-10 09:30:00+05:30,334.45,334.45,328.05,330.5,64,0
2026-07-10 09:45:00+05:30,331.8,331.8,331.8,331.8,10,0
2026-07-10 10:00:00+05:30,331.8,332.0,331.1,331.7,220,0
2026-07-10 10:15:00+05:30,331.7,332.75,331.7,332.75,11,0
2026-07-10 10:30:00+05:30,332.75,332.75,332.75,332.75,0,0
2026-07-10 10:45:00+05:30,332.75,332.75,332.75,332.75,100,0
2026-07-10 11:00:00+05:30,332.75,333.85,323.55,330.2,4109,0
2026-07-10 11:15:00+05:30,330.2,330.2,329.85,329.85,6,0
2026-07-10 11:30:00+05:30,329.85,330.2,329.85,330.2,102,0
2026-07-10 11:45:00+05:30,330.2,330.2,330.0,330.2,150,0
2026-07-10 12:00:00+05:30,330.2,330.2,329.0,329.65,24,0
2026-07-10 12:15:00+05:30,329.65,329.65,329.65,329.65,0,0
2026-07-10 12:30:00+05:30,329.65,330.0,329.65,330.0,150,0
2026-07-10 12:45:00+05:30,330.0,330.0,329.8,330.0,100,0
2026-07-10 13:00:00+05:30,330.0,330.0,330.0,330.0,0,0
2026-07-10 13:15:00+05:30,330.0,330.0,328.65,328.65,73,0
2026-07-10 13:30:00+05:30,329.05,329.05,329.05,329.05,25,0
2026-07-10 13:45:00+05:30,329.05,329.05,318.25,322.15,2824,0
2026-07-10 14:00:00+05:30,322.35,323.0,315.0,323.0,3795,0
2026-07-10 14:15:00+05:30,323.0,324.7,321.2,324.7,295,0
2026-07-10 14:30:00+05:30,324.7,324.7,323.1,323.95,80,0
2026-07-10 14:45:00+05:30,323.95,323.95,322.6,322.95,473,0
2026-07-10 15:00:00+05:30,323.05,323.6,320.0,322.5,513,0
2026-07-10 15:15:00+05:30,322.5,323.9,320.0,320.0,1216,0
2026-07-13 09:15:00+05:30,332.4,340.0,321.6,325.0,608,0
2026-07-13 09:30:00+05:30,325.0,325.5,324.5,325.5,14,0
2026-07-13 09:45:00+05:30,325.5,325.5,323.45,323.45,30,0
2026-07-13 10:00:00+05:30,323.45,323.9,323.05,323.05,11,0
2026-07-13 10:15:00+05:30,323.4,323.95,323.4,323.95,10,0
2026-07-13 10:30:00+05:30,323.95,324.25,323.4,324.25,439,0
2026-07-13 10:45:00+05:30,324.7,326.1,324.15,324.15,46,0
2026-07-13 11:00:00+05:30,324.15,324.15,323.05,323.4,69,0
2026-07-13 11:15:00+05:30,323.4,323.4,323.4,323.4,0,0
2026-07-13 11:30:00+05:30,323.4,323.4,323.4,323.4,0,0
2026-07-13 11:45:00+05:30,323.4,325.9,323.4,324.9,156,0
2026-07-13 12:00:00+05:30,324.9,324.9,324.9,324.9,0,0
2026-07-13 12:15:00+05:30,324.9,324.9,324.85,324.9,30,0
2026-07-13 12:30:00+05:30,324.9,325.65,324.9,325.65,10,0
2026-07-13 12:45:00+05:30,325.65,326.8,325.55,326.8,200,0
2026-07-13 13:00:00+05:30,326.8,328.9,326.6,327.0,261,0
2026-07-13 13:15:00+05:30,327.0,327.0,326.0,327.0,8,0
2026-07-13 13:30:00+05:30,327.0,332.0,327.0,329.55,117,0
2026-07-13 13:45:00+05:30,329.55,329.7,327.65,327.65,81,0
2026-07-13 14:00:00+05:30,327.65,327.65,327.65,327.65,0,0
2026-07-13 14:15:00+05:30,327.65,338.9,326.6,336.95,3534,0
2026-07-13 14:30:00+05:30,337.55,337.8,329.95,333.6,3932,0
2026-07-13 14:45:00+05:30,333.6,335.5,333.05,335.45,216,0
2026-07-13 15:00:00+05:30,335.45,336.0,335.45,336.0,105,0
2026-07-13 15:15:00+05:30,336.0,336.0,335.55,336.0,392,0
2026-07-14 09:15:00+05:30,335.0,335.0,328.05,328.05,160,0
2026-07-14 09:30:00+05:30,328.0,329.4,327.2,329.4,164,0
2026-07-14 09:45:00+05:30,329.4,329.4,328.1,328.25,71,0
2026-07-14 10:00:00+05:30,328.25,332.95,325.55,332.95,1399,0
2026-07-14 10:15:00+05:30,334.85,334.85,333.6,333.6,31,0
2026-07-14 10:30:00+05:30,333.6,333.6,332.7,332.7,51,0
2026-07-14 10:45:00+05:30,332.7,332.75,328.0,328.0,667,0
2026-07-14 11:00:00+05:30,328.0,328.0,325.35,326.85,194,0
2026-07-14 11:15:00+05:30,326.85,330.5,325.15,327.7,5635,0
2026-07-14 11:30:00+05:30,326.8,327.05,326.8,327.05,44,0
2026-07-14 11:45:00+05:30,327.05,327.2,327.05,327.2,8,0
2026-07-14 12:00:00+05:30,327.2,327.2,320.0,320.0,2107,0
2026-07-14 12:15:00+05:30,320.0,320.1,316.5,319.9,3529,0
2026-07-14 12:30:00+05:30,319.9,319.9,318.75,318.75,70,0
2026-07-14 12:45:00+05:30,318.75,318.75,318.75,318.75,0,0
2026-07-14 13:00:00+05:30,318.75,320.1,317.15,320.1,173,0
2026-07-14 13:15:00+05:30,320.1,320.1,319.9,320.1,36,0
2026-07-14 13:30:00+05:30,320.1,320.2,319.25,319.95,326,0
2026-07-14 13:45:00+05:30,319.95,319.95,318.1,318.1,35,0
2026-07-14 14:00:00+05:30,318.1,321.4,318.1,321.4,224,0
2026-07-14 14:15:00+05:30,321.4,321.4,319.45,319.45,36,0
2026-07-14 14:30:00+05:30,319.45,319.45,318.5,319.2,18,0
2026-07-14 14:45:00+05:30,319.2,319.8,318.65,319.2,209,0
2026-07-14 15:00:00+05:30,319.2,319.25,318.25,319.2,256,0
2026-07-14 15:15:00+05:30,319.2,319.7,315.1,315.4,2884,0
2026-07-15 09:15:00+05:30,317.1,325.0,317.1,320.6,646,0
2026-07-15 09:30:00+05:30,320.6,322.9,320.25,322.9,230,0
2026-07-15 09:45:00+05:30,322.9,322.9,318.05,322.4,382,0
2026-07-15 10:00:00+05:30,322.4,322.4,319.8,319.8,8,0
2026-07-15 10:15:00+05:30,319.8,321.45,319.8,320.3,179,0
2026-07-15 10:30:00+05:30,320.3,320.3,317.65,317.65,1520,0
2026-07-15 10:45:00+05:30,317.65,319.45,317.65,319.45,39,0
2026-07-15 11:00:00+05:30,319.45,319.45,311.8,317.45,1962,0
2026-07-15 11:15:00+05:30,317.45,317.45,307.1,312.95,3757,0
2026-07-15 11:30:00+05:30,312.95,316.2,312.45,312.8,565,0
2026-07-15 11:45:00+05:30,312.85,313.0,311.1,313.0,255,0
2026-07-15 12:00:00+05:30,313.0,316.75,306.05,309.15,2558,0
2026-07-15 12:15:00+05:30,309.3,314.0,309.0,314.0,252,0
2026-07-15 12:30:00+05:30,313.95,314.35,313.8,314.35,101,0
2026-07-15 12:45:00+05:30,314.35,314.35,311.3,311.35,73,0
2026-07-15 13:00:00+05:30,311.35,311.35,309.05,309.85,327,0
2026-07-15 13:15:00+05:30,309.85,310.0,304.1,306.0,2431,0
2026-07-15 13:30:00+05:30,306.0,308.95,306.0,307.0,493,0
2026-07-15 13:45:00+05:30,307.0,308.9,307.0,307.25,81,0
2026-07-15 14:00:00+05:30,307.25,308.9,307.25,308.9,48,0
2026-07-15 14:15:00+05:30,308.9,309.95,307.55,307.55,371,0
2026-07-15 14:30:00+05:30,307.55,308.75,307.5,307.6,177,0
2026-07-15 14:45:00+05:30,307.6,308.0,307.6,308.0,135,0
2026-07-15 15:00:00+05:30,308.0,308.4,308.0,308.4,104,0
2026-07-15 15:15:00+05:30,308.4,309.0,307.5,308.0,841,0
2026-07-16 09:15:00+05:30,310.0,313.5,308.85,310.45,252,0
2026-07-16 09:30:00+05:30,310.45,310.45,304.5,309.9,691,0
2026-07-16 09:45:00+05:30,309.9,309.9,302.15,306.1,864,0
2026-07-16 10:00:00+05:30,306.1,306.55,303.55,306.4,70,0
2026-07-16 10:15:00+05:30,306.4,309.95,306.4,306.5,286,0
2026-07-16 10:30:00+05:30,306.5,306.5,306.5,306.5,0,0
2026-07-16 10:45:00+05:30,306.5,306.5,306.5,306.5,0,0
2026-07-16 11:00:00+05:30,306.5,306.75,301.8,301.8,1014,0
2026-07-16 11:15:00+05:30,301.8,304.8,301.8,304.1,14,0
2026-07-16 11:30:00+05:30,303.85,303.9,303.85,303.9,5,0
2026-07-16 11:45:00+05:30,303.9,303.9,301.8,301.8,145,0
2026-07-16 12:00:00+05:30,301.8,301.8,299.0,299.8,807,0
2026-07-16 12:15:00+05:30,299.8,300.0,299.8,299.9,1032,0
2026-07-16 12:30:00+05:30,299.9,300.0,298.95,298.95,287,0
2026-07-16 12:45:00+05:30,298.95,299.0,296.0,297.5,1032,0
2026-07-16 13:00:00+05:30,297.5,297.5,297.5,297.5,0,0
2026-07-16 13:15:00+05:30,297.5,297.95,297.0,297.5,148,0
2026-07-16 13:30:00+05:30,297.5,297.5,297.5,297.5,10,0
2026-07-16 13:45:00+05:30,297.5,297.55,295.5,297.25,86,0
2026-07-16 14:00:00+05:30,297.25,300.0,295.4,298.15,4820,0
2026-07-16 14:15:00+05:30,298.15,298.65,298.15,298.65,17,0
2026-07-16 14:30:00+05:30,298.65,298.65,297.55,297.55,166,0
2026-07-16 14:45:00+05:30,297.55,300.0,297.0,300.0,728,0
2026-07-16 15:00:00+05:30,300.0,300.0,298.85,299.0,134,0
2026-07-16 15:15:00+05:30,298.9,299.0,289.3,291.95,6595,0
2026-07-17 09:15:00+05:30,296.05,308.0,296.05,297.75,8836,0
2026-07-17 09:30:00+05:30,297.8,297.8,291.25,293.2,6393,0
2026-07-17 09:45:00+05:30,293.25,302.65,292.1,296.9,90777,0
2026-07-17 10:00:00+05:30,296.9,299.0,296.9,298.05,1298,0
2026-07-17 10:15:00+05:30,298.05,299.05,298.0,299.0,8963,0
2026-07-17 10:30:00+05:30,299.0,299.0,298.85,299.0,953,0
2026-07-17 10:45:00+05:30,299.0,300.0,299.0,299.75,30927,0
2026-07-17 11:00:00+05:30,299.85,299.95,298.0,299.0,10649,0
2026-07-17 11:15:00+05:30,299.0,299.0,298.55,298.55,291,0
2026-07-17 11:30:00+05:30,298.55,298.55,298.15,298.15,530,0
2026-07-17 11:45:00+05:30,298.55,298.8,298.25,298.25,20079,0
2026-07-17 12:00:00+05:30,298.1,299.0,298.0,298.0,1244,0
2026-07-17 12:15:00+05:30,298.2,299.0,295.05,296.85,4905,0
2026-07-17 12:30:00+05:30,297.7,298.9,296.85,298.0,714,0
2026-07-17 12:45:00+05:30,298.35,300.0,298.35,299.85,9506,0
2026-07-17 13:00:00+05:30,299.85,300.0,298.35,298.35,1939,0
2026-07-17 13:15:00+05:30,298.65,300.0,298.25,298.55,664,0
2026-07-17 13:30:00+05:30,298.35,298.7,296.75,298.7,4397,0
2026-07-17 13:45:00+05:30,299.0,300.0,299.0,299.05,4118,0
2026-07-17 14:00:00+05:30,299.05,300.0,299.05,299.75,22235,0
2026-07-17 14:15:00+05:30,299.75,300.0,299.5,299.5,4852,0
2026-07-17 14:30:00+05:30,299.95,310.25,297.6,298.0,105610,0
2026-07-17 14:45:00+05:30,298.0,298.4,293.3,294.45,4502,0
2026-07-17 15:00:00+05:30,294.15,294.7,292.35,292.55,2189,0
2026-07-17 15:15:00+05:30,292.35,294.0,292.0,292.4,4880,0
2026-07-20 09:15:00+05:30,294.9,294.9,286.0,286.55,1687,0
2026-07-20 09:30:00+05:30,287.05,288.85,286.5,288.85,1155,0
2026-07-20 09:45:00+05:30,289.8,290.15,281.6,286.25,5659,0
2026-07-20 10:00:00+05:30,285.6,286.0,284.1,284.85,721,0
2026-07-20 10:15:00+05:30,284.85,284.85,282.25,282.65,547,0
2026-07-20 10:30:00+05:30,282.55,284.2,282.55,283.75,371,0
2026-07-20 10:45:00+05:30,283.75,284.3,282.55,284.3,327,0
2026-07-20 11:00:00+05:30,284.3,284.9,283.45,284.9,608,0
2026-07-20 11:15:00+05:30,284.9,286.85,284.9,286.85,284,0
2026-07-20 11:30:00+05:30,286.85,286.85,286.45,286.45,52,0
2026-07-20 11:45:00+05:30,286.45,287.45,285.0,287.45,297,0
2026-07-20 12:00:00+05:30,287.85,288.85,286.6,286.6,355,0
2026-07-20 12:15:00+05:30,286.6,286.95,286.6,286.95,1,0
2026-07-20 12:30:00+05:30,286.9,286.95,284.1,284.4,530,0
2026-07-20 12:45:00+05:30,285.65,285.95,284.0,285.4,221,0
2026-07-20 13:00:00+05:30,284.3,285.8,282.25,282.25,573,0
2026-07-20 13:15:00+05:30,282.25,284.85,282.05,284.7,296,0
2026-07-20 13:30:00+05:30,284.7,284.95,283.1,283.2,83,0
2026-07-20 13:45:00+05:30,283.2,285.4,283.2,283.45,118,0
2026-07-20 14:00:00+05:30,283.45,284.95,282.0,283.2,219,0
2026-07-20 14:15:00+05:30,283.2,284.15,282.05,283.55,100,0
2026-07-20 14:30:00+05:30,283.55,285.4,282.8,282.8,270,0
2026-07-20 14:45:00+05:30,284.6,285.55,282.8,284.5,243,0
2026-07-20 15:00:00+05:30,284.15,284.7,281.0,282.0,1963,0
2026-07-20 15:15:00+05:30,283.7,299.0,281.35,288.0,3162,0
2026-07-21 09:15:00+05:30,292.0,297.0,285.25,285.25,3393,0
2026-07-21 09:30:00+05:30,285.25,288.25,283.95,285.55,1454,0
2026-07-21 09:45:00+05:30,285.55,287.45,284.75,285.15,657,0
2026-07-21 10:00:00+05:30,285.0,285.7,284.25,284.55,180,0
2026-07-21 10:15:00+05:30,284.55,285.0,284.2,285.0,292,0
2026-07-21 10:30:00+05:30,284.65,285.35,283.65,285.25,674,0
2026-07-21 10:45:00+05:30,285.25,285.25,285.25,285.25,0,0
2026-07-21 11:00:00+05:30,285.25,287.95,284.85,285.0,1062,0
2026-07-21 11:15:00+05:30,284.95,286.0,284.1,285.1,218,0
2026-07-21 11:30:00+05:30,285.1,287.0,285.1,285.55,717,0
2026-07-21 11:45:00+05:30,285.55,286.3,285.3,286.15,61,0
2026-07-21 12:00:00+05:30,286.35,288.1,286.25,288.05,217,0
2026-07-21 12:15:00+05:30,288.05,288.35,288.05,288.35,1,0
2026-07-21 12:30:00+05:30,288.35,291.65,288.35,289.85,382,0
2026-07-21 12:45:00+05:30,290.85,291.6,290.85,291.6,30,0
2026-07-21 13:00:00+05:30,291.6,291.95,289.1,291.9,187,0
2026-07-21 13:15:00+05:30,291.9,291.9,290.7,291.4,66,0
2026-07-21 13:30:00+05:30,291.2,291.95,291.2,291.95,16,0
2026-07-21 13:45:00+05:30,290.35,299.0,288.0,289.9,5744,0
2026-07-21 14:00:00+05:30,289.05,290.0,289.05,290.0,36,0
2026-07-21 14:15:00+05:30,290.0,290.3,286.1,286.85,1184,0
2026-07-21 14:30:00+05:30,286.85,286.85,285.35,286.3,182,0
2026-07-21 14:45:00+05:30,286.25,287.05,285.1,285.25,1541,0
2026-07-21 15:00:00+05:30,286.05,287.45,285.75,287.0,167,0
2026-07-21 15:15:00+05:30,286.1,295.0,285.95,289.0,4056,0
2026-07-22 09:15:00+05:30,289.35,293.0,281.2,281.25,5680,0
2026-07-22 09:30:00+05:30,281.6,281.6,276.25,277.25,3991,0
2026-07-22 09:45:00+05:30,277.6,277.6,267.25,273.0,8007,0
2026-07-22 10:00:00+05:30,273.8,277.95,273.8,276.6,1159,0
2026-07-22 10:15:00+05:30,276.6,277.9,274.0,275.85,1354,0
2026-07-22 10:30:00+05:30,274.95,275.35,274.0,275.3,912,0
2026-07-22 10:45:00+05:30,275.3,275.3,274.1,274.2,8,0
2026-07-22 11:00:00+05:30,275.1,275.95,273.0,274.0,6698,0
2026-07-22 11:15:00+05:30,274.0,274.0,269.0,269.8,2122,0
2026-07-22 11:30:00+05:30,269.8,278.0,268.95,275.4,13109,0
2026-07-22 11:45:00+05:30,275.0,278.75,274.3,277.0,1738,0
2026-07-22 12:00:00+05:30,277.0,277.0,274.7,274.7,374,0
2026-07-22 12:15:00+05:30,274.7,279.9,274.4,277.75,2030,0
2026-07-22 12:30:00+05:30,277.75,277.75,276.6,276.6,7,0
2026-07-22 12:45:00+05:30,276.8,278.5,275.0,278.05,4348,0
2026-07-22 13:00:00+05:30,278.05,281.85,278.05,278.85,2354,0
2026-07-22 13:15:00+05:30,278.95,279.0,276.9,276.9,332,0
2026-07-22 13:30:00+05:30,276.9,277.35,276.9,277.35,227,0
2026-07-22 13:45:00+05:30,277.35,277.75,277.05,277.5,14,0
2026-07-22 14:00:00+05:30,277.5,277.5,275.3,276.85,640,0
2026-07-22 14:15:00+05:30,276.1,277.25,276.0,276.6,125,0
2026-07-22 14:30:00+05:30,276.6,277.9,276.6,277.55,20,0
2026-07-22 14:45:00+05:30,277.55,277.55,276.0,277.4,2078,0
2026-07-22 15:00:00+05:30,277.35,278.0,276.8,277.9,644,0
2026-07-22 15:15:00+05:30,277.05,278.95,271.35,272.05,4992,0
2026-07-23 09:15:00+05:30,275.25,287.95,272.0,287.95,3068,0
2026-07-23 09:30:00+05:30,283.95,287.95,279.65,280.0,2472,0
2026-07-23 09:45:00+05:30,280.85,281.2,278.6,281.15,1284,0
2026-07-23 10:00:00+05:30,281.15,283.5,280.65,281.3,2579,0
2026-07-23 10:15:00+05:30,281.1,284.9,280.95,284.05,6368,0
2026-07-23 10:30:00+05:30,284.05,284.9,283.7,284.9,362,0
2026-07-23 10:45:00+05:30,284.9,284.9,279.95,280.6,2199,0
2026-07-23 11:00:00+05:30,280.85,284.95,278.75,279.95,7855,0
2026-07-23 11:15:00+05:30,279.95,280.9,278.5,278.85,779,0
2026-07-23 11:30:00+05:30,278.85,280.35,275.1,278.0,2020,0
2026-07-23 11:45:00+05:30,278.0,278.8,277.0,278.3,208,0
2026-07-23 12:00:00+05:30,278.3,278.95,278.0,278.75,184,0
2026-07-23 12:15:00+05:30,278.05,278.1,277.6,278.05,85,0
2026-07-23 12:30:00+05:30,278.05,278.05,278.05,278.05,8,0
2026-07-23 12:45:00+05:30,278.05,278.05,276.5,276.65,415,0
2026-07-23 13:00:00+05:30,276.65,276.7,276.05,276.65,92,0
2026-07-23 13:15:00+05:30,276.65,277.0,275.9,277.0,220,0
2026-07-23 13:30:00+05:30,277.0,277.0,276.3,276.35,10,0
2026-07-23 13:45:00+05:30,276.35,278.2,276.35,278.0,1915,0
2026-07-23 14:00:00+05:30,278.5,281.4,277.05,277.05,333,0
2026-07-23 14:15:00+05:30,277.1,278.6,277.0,277.25,233,0
2026-07-23 14:30:00+05:30,277.25,279.9,277.1,277.3,103,0
2026-07-23 14:45:00+05:30,277.3,279.6,277.3,279.6,248,0
2026-07-23 15:00:00+05:30,279.6,281.4,277.05,278.95,874,0
2026-07-23 15:15:00+05:30,278.95,281.5,275.95,281.5,6655,0
2026-07-24 09:15:00+05:30,280.0,280.0,277.55,277.55,514,0
2026-07-24 09:30:00+05:30,277.65,279.45,276.05,276.1,242,0
2026-07-24 09:45:00+05:30,276.8,276.8,274.1,275.05,150,0
2026-07-24 10:00:00+05:30,275.05,275.65,272.05,273.0,215,0
2026-07-24 10:15:00+05:30,273.0,274.3,273.0,274.3,52,0
2026-07-24 10:30:00+05:30,274.3,275.85,274.3,274.95,138,0
2026-07-24 10:45:00+05:30,274.95,275.1,274.95,275.1,23,0
2026-07-24 11:00:00+05:30,275.1,275.7,274.85,275.7,59,0
2026-07-24 11:15:00+05:30,275.7,275.7,273.15,273.15,296,0
2026-07-24 11:30:00+05:30,273.15,274.8,272.05,274.8,1223,0
2026-07-24 11:45:00+05:30,274.8,274.8,274.1,274.65,30,0
2026-07-24 12:00:00+05:30,274.65,275.95,274.25,274.5,33,0
2026-07-24 12:15:00+05:30,274.5,275.0,274.0,274.0,82,0
2026-07-24 12:30:00+05:30,274.9,278.9,274.9,278.9,1833,0
2026-07-24 12:45:00+05:30,278.9,279.75,278.9,279.75,13,0
2026-07-24 13:00:00+05:30,279.75,279.75,274.05,276.4,1067,0
2026-07-24 13:15:00+05:30,276.3,276.3,274.05,276.2,142,0
2026-07-24 13:30:00+05:30,276.2,276.2,276.2,276.2,0,0
2026-07-24 13:45:00+05:30,276.2,276.2,276.0,276.2,6,0
2026-07-24 14:00:00+05:30,276.0,276.1,273.5,273.5,1368,0
2026-07-24 14:15:00+05:30,273.5,273.5,273.05,273.05,1365,0
2026-07-24 14:30:00+05:30,273.05,273.3,272.55,272.55,21,0
2026-07-24 14:45:00+05:30,272.55,273.1,270.35,270.35,591,0
2026-07-24 15:00:00+05:30,271.7,272.2,270.2,272.0,7298,0
2026-07-24 15:15:00+05:30,271.7,272.55,270.2,272.45,614,0
2026-07-27 09:15:00+05:30,282.0,282.3,274.2,274.2,1047,0
2026-07-27 09:30:00+05:30,274.2,275.9,274.2,275.7,24,0
2026-07-27 09:45:00+05:30,275.7,277.3,272.6,275.0,1281,0
2026-07-27 10:00:00+05:30,275.0,275.7,268.2,269.9,3146,0
2026-07-27 10:15:00+05:30,270.45,271.15,265.15,269.0,4499,0
2026-07-27 10:30:00+05:30,269.0,270.9,269.0,270.9,268,0
2026-07-27 10:45:00+05:30,269.2,270.0,268.5,269.45,235,0
2026-07-27 11:00:00+05:30,269.45,269.5,268.0,268.0,600,0
2026-07-27 11:15:00+05:30,269.0,273.9,268.15,269.25,3567,0
2026-07-27 11:30:00+05:30,269.25,270.25,269.25,270.25,22,0
2026-07-27 11:45:00+05:30,270.65,270.65,269.6,269.95,243,0
2026-07-27 12:00:00+05:30,269.95,271.0,269.95,270.85,71,0
2026-07-27 12:15:00+05:30,270.45,270.45,267.75,268.1,663,0
2026-07-27 12:30:00+05:30,268.8,268.8,265.95,267.95,3131,0
2026-07-27 12:45:00+05:30,267.95,269.9,267.95,269.8,513,0
2026-07-27 13:00:00+05:30,269.8,269.9,269.8,269.9,38,0
2026-07-27 13:15:00+05:30,269.9,269.9,267.5,267.65,505,0
2026-07-27 13:30:00+05:30,267.65,267.65,267.65,267.65,0,0
2026-07-27 13:45:00+05:30,267.65,269.55,267.65,267.65,285,0
2026-07-27 14:00:00+05:30,269.4,269.4,269.4,269.4,5,0
2026-07-27 14:15:00+05:30,269.4,269.4,267.9,267.9,65,0
2026-07-27 14:30:00+05:30,267.9,275.0,267.9,270.6,2778,0
2026-07-27 14:45:00+05:30,270.6,271.15,270.05,270.05,147,0
2026-07-27 15:00:00+05:30,270.05,271.0,269.85,270.0,23,0
2026-07-27 15:15:00+05:30,270.0,271.0,267.85,268.05,1187,0
2026-07-28 09:15:00+05:30,269.9,271.85,263.0,266.2,3912,0
2026-07-28 09:30:00+05:30,266.2,266.2,262.6,263.6,1670,0
2026-07-28 09:45:00+05:30,263.6,265.05,263.05,265.05,553,0
2026-07-28 10:00:00+05:30,265.05,266.9,265.05,265.55,70,0
2026-07-28 10:15:00+05:30,265.55,265.55,265.55,265.55,0,0
2026-07-28 10:30:00+05:30,265.55,265.55,265.55,265.55,0,0
2026-07-28 10:45:00+05:30,265.2,267.05,265.0,265.05,1502,0
2026-07-28 11:00:00+05:30,265.05,267.0,265.05,266.1,38,0
2026-07-28 11:15:00+05:30,266.1,268.95,265.0,265.0,1363,0
2026-07-28 11:30:00+05:30,265.0,267.95,265.0,267.75,970,0
2026-07-28 11:45:00+05:30,267.75,268.4,265.1,265.1,703,0
2026-07-28 12:00:00+05:30,265.1,269.9,265.05,265.2,1659,0
2026-07-28 12:15:00+05:30,265.95,267.2,265.05,265.6,1145,0
2026-07-28 12:30:00+05:30,265.6,269.9,265.0,265.0,2241,0
2026-07-28 12:45:00+05:30,265.0,266.05,264.0,265.65,1116,0
2026-07-28 13:00:00+05:30,265.65,265.65,263.0,263.0,865,0
2026-07-28 13:15:00+05:30,263.0,263.6,262.5,262.5,1930,0
2026-07-28 13:30:00+05:30,262.5,263.45,262.0,263.45,378,0
2026-07-28 13:45:00+05:30,263.45,264.55,262.95,264.0,22,0
2026-07-28 14:00:00+05:30,264.0,264.65,262.6,263.4,644,0
2026-07-28 14:15:00+05:30,263.4,264.65,263.25,264.35,543,0
2026-07-28 14:30:00+05:30,264.4,265.9,263.25,264.4,1147,0
2026-07-28 14:45:00+05:30,264.4,265.8,264.4,264.45,10826,0
2026-07-28 15:00:00+05:30,264.45,264.5,261.1,261.2,1762,0
2026-07-28 15:15:00+05:30,261.8,267.55,260.45,264.85,1307,0
2026-07-29 09:15:00+05:30,264.45,267.0,264.45,265.55,623,0
2026-07-29 09:30:00+05:30,265.55,266.95,265.55,265.8,579,0
2026-07-29 09:45:00+05:30,265.7,267.9,265.7,266.65,421,0
2026-07-29 10:00:00+05:30,266.65,266.95,266.65,266.95,3,0
2026-07-29 10:15:00+05:30,268.05,269.35,267.7,267.95,912,0
2026-07-29 10:30:00+05:30,267.95,278.75,267.95,271.1,1456,0
2026-07-29 10:45:00+05:30,271.1,271.1,268.9,269.5,93,0
2026-07-29 11:00:00+05:30,269.5,271.0,269.3,271.0,176,0
2026-07-29 11:15:00+05:30,271.05,271.85,268.1,270.1,1469,0
2026-07-29 11:30:00+05:30,270.0,272.0,270.0,271.8,136,0
2026-07-29 11:45:00+05:30,271.8,273.35,271.8,272.6,5,0
2026-07-29 12:00:00+05:30,273.05,273.45,272.6,273.0,950,0
2026-07-29 12:15:00+05:30,273.0,277.6,272.4,277.1,2850,0
2026-07-29 12:30:00+05:30,277.1,277.45,276.9,277.15,266,0
2026-07-29 12:45:00+05:30,277.15,277.45,276.75,277.0,629,0
2026-07-29 13:00:00+05:30,277.0,277.0,272.0,272.05,1475,0
2026-07-29 13:15:00+05:30,272.85,273.7,272.75,273.7,327,0
2026-07-29 13:30:00+05:30,273.7,276.95,273.65,276.45,1809,0
2026-07-29 13:45:00+05:30,276.45,276.45,275.75,276.1,168,0
2026-07-29 14:00:00+05:30,276.1,276.1,272.25,275.35,3359,0
2026-07-29 14:15:00+05:30,275.35,275.35,275.35,275.35,0,0
2026-07-29 14:30:00+05:30,275.35,275.35,275.35,275.35,0,0
2026-07-29 14:45:00+05:30,275.35,278.05,269.95,278.0,79015,0
2026-07-29 15:00:00+05:30,277.85,277.95,275.1,276.6,190,0
2026-07-29 15:15:00+05:30,276.6,276.6,274.1,275.3,775,0
2026-07-30 09:15:00+05:30,283.95,283.95,276.7,280.6,4612,0
2026-07-30 09:30:00+05:30,279.5,283.35,278.45,283.35,2522,0
2026-07-30 09:45:00+05:30,282.95,289.0,282.95,286.7,2557,0
2026-07-30 10:00:00+05:30,286.8,288.0,286.0,286.8,780,0
2026-07-30 10:15:00+05:30,286.1,286.4,285.0,286.1,605,0
2026-07-30 10:30:00+05:30,286.95,287.4,285.8,286.15,144,0
2026-07-30 10:45:00+05:30,286.15,286.15,285.8,286.05,645,0
2026-07-30 11:00:00+05:30,286.15,286.15,285.6,286.1,671,0
2026-07-30 11:15:00+05:30,286.1,286.55,286.1,286.5,515,0
2026-07-30 11:30:00+05:30,286.5,286.5,286.1,286.1,535,0
2026-07-30 11:45:00+05:30,286.25,288.2,286.1,287.9,607,0
2026-07-30 12:00:00+05:30,287.85,287.95,286.1,286.1,1154,0
2026-07-30 12:15:00+05:30,286.85,299.9,286.2,294.5,20181,0
2026-07-30 12:30:00+05:30,294.6,296.3,287.6,292.15,8643,0
2026-07-30 12:45:00+05:30,292.1,292.1,289.05,291.05,3619,0
2026-07-30 13:00:00+05:30,290.1,295.35,289.25,292.0,36790,0
2026-07-30 13:15:00+05:30,291.75,293.95,290.65,290.65,2627,0
2026-07-30 13:30:00+05:30,290.6,292.1,290.5,291.5,568,0
2026-07-30 13:45:00+05:30,291.5,292.85,288.0,289.1,2494,0
2026-07-30 14:00:00+05:30,288.05,288.1,283.7,286.1,1636,0
2026-07-30 14:15:00+05:30,286.1,286.8,285.6,286.0,370,0
2026-07-30 14:30:00+05:30,286.0,286.95,285.05,285.05,250,0
2026-07-30 14:45:00+05:30,285.35,287.1,285.2,287.1,537,0
2026-07-30 15:00:00+05:30,287.1,287.1,284.6,284.6,1628,0
2026-07-30 15:15:00+05:30,285.05,294.1,284.0,287.55,8033,0
2026-07-31 09:15:00+05:30,299.9,308.0,289.0,292.15,7335,0
2026-07-31 09:30:00+05:30,293.9,295.6,291.0,293.0,3116,0
2026-07-31 09:45:00+05:30,292.3,295.65,291.25,295.65,1508,0
2026-07-31 10:00:00+05:30,293.75,296.0,293.75,296.0,361,0
2026-07-31 10:15:00+05:30,295.65,295.65,288.5,288.8,7476,0
2026-07-31 10:30:00+05:30,289.0,290.0,289.0,290.0,465,0
2026-07-31 10:45:00+05:30,290.0,290.0,288.5,289.05,639,0
2026-07-31 11:00:00+05:30,289.05,290.0,288.6,288.6,171,0
2026-07-31 11:15:00+05:30,288.6,290.0,288.6,288.7,508,0
2026-07-31 11:30:00+05:30,288.7,288.7,287.5,287.85,2551,0
2026-07-31 11:45:00+05:30,287.85,288.7,287.85,288.7,308,0
2026-07-31 12:00:00+05:30,288.7,288.7,287.95,288.7,686,0
2026-07-31 12:15:00+05:30,288.15,288.4,284.0,284.75,1713,0
2026-07-31 12:30:00+05:30,284.55,288.65,284.0,285.45,16808,0
2026-07-31 12:45:00+05:30,285.5,287.85,285.45,286.9,24504,0
2026-07-31 13:00:00+05:30,286.9,287.25,285.45,285.45,1415,0
2026-07-31 13:15:00+05:30,285.45,287.45,285.45,287.15,1018,0
2026-07-31 13:30:00+05:30,287.15,287.95,286.5,286.9,583,0
2026-07-31 13:45:00+05:30,286.9,288.15,286.3,287.55,344,0
2026-07-31 14:00:00+05:30,287.55,288.7,287.55,288.5,2474,0
2026-07-31 14:15:00+05:30,287.75,288.7,287.75,288.1,50451,0
2026-07-31 14:30:00+05:30,289.2,290.0,287.05,289.0,1727,0
2026-07-31 14:45:00+05:30,289.0,289.7,288.6,288.85,144,0
2026-07-31 15:00:00+05:30,289.0,289.3,288.1,288.8,556,0
2026-07-31 15:15:00+05:30,289.15,290.0,288.1,290.0,15288,0
2026-08-03 09:15:00+05:30,322.0,322.0,297.5,297.8,13562,0
2026-08-03 09:30:00+05:30,297.8,300.0,293.35,294.55,18265,0
2026-08-03 09:45:00+05:30,295.0,295.0,292.0,293.25,2462,0
2026-08-03 10:00:00+05:30,293.1,293.45,290.8,293.45,649,0
2026-08-03 10:15:00+05:30,293.0,293.5,293.0,293.35,318,0
2026-08-03 10:30:00+05:30,293.35,294.95,293.35,294.95,544,0
2026-08-03 10:45:00+05:30,294.95,296.0,294.14,295.0,442,0
2026-08-03 11:00:00+05:30,295.0,295.05,294.05,294.05,211,0
2026-08-03 11:15:00+05:30,294.05,294.95,294.0,294.95,229,0
2026-08-03 11:30:00+05:30,294.95,295.25,294.95,295.25,4,0
2026-08-03 11:45:00+05:30,295.25,296.0,295.1,295.2,379,0
2026-08-03 12:00:00+05:30,295.2,295.64,295.2,295.64,96,0
2026-08-03 12:15:00+05:30,295.64,295.64,294.95,295.1,157,0
2026-08-03 12:30:00+05:30,295.1,295.6,294.95,295.0,62,0
2026-08-03 12:45:00+05:30,295.0,295.95,295.0,295.95,298,0
2026-08-03 13:00:00+05:30,296.35,296.5,296.1,296.2,176,0
2026-08-03 13:15:00+05:30,296.2,296.2,296.05,296.2,158,0
2026-08-03 13:30:00+05:30,296.2,296.2,295.5,295.5,105,0
2026-08-03 13:45:00+05:30,295.5,296.0,292.0,293.05,1771,0
2026-08-03 14:00:00+05:30,293.05,295.89,293.05,295.7,366,0
2026-08-03 14:15:00+05:30,295.7,295.7,295.7,295.7,0,0
2026-08-03 14:30:00+05:30,295.7,295.7,295.7,295.7,27,0
2026-08-03 14:45:00+05:30,295.7,295.7,293.05,295.05,507,0
2026-08-03 15:00:00+05:30,295.05,295.05,293.0,294.95,603,0
2026-08-03 15:15:00+05:30,294.95,296.89,286.85,287.5,3359,0
2026-08-04 09:15:00+05:30,294.0,297.05,292.6,294.0,1595,0
2026-08-04 09:30:00+05:30,294.0,294.0,288.05,288.95,2429,0
2026-08-04 09:45:00+05:30,288.95,289.45,287.3,289.1,735,0
2026-08-04 10:00:00+05:30,289.14,290.0,289.0,290.0,4392,0
2026-08-04 10:15:00+05:30,290.0,290.0,289.0,289.8,221,0
2026-08-04 10:30:00+05:30,289.8,290.0,289.64,289.85,483,0
2026-08-04 10:45:00+05:30,289.85,289.85,289.85,289.85,2,0
2026-08-04 11:00:00+05:30,289.85,290.0,287.2,288.8,1592,0
2026-08-04 11:15:00+05:30,288.8,289.0,287.55,287.55,129,0
2026-08-04 11:30:00+05:30,287.55,289.45,287.2,287.2,273,0
2026-08-04 11:45:00+05:30,287.2,287.95,286.55,286.95,386,0
2026-08-04 12:00:00+05:30,286.95,286.95,285.8,285.89,39,0
2026-08-04 12:15:00+05:30,285.35,285.35,285.35,285.35,76,0
2026-08-04 12:30:00+05:30,285.75,285.75,285.75,285.75,38,0
2026-08-04 12:45:00+05:30,285.75,286.95,285.75,286.95,34,0
2026-08-04 13:00:00+05:30,286.95,286.95,285.85,285.85,1,0
2026-08-04 13:15:00+05:30,285.85,290.0,285.85,290.0,483,0
2026-08-04 13:30:00+05:30,290.0,290.0,288.35,289.85,17499,0
2026-08-04 13:45:00+05:30,289.85,290.0,289.0,289.0,3112,0
2026-08-04 14:00:00+05:30,289.85,290.0,288.05,288.95,5075,0
2026-08-04 14:15:00+05:30,288.95,289.95,288.95,289.95,106,0
2026-08-04 14:30:00+05:30,289.95,289.95,289.8,289.8,50,0
2026-08-04 14:45:00+05:30,289.8,289.8,287.64,288.89,1277,0
2026-08-04 15:00:00+05:30,288.89,290.0,287.0,290.0,3156,0
2026-08-04 15:15:00+05:30,288.7,290.0,287.25,290.0,6735,0
2026-08-05 09:15:00+05:30,295.25,300.85,294.3,295.4,5693,0
2026-08-05 09:30:00+05:30,295.05,295.1,287.8,288.15,8958,0
2026-08-05 09:45:00+05:30,289.0,290.0,288.15,289.1,2147,0
2026-08-05 10:00:00+05:30,289.1,289.85,289.1,289.85,478,0
2026-08-05 10:15:00+05:30,289.85,290.0,288.1,288.1,1965,0
2026-08-05 10:30:00+05:30,288.2,289.0,288.05,288.9,1055,0
2026-08-05 10:45:00+05:30,288.3,288.3,287.8,287.9,2029,0
2026-08-05 11:00:00+05:30,287.9,288.0,286.15,287.2,840,0
2026-08-05 11:15:00+05:30,287.9,287.9,287.9,287.9,202,0
2026-08-05 11:30:00+05:30,287.9,287.9,287.9,287.9,0,0
2026-08-05 11:45:00+05:30,287.9,287.9,286.1,286.15,681,0
2026-08-05 12:00:00+05:30,286.15,287.25,286.15,286.35,325,0
2026-08-05 12:15:00+05:30,286.35,287.9,286.35,287.9,209,0
2026-08-05 12:30:00+05:30,287.9,287.9,286.45,286.45,51,0
2026-08-05 12:45:00+05:30,286.45,286.75,286.25,286.25,11,0
2026-08-05 13:00:00+05:30,286.3,286.8,286.3,286.65,14,0
2026-08-05 13:15:00+05:30,286.65,287.3,286.65,287.3,47,0
2026-08-05 13:30:00+05:30,287.3,287.3,285.9,285.95,392,0
2026-08-05 13:45:00+05:30,285.95,288.0,285.45,287.9,2764,0
2026-08-05 14:00:00+05:30,287.9,287.9,286.0,286.25,20,0
2026-08-05 14:15:00+05:30,286.6,287.5,286.55,286.55,431,0
2026-08-05 14:30:00+05:30,286.55,287.45,286.55,286.65,114,0
2026-08-05 14:45:00+05:30,286.65,287.65,286.65,287.65,59,0
2026-08-05 15:00:00+05:30,287.65,287.7,285.0,285.0,5291,0
2026-08-05 15:15:00+05:30,284.9,288.8,284.9,286.5,341,0
2026-08-06 09:15:00+05:30,289.4,289.4,277.8,285.65,3411,0
2026-08-06 09:30:00+05:30,285.15,285.15,282.8,282.95,1683,0
2026-08-06 09:45:00+05:30,282.95,282.95,280.0,280.1,5574,0
2026-08-06 10:00:00+05:30,280.1,281.35,279.0,279.0,2116,0
2026-08-06 10:15:00+05:30,279.0,282.4,278.3,281.45,2409,0
2026-08-06 10:30:00+05:30,281.45,283.45,281.45,283.45,100,0
2026-08-06 10:45:00+05:30,283.45,283.45,280.1,280.1,216,0
2026-08-06 11:00:00+05:30,280.1,280.2,279.05,279.2,612,0
2026-08-06 11:15:00+05:30,279.2,280.6,279.2,280.0,51,0
2026-08-06 11:30:00+05:30,280.0,280.85,279.75,279.9,976,0
2026-08-06 11:45:00+05:30,279.9,279.9,279.75,279.9,50,0
2026-08-06 12:00:00+05:30,279.85,283.0,279.8,282.6,4559,0
2026-08-06 12:15:00+05:30,282.6,282.65,279.25,280.0,1644,0
2026-08-06 12:30:00+05:30,279.9,280.0,279.3,280.0,237,0
2026-08-06 12:45:00+05:30,280.0,280.0,279.95,280.0,64,0
2026-08-06 13:00:00+05:30,280.0,280.0,278.25,278.85,1007,0
2026-08-06 13:15:00+05:30,278.85,278.85,274.6,276.95,3809,0
2026-08-06 13:30:00+05:30,277.45,278.55,277.45,278.55,96,0
2026-08-06 13:45:00+05:30,278.55,278.55,274.1,274.9,2836,0
2026-08-06 14:00:00+05:30,274.9,275.0,274.15,274.95,5612,0
2026-08-06 14:15:00+05:30,274.85,275.0,274.8,275.0,2720,0
2026-08-06 14:30:00+05:30,275.0,275.0,269.9,270.95,6539,0
2026-08-06 14:45:00+05:30,270.95,273.85,270.95,272.4,286,0
2026-08-06 15:00:00+05:30,272.4,276.0,270.05,272.8,5472,0
2026-08-06 15:15:00+05:30,272.8,275.0,270.55,272.0,1528,0
2026-08-07 09:15:00+05:30,274.4,274.9,272.65,274.05,531,0
2026-08-07 09:30:00+05:30,273.5,276.15,273.5,275.4,704,0
2026-08-07 09:45:00+05:30,275.4,275.95,274.95,275.95,72,0
2026-08-07 10:00:00+05:30,276.15,276.75,276.15,276.2,667,0
2026-08-07 10:15:00+05:30,276.2,277.9,275.8,276.4,732,0
2026-08-07 10:30:00+05:30,276.4,276.95,276.05,276.5,177,0
2026-08-07 10:45:00+05:30,278.45,284.0,277.5,280.1,4947,0
2026-08-07 11:00:00+05:30,280.1,283.65,279.05,280.0,1144,0
2026-08-07 11:15:00+05:30,280.0,280.0,279.2,279.2,1486,0
2026-08-07 11:30:00+05:30,279.2,279.2,279.2,279.2,0,0
2026-08-07 11:45:00+05:30,279.2,279.2,270.15,274.75,6407,0
2026-08-07 12:00:00+05:30,274.75,274.75,274.35,274.35,170,0
2026-08-07 12:15:00+05:30,274.35,274.55,273.8,274.55,67,0
2026-08-07 12:30:00+05:30,274.55,279.7,274.55,279.7,2807,0
2026-08-07 12:45:00+05:30,279.7,279.7,278.0,278.0,155,0
2026-08-07 13:00:00+05:30,278.0,278.0,278.0,278.0,30,0
2026-08-07 13:15:00+05:30,278.0,278.0,278.0,278.0,99,0
2026-08-07 13:30:00+05:30,278.0,278.9,278.0,278.9,80,0
2026-08-07 13:45:00+05:30,278.9,280.0,278.9,279.95,7045,0
2026-08-07 14:00:00+05:30,279.95,279.95,279.9,279.9,55,0
2026-08-07 14:15:00+05:30,278.7,279.8,278.7,279.8,251,0
2026-08-07 14:30:00+05:30,279.8,279.9,278.45,278.45,62,0
2026-08-07 14:45:00+05:30,278.45,278.5,278.0,278.0,2390,0
2026-08-07 15:00:00+05:30,278.0,279.5,273.1,274.5,961,0
2026-08-07 15:15:00+05:30,275.2,277.0,272.0,275.6,4340,0
2026-08-10 09:15:00+05:30,275.0,279.0,275.0,275.5,1117,0
2026-08-10 09:30:00+05:30,276.0,276.0,274.35,274.35,63,0
2026-08-10 09:45:00+05:30,274.35,276.45,273.15,275.7,927,0
2026-08-10 10:00:00+05:30,275.7,275.75,274.65,274.85,273,0
2026-08-10 10:15:00+05:30,274.9,276.85,274.0,276.6,569,0
2026-08-10 10:30:00+05:30,276.6,276.6,275.7,275.8,35,0
2026-08-10 10:45:00+05:30,275.8,275.8,274.05,275.25,790,0
2026-08-10 11:00:00+05:30,275.25,276.0,275.25,276.0,130,0
2026-08-10 11:15:00+05:30,276.0,279.9,276.0,277.0,602,0
2026-08-10 11:30:00+05:30,277.0,277.35,276.75,277.35,9,0
2026-08-10 11:45:00+05:30,277.35,277.65,275.8,277.35,890,0
2026-08-10 12:00:00+05:30,277.35,277.35,277.35,277.35,0,0
2026-08-10 12:15:00+05:30,277.35,277.35,277.35,277.35,0,0
2026-08-10 12:30:00+05:30,277.35,277.35,276.95,276.95,7,0
2026-08-10 12:45:00+05:30,276.95,276.95,276.05,276.05,100,0
2026-08-10 13:00:00+05:30,276.05,277.45,276.05,277.0,240,0
2026-08-10 13:15:00+05:30,275.9,276.75,275.45,276.75,131,0
2026-08-10 13:30:00+05:30,276.75,276.75,276.75,276.75,0,0
2026-08-10 13:45:00+05:30,276.75,278.45,274.55,278.45,2635,0
2026-08-10 14:00:00+05:30,278.45,278.45,276.05,276.05,130,0
2026-08-10 14:15:00+05:30,276.05,276.05,274.0,274.0,882,0
2026-08-10 14:30:00+05:30,274.0,274.0,274.0,274.0,0,0
2026-08-10 14:45:00+05:30,274.0,274.6,273.15,273.2,1076,0
2026-08-10 15:00:00+05:30,273.2,274.9,272.5,272.55,338,0
2026-08-10 15:15:00+05:30,272.6,275.95,272.6,275.95,398,0
2026-08-11 09:15:00+05:30,275.95,276.4,274.6,274.6,176,0
2026-08-11 09:30:00+05:30,274.45,274.45,272.05,272.4,678,0
2026-08-11 09:45:00+05:30,272.4,273.05,272.4,273.05,10,0
2026-08-11 10:00:00+05:30,273.05,275.1,273.05,275.0,315,0
2026-08-11 10:15:00+05:30,275.0,275.4,274.65,274.75,275,0
2026-08-11 10:30:00+05:30,274.75,276.0,274.75,275.1,371,0
2026-08-11 10:45:00+05:30,275.1,275.6,275.1,275.6,2,0
2026-08-11 11:00:00+05:30,275.6,275.6,275.6,275.6,0,0
2026-08-11 11:15:00+05:30,275.6,275.7,275.6,275.7,10,0
2026-08-11 11:30:00+05:30,275.7,275.7,275.05,275.05,11,0
2026-08-11 11:45:00+05:30,275.05,275.05,270.3,271.65,3351,0
2026-08-11 12:00:00+05:30,271.65,271.65,270.3,271.35,141,0
2026-08-11 12:15:00+05:30,271.85,271.85,271.4,271.4,84,0
2026-08-11 12:30:00+05:30,271.4,271.95,271.4,271.95,19,0
2026-08-11 12:45:00+05:30,271.95,272.8,271.75,272.8,125,0
2026-08-11 13:00:00+05:30,272.8,272.8,272.55,272.55,64,0
2026-08-11 13:15:00+05:30,272.55,272.55,271.85,271.85,4,0
2026-08-11 13:30:00+05:30,271.85,272.55,269.5,270.0,2653,0
2026-08-11 13:45:00+05:30,270.0,270.0,269.5,269.7,550,0
2026-08-11 14:00:00+05:30,269.7,270.4,269.1,270.25,72,0
2026-08-11 14:15:00+05:30,270.25,270.25,263.95,268.4,11396,0
2026-08-11 14:30:00+05:30,267.9,268.0,266.05,266.9,251,0
2026-08-11 14:45:00+05:30,266.1,267.6,265.85,267.6,925,0
2026-08-11 15:00:00+05:30,267.6,269.9,266.3,266.3,769,0
2026-08-11 15:15:00+05:30,268.95,268.95,264.0,264.15,2026,0
2026-08-12 09:15:00+05:30,267.9,268.95,257.4,259.6,11386,0
2026-08-12 09:30:00+05:30,259.4,259.9,257.55,259.9,514,0
2026-08-12 09:45:00+05:30,259.9,261.6,257.0,258.0,4291,0
2026-08-12 10:00:00+05:30,258.0,258.4,257.0,258.1,599,0
2026-08-12 10:15:00+05:30,257.6,258.65,257.6,258.3,586,0
2026-08-12 10:30:00+05:30,258.9,258.9,257.7,257.7,3868,0
2026-08-12 10:45:00+05:30,257.7,258.75,256.05,258.0,5014,0
2026-08-12 11:00:00+05:30,258.0,258.75,257.6,258.0,3983,0
2026-08-12 11:15:00+05:30,257.05,257.75,257.05,257.75,138,0
2026-08-12 11:30:00+05:30,257.75,257.9,257.5,257.9,70,0
2026-08-12 11:45:00+05:30,257.9,258.0,257.1,257.7,117,0
2026-08-12 12:00:00+05:30,257.7,257.9,257.7,257.85,714,0
2026-08-12 12:15:00+05:30,257.9,257.9,256.85,257.85,390,0
2026-08-12 12:30:00+05:30,257.85,257.9,256.75,256.75,368,0
2026-08-12 12:45:00+05:30,257.3,258.0,257.0,257.25,2005,0
2026-08-12 13:00:00+05:30,257.25,257.25,257.1,257.1,22,0
2026-08-12 13:15:00+05:30,257.1,257.5,257.1,257.5,2,0
2026-08-12 13:30:00+05:30,257.5,258.15,257.45,257.8,815,0
2026-08-12 13:45:00+05:30,258.25,258.9,258.1,258.65,571,0
2026-08-12 14:00:00+05:30,257.65,258.8,257.1,257.5,241,0
2026-08-12 14:15:00+05:30,257.5,257.5,256.3,257.3,947,0
2026-08-12 14:30:00+05:30,257.3,257.5,256.4,256.4,75,0
2026-08-12 14:45:00+05:30,256.75,256.75,255.0,256.0,935,0
2026-08-12 15:00:00+05:30,256.0,256.0,254.0,254.0,1498,0
2026-08-12 15:15:00+05:30,255.75,255.75,250.0,251.65,7525,0
2026-08-13 09:15:00+05:30,252.95,252.95,251.0,251.8,1043,0
2026-08-13 09:30:00+05:30,251.8,253.0,250.55,252.15,1644,0
2026-08-13 09:45:00+05:30,253.1,257.4,253.1,256.45,3346,0
2026-08-13 10:00:00+05:30,256.45,257.1,255.75,256.0,160,0
2026-08-13 10:15:00+05:30,256.0,257.3,255.5,255.5,289,0
2026-08-13 10:30:00+05:30,255.5,257.55,255.0,257.0,384,0
2026-08-13 10:45:00+05:30,257.0,258.0,257.0,257.75,107,0
2026-08-13 11:00:00+05:30,257.75,259.15,257.0,257.0,1044,0
2026-08-13 11:15:00+05:30,257.0,257.0,257.0,257.0,0,0
2026-08-13 11:30:00+05:30,257.1,257.1,250.0,251.25,19393,0
2026-08-13 11:45:00+05:30,250.85,251.55,250.85,251.55,190,0
2026-08-13 12:00:00+05:30,251.55,252.25,251.4,252.25,208,0
2026-08-13 12:15:00+05:30,252.25,252.25,250.0,250.55,635,0
2026-08-13 12:30:00+05:30,250.55,253.0,250.2,252.4,3441,0
2026-08-13 12:45:00+05:30,252.4,253.0,252.4,252.5,355,0
2026-08-13 13:00:00+05:30,252.5,252.5,252.0,252.0,1522,0
2026-08-13 13:15:00+05:30,252.0,252.5,252.0,252.5,236,0
2026-08-13 13:30:00+05:30,252.5,257.4,252.05,253.85,3228,0
2026-08-13 13:45:00+05:30,253.85,256.0,253.8,255.0,1301,0
2026-08-13 14:00:00+05:30,255.0,256.0,254.0,256.0,2019,0
2026-08-13 14:15:00+05:30,256.0,256.0,254.05,254.05,127,0
2026-08-13 14:30:00+05:30,254.05,254.15,254.0,254.05,101,0
2026-08-13 14:45:00+05:30,254.05,254.25,253.0,253.0,1196,0
2026-08-13 15:00:00+05:30,253.0,257.95,253.0,253.0,1210,0
2026-08-13 15:15:00+05:30,254.8,259.0,252.15,253.3,2859,0
2026-08-14 09:15:00+05:30,254.7,255.95,251.05,253.65,1082,0
2026-08-14 09:30:00+05:30,253.65,254.45,253.45,254.45,128,0
2026-08-14 09:45:00+05:30,254.45,254.5,253.35,253.7,677,0
2026-08-14 10:00:00+05:30,253.7,254.1,252.0,253.0,2238,0
2026-08-14 10:15:00+05:30,253.0,253.0,252.0,252.8,594,0
2026-08-14 10:30:00+05:30,252.8,253.0,252.0,252.55,253,0
2026-08-14 10:45:00+05:30,252.1,252.1,252.1,252.1,4,0
2026-08-14 11:00:00+05:30,252.1,252.55,252.0,252.2,13,0
2026-08-14 11:15:00+05:30,252.2,252.8,252.2,252.8,35,0
2026-08-14 11:30:00+05:30,252.8,253.45,252.7,253.45,324,0
2026-08-14 11:45:00+05:30,253.45,253.45,252.0,252.0,741,0
2026-08-14 12:00:00+05:30,252.0,252.85,252.0,252.0,1024,0
2026-08-14 12:15:00+05:30,252.0,252.95,252.0,252.95,73,0
2026-08-14 12:30:00+05:30,252.95,254.0,252.0,252.85,4900,0
2026-08-14 12:45:00+05:30,252.85,252.85,252.85,252.85,0,0
2026-08-14 13:00:00+05:30,252.85,252.85,252.85,252.85,0,0
2026-08-14 13:15:00+05:30,252.85,255.65,252.85,255.0,3019,0
2026-08-14 13:30:00+05:30,255.0,258.2,254.05,257.25,7487,0
2026-08-14 13:45:00+05:30,257.25,265.4,257.25,261.5,9146,0
2026-08-14 14:00:00+05:30,262.15,267.85,259.0,259.35,11944,0
2026-08-14 14:15:00+05:30,259.9,259.95,259.0,259.2,597,0
2026-08-14 14:30:00+05:30,259.2,259.95,259.0,259.6,606,0
2026-08-14 14:45:00+05:30,259.6,259.6,257.05,259.0,3657,0
2026-08-14 15:00:00+05:30,257.85,262.0,256.7,257.85,5606,0
2026-08-14 15:15:00+05:30,257.75,264.85,256.05,256.05,2032,0
2026-08-17 09:15:00+05:30,255.7,266.85,255.7,257.5,1536,0
2026-08-17 09:30:00+05:30,257.5,257.9,256.1,256.9,321,0
2026-08-17 09:45:00+05:30,256.9,256.95,256.3,256.3,409,0
2026-08-17 10:00:00+05:30,255.8,256.0,255.05,256.0,566,0
2026-08-17 10:15:00+05:30,256.2,256.2,253.5,253.5,496,0
2026-08-17 10:30:00+05:30,253.5,254.45,251.2,253.95,1659,0
2026-08-17 10:45:00+05:30,253.95,253.95,253.45,253.45,31,0
2026-08-17 11:00:00+05:30,253.45,253.45,251.65,251.65,779,0
2026-08-17 11:15:00+05:30,252.55,252.55,252.35,252.35,2,0
2026-08-17 11:30:00+05:30,251.65,251.65,250.1,250.55,2250,0
2026-08-17 11:45:00+05:30,250.55,252.0,250.5,251.65,1144,0
2026-08-17 12:00:00+05:30,251.7,252.45,250.55,250.55,628,0
2026-08-17 12:15:00+05:30,250.55,251.85,250.55,251.85,432,0
2026-08-17 12:30:00+05:30,251.85,252.0,251.0,251.0,877,0
2026-08-17 12:45:00+05:30,251.0,251.5,251.0,251.5,60,0
2026-08-17 13:00:00+05:30,251.5,251.5,251.0,251.0,639,0
2026-08-17 13:15:00+05:30,251.0,251.85,250.5,250.5,195,0
2026-08-17 13:30:00+05:30,250.5,250.75,250.5,250.5,46,0
2026-08-17 13:45:00+05:30,250.5,250.7,250.25,250.3,649,0
2026-08-17 14:00:00+05:30,250.3,253.1,250.3,253.0,5770,0
2026-08-17 14:15:00+05:30,254.0,254.7,251.65,254.7,5054,0
2026-08-17 14:30:00+05:30,254.7,256.45,254.0,255.1,1868,0
2026-08-17 14:45:00+05:30,255.1,258.75,255.0,256.0,1613,0
2026-08-17 15:00:00+05:30,256.0,257.8,256.0,256.0,1804,0
2026-08-17 15:15:00+05:30,256.0,257.5,254.0,255.0,2807,0
2026-08-18 09:15:00+05:30,252.25,254.95,250.8,253.85,2807,0
2026-08-18 09:30:00+05:30,253.55,253.55,251.75,252.45,1850,0
2026-08-18 09:45:00+05:30,252.45,255.45,252.35,254.75,1903,0
2026-08-18 10:00:00+05:30,254.75,254.75,252.5,254.0,539,0
2026-08-18 10:15:00+05:30,254.0,254.0,252.9,252.9,21,0
2026-08-18 10:30:00+05:30,252.9,253.95,252.9,253.2,76,0
2026-08-18 10:45:00+05:30,253.2,254.0,253.1,253.1,59,0
2026-08-18 11:00:00+05:30,253.1,253.25,252.1,252.55,181,0
2026-08-18 11:15:00+05:30,252.55,252.55,252.55,252.55,0,0
2026-08-18 11:30:00+05:30,252.55,252.9,250.1,250.95,1499,0
2026-08-18 11:45:00+05:30,250.95,252.5,250.95,252.5,132,0
2026-08-18 12:00:00+05:30,252.5,252.5,251.5,251.85,50,0
2026-08-18 12:15:00+05:30,251.85,253.95,251.85,252.15,394,0
2026-08-18 12:30:00+05:30,252.15,253.1,251.55,251.55,233,0
2026-08-18 12:45:00+05:30,252.4,252.4,252.0,252.15,44,0
2026-08-18 13:00:00+05:30,252.15,252.15,252.15,252.15,0,0
2026-08-18 13:15:00+05:30,252.15,252.65,252.15,252.65,16,0
2026-08-18 13:30:00+05:30,252.65,252.65,252.25,252.25,100,0
2026-08-18 13:45:00+05:30,252.25,252.7,251.1,251.1,1169,0
2026-08-18 14:00:00+05:30,251.1,252.05,251.1,252.05,21,0
2026-08-18 14:15:00+05:30,252.05,252.05,251.95,252.05,56,0
2026-08-18 14:30:00+05:30,252.05,252.5,252.05,252.5,5,0
2026-08-18 14:45:00+05:30,252.5,252.55,252.4,252.45,183,0
2026-08-18 15:00:00+05:30,252.45,254.55,251.0,251.0,1597,0
2026-08-18 15:15:00+05:30,251.35,253.9,251.15,253.9,598,0
2026-08-19 09:15:00+05:30,252.0,254.0,251.55,252.5,2215,0
2026-08-19 09:30:00+05:30,252.5,253.75,252.5,252.5,991,0
2026-08-19 09:45:00+05:30,252.5,253.1,252.5,252.5,440,0
2026-08-19 10:00:00+05:30,252.5,252.65,252.05,252.5,441,0
2026-08-19 10:15:00+05:30,252.5,252.95,252.05,252.1,483,0
2026-08-19 10:30:00+05:30,252.1,252.1,252.1,252.1,155,0
2026-08-19 10:45:00+05:30,252.1,253.4,251.25,252.45,2206,0
2026-08-19 11:00:00+05:30,252.3,252.75,252.3,252.65,351,0
2026-08-19 11:15:00+05:30,252.65,252.7,252.65,252.7,25,0
2026-08-19 11:30:00+05:30,252.7,252.7,252.7,252.7,2,0
2026-08-19 11:45:00+05:30,252.7,252.7,252.7,252.7,4,0
2026-08-19 12:00:00+05:30,252.7,252.75,252.55,252.55,58,0
2026-08-19 12:15:00+05:30,252.55,253.0,246.3,250.65,6465,0
2026-08-19 12:30:00+05:30,250.65,251.9,250.0,251.45,871,0
2026-08-19 12:45:00+05:30,251.45,252.8,250.25,252.8,328,0
2026-08-19 13:00:00+05:30,252.8,252.8,252.35,252.45,309,0
2026-08-19 13:15:00+05:30,252.45,253.0,252.45,253.0,1,0
2026-08-19 13:30:00+05:30,253.0,253.35,252.65,252.65,50,0
2026-08-19 13:45:00+05:30,252.65,253.45,251.25,252.85,1201,0
2026-08-19 14:00:00+05:30,254.2,257.0,253.25,255.35,5106,0
2026-08-19 14:15:00+05:30,255.35,258.4,253.2,253.2,4352,0
2026-08-19 14:30:00+05:30,253.2,255.45,253.2,255.45,93,0
2026-08-19 14:45:00+05:30,255.9,256.9,251.55,253.2,3872,0
2026-08-19 15:00:00+05:30,253.2,254.8,251.7,251.7,3716,0
2026-08-19 15:15:00+05:30,251.7,252.1,250.25,252.0,2135,0
2026-08-20 09:15:00+05:30,252.35,254.7,251.6,253.3,679,0
2026-08-20 09:30:00+05:30,253.3,254.35,252.3,252.65,415,0
2026-08-20 09:45:00+05:30,253.35,254.4,252.55,253.05,744,0
2026-08-20 10:00:00+05:30,253.05,254.95,252.7,254.25,2047,0
2026-08-20 10:15:00+05:30,254.25,254.25,253.15,253.95,177,0
2026-08-20 10:30:00+05:30,254.4,254.7,253.55,253.55,134,0
2026-08-20 10:45:00+05:30,253.55,254.9,253.1,254.9,668,0
2026-08-20 11:00:00+05:30,254.9,254.95,253.6,253.65,352,0
2026-08-20 11:15:00+05:30,253.65,253.65,253.65,253.65,0,0
2026-08-20 11:30:00+05:30,253.65,253.65,253.65,253.65,0,0
2026-08-20 11:45:00+05:30,253.65,255.35,253.65,255.35,99,0
2026-08-20 12:00:00+05:30,254.8,255.3,253.7,254.15,153,0
2026-08-20 12:15:00+05:30,254.15,254.15,254.15,254.15,0,0
2026-08-20 12:30:00+05:30,254.15,254.35,253.9,254.35,45,0
2026-08-20 12:45:00+05:30,255.0,255.0,254.75,254.75,6,0
2026-08-20 13:00:00+05:30,254.75,255.8,254.05,254.05,226,0
2026-08-20 13:15:00+05:30,254.05,254.95,253.6,253.6,210,0
2026-08-20 13:30:00+05:30,253.6,254.05,252.0,252.0,1159,0
2026-08-20 13:45:00+05:30,252.0,252.15,250.25,250.35,6738,0
2026-08-20 14:00:00+05:30,251.45,253.4,250.9,253.4,733,0
2026-08-20 14:15:00+05:30,252.7,253.5,252.0,252.0,422,0
2026-08-20 14:30:00+05:30,252.0,252.0,251.3,252.0,51,0
2026-08-20 14:45:00+05:30,252.0,252.65,252.0,252.15,50,0
2026-08-20 15:00:00+05:30,252.6,254.0,252.0,253.45,1505,0
2026-08-20 15:15:00+05:30,253.45,253.45,252.1,252.45,3034,0
2026-08-21 09:15:00+05:30,253.85,254.35,252.1,252.8,596,0
2026-08-21 09:30:00+05:30,252.25,253.7,249.6,252.6,3457,0
2026-08-21 09:45:00+05:30,252.6,254.0,252.6,254.0,224,0
2026-08-21 10:00:00+05:30,254.0,254.35,254.0,254.35,11,0
2026-08-21 10:15:00+05:30,254.35,254.35,253.1,253.1,1452,0
2026-08-21 10:30:00+05:30,253.8,253.95,253.8,253.95,100,0
2026-08-21 10:45:00+05:30,253.95,253.95,253.9,253.9,2,0
2026-08-21 11:00:00+05:30,253.9,253.9,253.9,253.9,0,0
2026-08-21 11:15:00+05:30,253.9,255.15,253.3,254.1,1269,0
2026-08-21 11:30:00+05:30,255.0,256.05,255.0,255.0,385,0
2026-08-21 11:45:00+05:30,255.0,255.0,255.0,255.0,0,0
2026-08-21 12:00:00+05:30,255.0,255.5,254.75,254.95,120,0
2026-08-21 12:15:00+05:30,254.95,255.95,254.4,254.85,275,0
2026-08-21 12:30:00+05:30,254.85,254.85,252.05,252.05,5237,0
2026-08-21 12:45:00+05:30,252.05,252.85,251.6,251.6,110,0
2026-08-21 13:00:00+05:30,251.6,251.6,251.6,251.6,0,0
2026-08-21 13:15:00+05:30,251.6,251.6,251.6,251.6,0,0
2026-08-21 13:30:00+05:30,251.6,253.25,251.6,252.65,111,0
2026-08-21 13:45:00+05:30,252.65,252.65,252.25,252.25,14,0
2026-08-21 14:00:00+05:30,252.25,252.3,252.25,252.3,27,0
2026-08-21 14:15:00+05:30,252.3,252.4,251.1,252.4,1601,0
2026-08-21 14:30:00+05:30,252.4,252.95,251.3,251.35,273,0
2026-08-21 14:45:00+05:30,251.35,252.95,251.35,251.45,110,0
2026-08-21 15:00:00+05:30,251.45,252.6,251.1,251.15,1651,0
2026-08-21 15:15:00+05:30,251.65,252.7,251.65,252.7,947,0
2026-08-24 09:15:00+05:30,251.7,254.9,251.7,254.1,400,0
2026-08-24 09:30:00+05:30,254.1,255.75,254.1,254.1,1109,0
2026-08-24 09:45:00+05:30,254.1,255.5,254.1,255.4,704,0
2026-08-24 10:00:00+05:30,254.65,255.35,254.15,254.25,262,0
2026-08-24 10:15:00+05:30,254.25,256.45,254.25,255.8,1283,0
2026-08-24 10:30:00+05:30,256.4,259.05,255.55,255.8,1105,0
2026-08-24 10:45:00+05:30,255.8,258.25,255.55,257.4,2982,0
2026-08-24 11:00:00+05:30,257.4,257.6,257.05,257.05,74,0
2026-08-24 11:15:00+05:30,257.05,259.45,257.05,258.4,912,0
2026-08-24 11:30:00+05:30,258.4,258.4,258.4,258.4,2,0
2026-08-24 11:45:00+05:30,258.4,264.7,257.15,259.85,3314,0
2026-08-24 12:00:00+05:30,259.85,259.85,259.85,259.85,0,0
2026-08-24 12:15:00+05:30,259.85,259.85,258.1,258.45,28,0
2026-08-24 12:30:00+05:30,258.45,258.45,255.2,255.2,2186,0
2026-08-24 12:45:00+05:30,255.2,256.1,255.2,255.35,247,0
2026-08-24 13:00:00+05:30,255.35,256.4,255.35,255.9,76,0
2026-08-24 13:15:00+05:30,255.9,255.9,255.9,255.9,0,0
2026-08-24 13:30:00+05:30,255.9,256.6,255.2,255.2,199,0
2026-08-24 13:45:00+05:30,255.2,255.5,254.1,254.1,3797,0
2026-08-24 14:00:00+05:30,254.1,255.45,254.1,255.45,292,0
2026-08-24 14:15:00+05:30,255.45,256.9,252.1,253.0,9805,0
2026-08-24 14:30:00+05:30,253.0,253.0,248.0,249.1,38124,0
2026-08-24 14:45:00+05:30,249.05,250.0,244.0,245.0,14381,0
2026-08-24 15:00:00+05:30,244.85,245.0,235.0,240.0,37828,0
2026-08-24 15:15:00+05:30,239.15,240.0,235.0,235.2,20669,0
2026-08-25 09:15:00+05:30,241.4,241.4,235.55,238.0,6831,0
2026-08-25 09:30:00+05:30,238.0,239.7,238.0,239.0,2172,0
2026-08-25 09:45:00+05:30,239.0,239.0,238.55,238.6,685,0
2026-08-25 10:00:00+05:30,238.6,249.75,238.55,242.9,22557,0
2026-08-25 10:15:00+05:30,243.45,244.7,239.35,240.9,2369,0
2026-08-25 10:30:00+05:30,240.95,242.35,240.85,240.95,529,0
2026-08-25 10:45:00+05:30,240.95,243.25,240.95,241.7,2740,0
2026-08-25 11:00:00+05:30,241.7,243.0,241.2,242.05,1203,0
2026-08-25 11:15:00+05:30,241.4,244.25,240.85,244.25,4593,0
2026-08-25 11:30:00+05:30,243.0,244.9,241.9,243.05,2277,0
2026-08-25 11:45:00+05:30,243.05,246.15,242.35,243.75,6929,0
2026-08-25 12:00:00+05:30,243.75,246.4,242.0,243.2,3128,0
2026-08-25 12:15:00+05:30,243.95,244.25,242.65,243.4,1349,0
2026-08-25 12:30:00+05:30,243.4,244.2,242.7,243.25,288,0
2026-08-25 12:45:00+05:30,242.7,244.2,241.6,242.85,1879,0
2026-08-25 13:00:00+05:30,242.85,242.85,242.85,242.85,0,0
2026-08-25 13:15:00+05:30,242.85,243.45,242.85,243.45,64,0
2026-08-25 13:30:00+05:30,242.9,246.0,242.55,245.0,4164,0
2026-08-25 13:45:00+05:30,245.85,255.8,242.8,247.45,29691,0
2026-08-25 14:00:00+05:30,246.95,256.45,240.6,240.6,30061,0
2026-08-25 14:15:00+05:30,240.75,242.9,238.0,242.0,14254,0
2026-08-25 14:30:00+05:30,242.0,243.0,238.45,240.0,8732,0
2026-08-25 14:45:00+05:30,240.0,240.35,239.05,239.95,2567,0
2026-08-25 15:00:00+05:30,240.2,241.0,239.05,240.0,4241,0
2026-08-25 15:15:00+05:30,240.05,249.0,240.0,242.4,18386,0
2026-08-26 09:15:00+05:30,245.0,278.4,245.0,272.35,484800,0
2026-08-26 09:30:00+05:30,272.15,275.45,258.75,260.4,825787,0
2026-08-26 09:45:00+05:30,260.5,261.0,251.2,253.6,523546,0
2026-08-26 10:00:00+05:30,253.45,258.5,252.25,256.5,201161,0
2026-08-26 10:15:00+05:30,257.0,261.45,251.25,251.55,410428,0
2026-08-26 10:30:00+05:30,251.95,252.8,245.5,248.15,302056,0
2026-08-26 10:45:00+05:30,248.25,253.0,248.15,251.35,172502,0
2026-08-26 11:00:00+05:30,251.05,251.25,249.0,249.65,66898,0
2026-08-26 11:15:00+05:30,249.65,250.0,236.3,243.25,351818,0
2026-08-26 11:30:00+05:30,243.0,244.6,240.25,242.7,139196,0
2026-08-26 11:45:00+05:30,243.0,243.5,240.15,242.65,96900,0
2026-08-26 12:00:00+05:30,242.6,243.05,241.1,241.55,35664,0
2026-08-26 12:15:00+05:30,241.55,247.4,241.5,245.4,121307,0
2026-08-26 12:30:00+05:30,245.4,246.0,242.15,244.1,66027,0
2026-08-26 12:45:00+05:30,244.4,245.95,241.05,243.75,75782,0
2026-08-26 13:00:00+05:30,243.5,244.8,241.85,243.75,62753,0
2026-08-26 13:15:00+05:30,243.8,244.35,243.0,243.9,16325,0
2026-08-26 13:30:00+05:30,243.8,245.5,243.0,243.7,44457,0
2026-08-26 13:45:00+05:30,243.7,244.7,242.1,244.45,45589,0
2026-08-26 14:00:00+05:30,243.85,244.0,241.1,242.0,47741,0
2026-08-26 14:15:00+05:30,242.1,242.9,237.6,239.1,106496,0
2026-08-26 14:30:00+05:30,239.6,239.8,235.25,238.4,133510,0
2026-08-26 14:45:00+05:30,238.2,241.35,238.2,241.0,78315,0
2026-08-26 15:00:00+05:30,241.0,245.65,235.6,238.45,219151,0
2026-08-26 15:15:00+05:30,238.55,239.05,223.4,230.2,337860,0
2026-08-27 09:15:00+05:30,233.0,243.65,230.0,233.6,362711,0
2026-08-27 09:30:00+05:30,233.9,235.8,232.35,233.6,23558,0
2026-08-27 09:45:00+05:30,233.45,233.7,232.15,233.3,11525,0
2026-08-27 10:00:00+05:30,233.3,234.85,232.9,234.5,13034,0
2026-08-27 10:15:00+05:30,234.5,234.85,232.7,233.45,11549,0
2026-08-27 10:30:00+05:30,233.45,233.85,233.0,233.0,3247,0
2026-08-27 10:45:00+05:30,233.0,234.4,232.8,233.6,1851,0
2026-08-27 11:00:00+05:30,233.6,233.8,233.0,233.4,4315,0
2026-08-27 11:15:00+05:30,233.4,233.8,232.8,233.05,3446,0
2026-08-27 11:30:00+05:30,233.5,236.7,232.25,233.75,10492,0
2026-08-27 11:45:00+05:30,233.75,234.5,232.9,233.4,6070,0
2026-08-27 12:00:00+05:30,233.4,234.75,233.4,234.1,10673,0
2026-08-27 12:15:00+05:30,234.45,237.85,233.8,234.45,32106,0
2026-08-27 12:30:00+05:30,234.85,236.05,234.45,235.6,3475,0
2026-08-27 12:45:00+05:30,235.7,235.95,234.2,235.5,2013,0
2026-08-27 13:00:00+05:30,235.65,236.05,233.0,234.9,13238,0
2026-08-27 13:15:00+05:30,235.0,235.65,234.0,235.2,3578,0
2026-08-27 13:30:00+05:30,235.2,235.2,233.2,234.15,3348,0
2026-08-27 13:45:00+05:30,234.5,241.6,234.5,235.65,16185,0
2026-08-27 14:00:00+05:30,235.65,235.65,234.0,234.8,2815,0
2026-08-27 14:15:00+05:30,234.8,235.6,234.5,234.65,1360,0
2026-08-27 14:30:00+05:30,235.0,235.4,232.15,233.85,10821,0
2026-08-27 14:45:00+05:30,233.95,234.5,233.15,233.45,12750,0
2026-08-27 15:00:00+05:30,233.45,233.5,233.0,233.0,14479,0
2026-08-27 15:15:00+05:30,233.0,233.0,230.0,230.0,38976,0
2026-08-28 09:15:00+05:30,232.95,233.25,226.0,227.05,22657,0
2026-08-28 09:30:00+05:30,227.0,227.15,223.95,225.35,22283,0
2026-08-28 09:45:00+05:30,225.6,226.5,224.5,224.6,10453,0
2026-08-28 10:00:00+05:30,224.6,224.95,224.05,224.55,3930,0
2026-08-28 10:15:00+05:30,224.55,225.0,218.7,219.55,56600,0
2026-08-28 10:30:00+05:30,219.95,221.95,218.65,220.65,26034,0
2026-08-28 10:45:00+05:30,220.75,220.8,218.05,218.8,29492,0
2026-08-28 11:00:00+05:30,219.2,219.5,218.7,219.4,3317,0
2026-08-28 11:15:00+05:30,219.4,221.7,219.4,221.05,9806,0
2026-08-28 11:30:00+05:30,221.25,222.45,220.5,220.55,9297,0
2026-08-28 11:45:00+05:30,221.25,222.4,220.2,221.1,6588,0
2026-08-28 12:00:00+05:30,221.15,223.35,221.1,222.3,5786,0
2026-08-28 12:15:00+05:30,222.55,224.4,222.5,224.0,7150,0
2026-08-28 12:30:00+05:30,224.35,230.15,224.0,225.7,47755,0
2026-08-28 12:45:00+05:30,225.6,227.2,225.05,225.55,7444,0
2026-08-28 13:00:00+05:30,225.85,225.9,225.0,225.55,2131,0
2026-08-28 13:15:00+05:30,225.6,226.0,225.0,225.0,2779,0
2026-08-28 13:30:00+05:30,225.0,226.4,223.6,226.0,8347,0
2026-08-28 13:45:00+05:30,226.0,226.05,224.35,225.6,6485,0
2026-08-28 14:00:00+05:30,225.65,228.7,223.0,225.1,29751,0
2026-08-28 14:15:00+05:30,225.15,225.45,222.4,223.0,15988,0
2026-08-28 14:30:00+05:30,222.95,224.45,222.55,223.95,3510,0
2026-08-28 14:45:00+05:30,223.95,223.95,222.55,223.55,2568,0
2026-08-28 15:00:00+05:30,223.55,224.75,223.05,224.3,5062,0
2026-08-28 15:15:00+05:30,224.1,224.55,221.5,222.05,16897,0
2026-08-31 09:15:00+05:30,225.35,226.5,223.0,223.6,14988,0
2026-08-31 09:30:00+05:30,223.55,225.35,223.5,224.0,4858,0
2026-08-31 09:45:00+05:30,223.95,224.0,222.0,223.0,6183,0
2026-08-31 10:00:00+05:30,223.0,223.45,221.4,221.4,5627,0
2026-08-31 10:15:00+05:30,221.75,222.0,220.1,220.95,2858,0
2026-08-31 10:30:00+05:30,220.5,221.05,219.15,221.05,5744,0
2026-08-31 10:45:00+05:30,221.05,222.4,220.55,222.4,1292,0
2026-08-31 11:00:00+05:30,222.4,222.9,221.8,222.5,1855,0
2026-08-31 11:15:00+05:30,222.5,223.0,221.8,222.95,1299,0
2026-08-31 11:30:00+05:30,222.95,223.0,221.4,222.5,2742,0
2026-08-31 11:45:00+05:30,222.4,222.65,222.05,222.6,1231,0
2026-08-31 12:00:00+05:30,223.1,224.2,222.5,223.6,1815,0
2026-08-31 12:15:00+05:30,223.7,224.7,223.1,223.9,2757,0
2026-08-31 12:30:00+05:30,223.9,223.9,223.3,223.45,863,0
2026-08-31 12:45:00+05:30,223.45,223.95,221.1,222.25,4612,0
2026-08-31 13:00:00+05:30,222.25,222.25,220.5,221.6,3233,0
2026-08-31 13:15:00+05:30,221.6,222.15,221.35,222.0,917,0
2026-08-31 13:30:00+05:30,222.0,222.0,221.75,221.75,25,0
2026-08-31 13:45:00+05:30,221.75,222.0,221.5,222.0,230,0
2026-08-31 14:00:00+05:30,222.05,222.4,221.75,222.25,443,0
2026-08-31 14:15:00+05:30,222.25,222.95,221.8,222.6,1380,0
2026-08-31 14:30:00+05:30,222.6,222.7,222.1,222.7,268,0
2026-08-31 14:45:00+05:30,222.7,223.35,222.0,222.8,1780,0
2026-08-31 15:00:00+05:30,222.8,224.5,222.1,224.5,3508,0
2026-08-31 15:15:00+05:30,224.5,229.3,224.0,225.3,185478,0
2026-09-01 09:15:00+05:30,228.64,228.64,224.58,227.0,6644,0
2026-09-01 09:30:00+05:30,227.0,227.0,225.7,225.7,894,0
2026-09-01 09:45:00+05:30,225.7,225.7,222.77,223.93,7252,0
2026-09-01 10:00:00+05:30,223.93,224.69,221.61,223.0,7314,0
2026-09-01 10:15:00+05:30,223.0,225.29,222.45,224.95,5166,0
2026-09-01 10:30:00+05:30,224.54,226.28,224.07,225.43,5954,0
2026-09-01 10:45:00+05:30,225.43,226.01,224.26,225.39,4930,0
2026-09-01 11:00:00+05:30,225.71,226.12,225.46,226.11,599,0
2026-09-01 11:15:00+05:30,226.11,226.11,225.05,225.23,677,0
2026-09-01 11:30:00+05:30,225.23,225.68,224.26,224.78,1435,0
2026-09-01 11:45:00+05:30,224.78,225.02,224.5,224.5,583,0
2026-09-01 12:00:00+05:30,224.5,225.14,224.5,224.94,211,0
2026-09-01 12:15:00+05:30,224.94,225.1,224.51,225.1,420,0
2026-09-01 12:30:00+05:30,225.1,225.13,224.5,225.13,327,0
2026-09-01 12:45:00+05:30,225.13,226.93,224.71,226.86,3398,0
2026-09-01 13:00:00+05:30,226.48,230.09,226.0,228.2,14285,0
2026-09-01 13:15:00+05:30,228.21,229.94,227.86,228.46,5470,0
2026-09-01 13:30:00+05:30,228.27,228.27,226.56,226.66,3705,0
2026-09-01 13:45:00+05:30,226.66,226.8,226.1,226.66,757,0
2026-09-01 14:00:00+05:30,226.26,226.66,226.1,226.55,709,0
2026-09-01 14:15:00+05:30,226.17,226.63,226.1,226.59,458,0
2026-09-01 14:30:00+05:30,226.59,227.15,226.1,226.7,985,0
2026-09-01 14:45:00+05:30,226.2,227.89,226.1,227.86,424,0
2026-09-01 15:00:00+05:30,227.36,228.95,226.2,227.63,8918,0
2026-09-01 15:15:00+05:30,227.02,231.0,226.6,231.0,9299,0
2026-09-02 09:15:00+05:30,227.44,230.99,225.55,228.3,8444,0
2026-09-02 09:30:00+05:30,227.71,231.0,227.26,230.81,5335,0
2026-09-02 09:45:00+05:30,230.53,231.59,229.61,230.47,4158,0
2026-09-02 10:00:00+05:30,230.99,236.0,230.48,234.0,12616,0
2026-09-02 10:15:00+05:30,234.55,237.45,234.13,237.45,6735,0
2026-09-02 10:30:00+05:30,236.16,238.33,234.02,235.0,15278,0
2026-09-02 10:45:00+05:30,235.0,235.73,231.82,235.0,10330,0
2026-09-02 11:00:00+05:30,235.03,235.78,234.21,234.99,2327,0
2026-09-02 11:15:00+05:30,235.02,236.24,234.41,235.81,6412,0
2026-09-02 11:30:00+05:30,235.81,237.0,231.46,232.55,99035,0
2026-09-02 11:45:00+05:30,232.04,232.12,229.5,229.89,14323,0
2026-09-02 12:00:00+05:30,229.76,231.19,228.12,229.59,15732,0
2026-09-02 12:15:00+05:30,229.41,230.79,228.89,230.79,8914,0
2026-09-02 12:30:00+05:30,230.68,230.68,230.11,230.49,667,0
2026-09-02 12:45:00+05:30,230.48,231.99,229.41,230.63,6959,0
2026-09-02 13:00:00+05:30,231.1,234.89,230.66,232.36,9085,0
2026-09-02 13:15:00+05:30,232.36,232.95,231.54,231.87,2320,0
2026-09-02 13:30:00+05:30,232.3,232.95,230.0,232.01,5792,0
2026-09-02 13:45:00+05:30,232.01,232.32,231.26,231.57,2301,0
2026-09-02 14:00:00+05:30,231.57,232.19,231.22,232.18,1210,0
2026-09-02 14:15:00+05:30,232.18,232.76,231.01,231.6,1702,0
2026-09-02 14:30:00+05:30,231.6,234.91,231.52,234.31,5031,0
2026-09-02 14:45:00+05:30,234.72,234.9,234.0,234.45,3776,0
2026-09-02 15:00:00+05:30,234.88,235.2,232.11,232.88,10190,0
2026-09-02 15:15:00+05:30,233.63,233.99,231.12,232.85,8780,0
2026-09-03 09:15:00+05:30,234.47,236.0,230.0,232.29,19304,0
2026-09-03 09:30:00+05:30,232.0,234.5,231.01,233.88,8536,0
2026-09-03 09:45:00+05:30,234.0,234.0,232.41,232.49,3082,0
2026-09-03 10:00:00+05:30,232.21,232.85,230.84,231.96,10028,0
2026-09-03 10:15:00+05:30,231.96,233.17,231.96,233.17,2227,0
2026-09-03 10:30:00+05:30,233.3,236.0,233.03,235.03,12560,0
2026-09-03 10:45:00+05:30,234.4,236.0,234.22,235.0,8924,0
2026-09-03 11:00:00+05:30,235.01,235.01,234.06,234.06,1245,0
2026-09-03 11:15:00+05:30,234.06,235.04,234.0,235.04,854,0
2026-09-03 11:30:00+05:30,234.9,235.78,234.51,235.68,1820,0
2026-09-03 11:45:00+05:30,235.27,235.75,235.0,235.0,2519,0
2026-09-03 12:00:00+05:30,235.75,236.0,235.0,235.01,5456,0
2026-09-03 12:15:00+05:30,235.3,235.58,234.49,234.49,3076,0
2026-09-03 12:30:00+05:30,234.49,235.12,234.0,234.61,4998,0
2026-09-03 12:45:00+05:30,234.61,234.98,234.3,234.83,232,0
2026-09-03 13:00:00+05:30,234.58,234.63,233.51,233.96,6239,0
2026-09-03 13:15:00+05:30,233.96,234.99,233.56,234.87,1694,0
2026-09-03 13:30:00+05:30,234.43,234.52,231.15,232.19,7628,0
2026-09-03 13:45:00+05:30,232.36,232.5,231.73,231.73,2421,0
2026-09-03 14:00:00+05:30,232.21,233.5,232.16,233.0,10718,0
2026-09-03 14:15:00+05:30,233.5,233.5,232.5,233.0,4542,0
2026-09-03 14:30:00+05:30,233.15,233.49,232.75,233.2,2807,0
2026-09-03 14:45:00+05:30,233.13,235.12,233.0,234.47,10432,0
2026-09-03 15:00:00+05:30,234.99,235.0,232.2,232.2,6825,0
2026-09-03 15:15:00+05:30,232.41,235.0,232.0,235.0,17416,0
